
 /----------------------------------------------------------------------------\
 |                                                                            |
 |  yosys -- Yosys Open SYnthesis Suite                                       |
 |                                                                            |
 |  Copyright (C) 2012 - 2020  Claire Xenia Wolf <claire@yosyshq.com>         |
 |                                                                            |
 |  Permission to use, copy, modify, and/or distribute this software for any  |
 |  purpose with or without fee is hereby granted, provided that the above    |
 |  copyright notice and this permission notice appear in all copies.         |
 |                                                                            |
 |  THE SOFTWARE IS PROVIDED "AS IS" AND THE AUTHOR DISCLAIMS ALL WARRANTIES  |
 |  WITH REGARD TO THIS SOFTWARE INCLUDING ALL IMPLIED WARRANTIES OF          |
 |  MERCHANTABILITY AND FITNESS. IN NO EVENT SHALL THE AUTHOR BE LIABLE FOR   |
 |  ANY SPECIAL, DIRECT, INDIRECT, OR CONSEQUENTIAL DAMAGES OR ANY DAMAGES    |
 |  WHATSOEVER RESULTING FROM LOSS OF USE, DATA OR PROFITS, WHETHER IN AN     |
 |  ACTION OF CONTRACT, NEGLIGENCE OR OTHER TORTIOUS ACTION, ARISING OUT OF   |
 |  OR IN CONNECTION WITH THE USE OR PERFORMANCE OF THIS SOFTWARE.            |
 |                                                                            |
 \----------------------------------------------------------------------------/

 Yosys 0.33 (git sha1 2584903a060)


-- Executing script file `formal/lsc1_packet_frontend_arch_reset_idle.ys' --

1. Executing Verilog-2005 frontend: asic_core/rtl/lsc1_packet_rx.sv
Parsing formal SystemVerilog input from `asic_core/rtl/lsc1_packet_rx.sv' to AST representation.
Generating RTLIL representation for module `\lsc1_packet_rx'.
Successfully finished Verilog frontend.

2. Executing Verilog-2005 frontend: formal/lsc1_packet_frontend_arch_reset_idle.sv
Parsing formal SystemVerilog input from `formal/lsc1_packet_frontend_arch_reset_idle.sv' to AST representation.
Generating RTLIL representation for module `\lsc1_packet_frontend_arch_reset_idle'.
Successfully finished Verilog frontend.

3. Executing PREP pass.

3.1. Executing HIERARCHY pass (managing design hierarchy).

3.1.1. Analyzing design hierarchy..
Top module:  \lsc1_packet_frontend_arch_reset_idle
Used module:     \lsc1_packet_rx

3.1.2. Analyzing design hierarchy..
Top module:  \lsc1_packet_frontend_arch_reset_idle
Used module:     \lsc1_packet_rx
Removed 0 unused modules.
Module lsc1_packet_frontend_arch_reset_idle directly or indirectly contains formal properties -> setting "keep" attribute.

3.2. Executing PROC pass (convert processes to netlists).

3.2.1. Executing PROC_CLEAN pass (remove empty switches from decision trees).
Cleaned up 0 empty switches.

3.2.2. Executing PROC_RMDEAD pass (remove dead branches from decision trees).
Marked 11 switch rules as full_case in process $proc$asic_core/rtl/lsc1_packet_rx.sv:71$23 in module lsc1_packet_rx.
Removed a total of 0 dead cases.

3.2.3. Executing PROC_PRUNE pass (remove redundant assignments in processes).
Removed 0 redundant assignments.
Promoted 25 assignments to connections.

3.2.4. Executing PROC_INIT pass (extract init attributes).
Found init rule in `\lsc1_packet_frontend_arch_reset_idle.$proc$formal/lsc1_packet_frontend_arch_reset_idle.sv:0$294'.
  Set init value: $formal$formal/lsc1_packet_frontend_arch_reset_idle.sv:23$243_EN = 1'0
Found init rule in `\lsc1_packet_frontend_arch_reset_idle.$proc$formal/lsc1_packet_frontend_arch_reset_idle.sv:0$292'.
  Set init value: $formal$formal/lsc1_packet_frontend_arch_reset_idle.sv:22$242_EN = 1'0
Found init rule in `\lsc1_packet_frontend_arch_reset_idle.$proc$formal/lsc1_packet_frontend_arch_reset_idle.sv:0$290'.
  Set init value: $formal$formal/lsc1_packet_frontend_arch_reset_idle.sv:21$241_EN = 1'0
Found init rule in `\lsc1_packet_frontend_arch_reset_idle.$proc$formal/lsc1_packet_frontend_arch_reset_idle.sv:0$288'.
  Set init value: $formal$formal/lsc1_packet_frontend_arch_reset_idle.sv:20$240_EN = 1'0

3.2.5. Executing PROC_ARST pass (detect async resets in processes).

3.2.6. Executing PROC_ROM pass (convert switches to ROMs).
Converted 0 switches.
<suppressed ~15 debug messages>

3.2.7. Executing PROC_MUX pass (convert decision trees to multiplexers).
Creating decoders for process `\lsc1_packet_frontend_arch_reset_idle.$proc$formal/lsc1_packet_frontend_arch_reset_idle.sv:0$294'.
Creating decoders for process `\lsc1_packet_frontend_arch_reset_idle.$proc$formal/lsc1_packet_frontend_arch_reset_idle.sv:0$292'.
Creating decoders for process `\lsc1_packet_frontend_arch_reset_idle.$proc$formal/lsc1_packet_frontend_arch_reset_idle.sv:0$290'.
Creating decoders for process `\lsc1_packet_frontend_arch_reset_idle.$proc$formal/lsc1_packet_frontend_arch_reset_idle.sv:0$288'.
Creating decoders for process `\lsc1_packet_frontend_arch_reset_idle.$proc$formal/lsc1_packet_frontend_arch_reset_idle.sv:19$253'.
     1/8: $0$formal$formal/lsc1_packet_frontend_arch_reset_idle.sv:20$240_EN[0:0]$255
     2/8: $0$formal$formal/lsc1_packet_frontend_arch_reset_idle.sv:20$240_CHECK[0:0]$254
     3/8: $0$formal$formal/lsc1_packet_frontend_arch_reset_idle.sv:21$241_EN[0:0]$257
     4/8: $0$formal$formal/lsc1_packet_frontend_arch_reset_idle.sv:21$241_CHECK[0:0]$256
     5/8: $0$formal$formal/lsc1_packet_frontend_arch_reset_idle.sv:22$242_EN[0:0]$259
     6/8: $0$formal$formal/lsc1_packet_frontend_arch_reset_idle.sv:22$242_CHECK[0:0]$258
     7/8: $0$formal$formal/lsc1_packet_frontend_arch_reset_idle.sv:23$243_EN[0:0]$261
     8/8: $0$formal$formal/lsc1_packet_frontend_arch_reset_idle.sv:23$243_CHECK[0:0]$260
Creating decoders for process `\lsc1_packet_frontend_arch_reset_idle.$proc$formal/lsc1_packet_frontend_arch_reset_idle.sv:18$249'.
Creating decoders for process `\lsc1_packet_rx.$proc$asic_core/rtl/lsc1_packet_rx.sv:71$23'.
     1/89: $0\received_crc[31:0] [31:24]
     2/89: $0\received_crc[31:0] [23:16]
     3/89: $0\received_crc[31:0] [15:8]
     4/89: $0\received_crc[31:0] [7:0]
     5/89: $5$bitselwrite$data$asic_core/rtl/lsc1_packet_rx.sv:136$7[2047:0]$185
     6/89: $5$bitselwrite$mask$asic_core/rtl/lsc1_packet_rx.sv:136$6[2047:0]$184
     7/89: $5$bitselwrite$sel$asic_core/rtl/lsc1_packet_rx.sv:136$8[31:0]$186
     8/89: $4\crc_byte$func$asic_core/rtl/lsc1_packet_rx.sv:137$9.$result[31:0]$177
     9/89: $4\crc_byte$func$asic_core/rtl/lsc1_packet_rx.sv:137$9.bit_index[31:0]$180
    10/89: $4\crc_byte$func$asic_core/rtl/lsc1_packet_rx.sv:137$9.work[31:0]$181
    11/89: $4\crc_byte$func$asic_core/rtl/lsc1_packet_rx.sv:137$9.data[7:0]$179
    12/89: $4\crc_byte$func$asic_core/rtl/lsc1_packet_rx.sv:137$9.crc_in[31:0]$178
    13/89: $4$lookahead\frame_payload$22[2047:0]$182
    14/89: $4$bitselwrite$sel$asic_core/rtl/lsc1_packet_rx.sv:136$8[31:0]$176
    15/89: $4$bitselwrite$data$asic_core/rtl/lsc1_packet_rx.sv:136$7[2047:0]$175
    16/89: $4$bitselwrite$mask$asic_core/rtl/lsc1_packet_rx.sv:136$6[2047:0]$174
    17/89: $0\declared_length[15:0] [15:8]
    18/89: $0\declared_length[15:0] [7:0]
    19/89: $4\crc_byte$func$asic_core/rtl/lsc1_packet_rx.sv:107$3.bit_index[31:0]$103
    20/89: $4\crc_byte$func$asic_core/rtl/lsc1_packet_rx.sv:107$3.data[7:0]$102
    21/89: $4\crc_byte$func$asic_core/rtl/lsc1_packet_rx.sv:107$3.$result[31:0]$101
    22/89: $3\crc_byte$func$asic_core/rtl/lsc1_packet_rx.sv:107$3.work[31:0]$85
    23/89: $3\crc_byte$func$asic_core/rtl/lsc1_packet_rx.sv:107$3.bit_index[31:0]$84
    24/89: $3\crc_byte$func$asic_core/rtl/lsc1_packet_rx.sv:107$3.data[7:0]$83
    25/89: $3\crc_byte$func$asic_core/rtl/lsc1_packet_rx.sv:107$3.$result[31:0]$82
    26/89: $3$lookahead\frame_payload$22[2047:0]$99
    27/89: $3\crc_byte$func$asic_core/rtl/lsc1_packet_rx.sv:137$9.work[31:0]$98
    28/89: $3\crc_byte$func$asic_core/rtl/lsc1_packet_rx.sv:137$9.bit_index[31:0]$97
    29/89: $3\crc_byte$func$asic_core/rtl/lsc1_packet_rx.sv:137$9.data[7:0]$96
    30/89: $3\crc_byte$func$asic_core/rtl/lsc1_packet_rx.sv:137$9.crc_in[31:0]$95
    31/89: $3\crc_byte$func$asic_core/rtl/lsc1_packet_rx.sv:137$9.$result[31:0]$94
    32/89: $3$bitselwrite$sel$asic_core/rtl/lsc1_packet_rx.sv:136$8[31:0]$93
    33/89: $3$bitselwrite$data$asic_core/rtl/lsc1_packet_rx.sv:136$7[2047:0]$92
    34/89: $3$bitselwrite$mask$asic_core/rtl/lsc1_packet_rx.sv:136$6[2047:0]$91
    35/89: $3\crc_byte$func$asic_core/rtl/lsc1_packet_rx.sv:113$4.work[31:0]$90
    36/89: $3\crc_byte$func$asic_core/rtl/lsc1_packet_rx.sv:113$4.bit_index[31:0]$89
    37/89: $3\crc_byte$func$asic_core/rtl/lsc1_packet_rx.sv:113$4.data[7:0]$88
    38/89: $3\crc_byte$func$asic_core/rtl/lsc1_packet_rx.sv:113$4.crc_in[31:0]$87
    39/89: $3\crc_byte$func$asic_core/rtl/lsc1_packet_rx.sv:113$4.$result[31:0]$86
    40/89: $2$lookahead\frame_payload$22[2047:0]$81
    41/89: $2\crc_byte$func$asic_core/rtl/lsc1_packet_rx.sv:137$9.work[31:0]$80
    42/89: $2\crc_byte$func$asic_core/rtl/lsc1_packet_rx.sv:137$9.bit_index[31:0]$79
    43/89: $2\crc_byte$func$asic_core/rtl/lsc1_packet_rx.sv:137$9.data[7:0]$78
    44/89: $2\crc_byte$func$asic_core/rtl/lsc1_packet_rx.sv:137$9.crc_in[31:0]$77
    45/89: $2\crc_byte$func$asic_core/rtl/lsc1_packet_rx.sv:137$9.$result[31:0]$76
    46/89: $2$bitselwrite$sel$asic_core/rtl/lsc1_packet_rx.sv:136$8[31:0]$75
    47/89: $2$bitselwrite$data$asic_core/rtl/lsc1_packet_rx.sv:136$7[2047:0]$74
    48/89: $2$bitselwrite$mask$asic_core/rtl/lsc1_packet_rx.sv:136$6[2047:0]$73
    49/89: $2\crc_byte$func$asic_core/rtl/lsc1_packet_rx.sv:113$4.work[31:0]$72
    50/89: $2\crc_byte$func$asic_core/rtl/lsc1_packet_rx.sv:113$4.bit_index[31:0]$71
    51/89: $2\crc_byte$func$asic_core/rtl/lsc1_packet_rx.sv:113$4.data[7:0]$70
    52/89: $2\crc_byte$func$asic_core/rtl/lsc1_packet_rx.sv:113$4.crc_in[31:0]$69
    53/89: $2\crc_byte$func$asic_core/rtl/lsc1_packet_rx.sv:113$4.$result[31:0]$68
    54/89: $2\crc_byte$func$asic_core/rtl/lsc1_packet_rx.sv:107$3.work[31:0]$67
    55/89: $2\crc_byte$func$asic_core/rtl/lsc1_packet_rx.sv:107$3.bit_index[31:0]$66
    56/89: $2\crc_byte$func$asic_core/rtl/lsc1_packet_rx.sv:107$3.data[7:0]$65
    57/89: $2\crc_byte$func$asic_core/rtl/lsc1_packet_rx.sv:107$3.$result[31:0]$64
    58/89: $1$lookahead\frame_payload$22[2047:0]$61
    59/89: $1\crc_byte$func$asic_core/rtl/lsc1_packet_rx.sv:137$9.work[31:0]$60
    60/89: $1\crc_byte$func$asic_core/rtl/lsc1_packet_rx.sv:137$9.bit_index[31:0]$59
    61/89: $1\crc_byte$func$asic_core/rtl/lsc1_packet_rx.sv:137$9.data[7:0]$58
    62/89: $1\crc_byte$func$asic_core/rtl/lsc1_packet_rx.sv:137$9.crc_in[31:0]$57
    63/89: $1\crc_byte$func$asic_core/rtl/lsc1_packet_rx.sv:137$9.$result[31:0]$56
    64/89: $1$bitselwrite$sel$asic_core/rtl/lsc1_packet_rx.sv:136$8[31:0]$55
    65/89: $1$bitselwrite$data$asic_core/rtl/lsc1_packet_rx.sv:136$7[2047:0]$54
    66/89: $1$bitselwrite$mask$asic_core/rtl/lsc1_packet_rx.sv:136$6[2047:0]$53
    67/89: $1\crc_byte$func$asic_core/rtl/lsc1_packet_rx.sv:113$4.work[31:0]$52
    68/89: $1\crc_byte$func$asic_core/rtl/lsc1_packet_rx.sv:113$4.bit_index[31:0]$51
    69/89: $1\crc_byte$func$asic_core/rtl/lsc1_packet_rx.sv:113$4.data[7:0]$50
    70/89: $1\crc_byte$func$asic_core/rtl/lsc1_packet_rx.sv:113$4.crc_in[31:0]$49
    71/89: $1\crc_byte$func$asic_core/rtl/lsc1_packet_rx.sv:113$4.$result[31:0]$48
    72/89: $1\crc_byte$func$asic_core/rtl/lsc1_packet_rx.sv:107$3.work[31:0]$47
    73/89: $1\crc_byte$func$asic_core/rtl/lsc1_packet_rx.sv:107$3.bit_index[31:0]$46
    74/89: $1\crc_byte$func$asic_core/rtl/lsc1_packet_rx.sv:107$3.data[7:0]$45
    75/89: $1\crc_byte$func$asic_core/rtl/lsc1_packet_rx.sv:107$3.$result[31:0]$44
    76/89: $5$lookahead\frame_payload$22[2047:0]$187
    77/89: $0\crc[31:0]
    78/89: $0\flags[7:0]
    79/89: $0\opcode[7:0]
    80/89: $0\version[7:0]
    81/89: $4\crc_byte$func$asic_core/rtl/lsc1_packet_rx.sv:107$3.work[31:0]$104
    82/89: $0\body_index[15:0]
    83/89: $0\header_index[2:0]
    84/89: $0\state[2:0]
    85/89: $0\fault_status[7:0]
    86/89: $0\fault_valid[0:0]
    87/89: $0\frame_length[15:0]
    88/89: $0\frame_opcode[7:0]
    89/89: $0\frame_valid[0:0]

3.2.8. Executing PROC_DLATCH pass (convert process syncs to latches).
No latch inferred for signal `\lsc1_packet_frontend_arch_reset_idle.$formal$formal/lsc1_packet_frontend_arch_reset_idle.sv:18$239_CHECK' from process `\lsc1_packet_frontend_arch_reset_idle.$proc$formal/lsc1_packet_frontend_arch_reset_idle.sv:18$249'.
No latch inferred for signal `\lsc1_packet_frontend_arch_reset_idle.$formal$formal/lsc1_packet_frontend_arch_reset_idle.sv:18$239_EN' from process `\lsc1_packet_frontend_arch_reset_idle.$proc$formal/lsc1_packet_frontend_arch_reset_idle.sv:18$249'.

3.2.9. Executing PROC_DFF pass (convert process syncs to FFs).
Creating register for signal `\lsc1_packet_frontend_arch_reset_idle.$formal$formal/lsc1_packet_frontend_arch_reset_idle.sv:20$240_CHECK' using process `\lsc1_packet_frontend_arch_reset_idle.$proc$formal/lsc1_packet_frontend_arch_reset_idle.sv:19$253'.
  created $dff cell `$procdff$1240' with positive edge clock.
Creating register for signal `\lsc1_packet_frontend_arch_reset_idle.$formal$formal/lsc1_packet_frontend_arch_reset_idle.sv:20$240_EN' using process `\lsc1_packet_frontend_arch_reset_idle.$proc$formal/lsc1_packet_frontend_arch_reset_idle.sv:19$253'.
  created $dff cell `$procdff$1241' with positive edge clock.
Creating register for signal `\lsc1_packet_frontend_arch_reset_idle.$formal$formal/lsc1_packet_frontend_arch_reset_idle.sv:21$241_CHECK' using process `\lsc1_packet_frontend_arch_reset_idle.$proc$formal/lsc1_packet_frontend_arch_reset_idle.sv:19$253'.
  created $dff cell `$procdff$1242' with positive edge clock.
Creating register for signal `\lsc1_packet_frontend_arch_reset_idle.$formal$formal/lsc1_packet_frontend_arch_reset_idle.sv:21$241_EN' using process `\lsc1_packet_frontend_arch_reset_idle.$proc$formal/lsc1_packet_frontend_arch_reset_idle.sv:19$253'.
  created $dff cell `$procdff$1243' with positive edge clock.
Creating register for signal `\lsc1_packet_frontend_arch_reset_idle.$formal$formal/lsc1_packet_frontend_arch_reset_idle.sv:22$242_CHECK' using process `\lsc1_packet_frontend_arch_reset_idle.$proc$formal/lsc1_packet_frontend_arch_reset_idle.sv:19$253'.
  created $dff cell `$procdff$1244' with positive edge clock.
Creating register for signal `\lsc1_packet_frontend_arch_reset_idle.$formal$formal/lsc1_packet_frontend_arch_reset_idle.sv:22$242_EN' using process `\lsc1_packet_frontend_arch_reset_idle.$proc$formal/lsc1_packet_frontend_arch_reset_idle.sv:19$253'.
  created $dff cell `$procdff$1245' with positive edge clock.
Creating register for signal `\lsc1_packet_frontend_arch_reset_idle.$formal$formal/lsc1_packet_frontend_arch_reset_idle.sv:23$243_CHECK' using process `\lsc1_packet_frontend_arch_reset_idle.$proc$formal/lsc1_packet_frontend_arch_reset_idle.sv:19$253'.
  created $dff cell `$procdff$1246' with positive edge clock.
Creating register for signal `\lsc1_packet_frontend_arch_reset_idle.$formal$formal/lsc1_packet_frontend_arch_reset_idle.sv:23$243_EN' using process `\lsc1_packet_frontend_arch_reset_idle.$proc$formal/lsc1_packet_frontend_arch_reset_idle.sv:19$253'.
  created $dff cell `$procdff$1247' with positive edge clock.
Creating register for signal `\lsc1_packet_rx.\frame_valid' using process `\lsc1_packet_rx.$proc$asic_core/rtl/lsc1_packet_rx.sv:71$23'.
  created $dff cell `$procdff$1248' with positive edge clock.
Creating register for signal `\lsc1_packet_rx.\frame_opcode' using process `\lsc1_packet_rx.$proc$asic_core/rtl/lsc1_packet_rx.sv:71$23'.
  created $dff cell `$procdff$1249' with positive edge clock.
Creating register for signal `\lsc1_packet_rx.\frame_length' using process `\lsc1_packet_rx.$proc$asic_core/rtl/lsc1_packet_rx.sv:71$23'.
  created $dff cell `$procdff$1250' with positive edge clock.
Creating register for signal `\lsc1_packet_rx.\frame_payload' using process `\lsc1_packet_rx.$proc$asic_core/rtl/lsc1_packet_rx.sv:71$23'.
  created $dff cell `$procdff$1251' with positive edge clock.
Creating register for signal `\lsc1_packet_rx.\fault_valid' using process `\lsc1_packet_rx.$proc$asic_core/rtl/lsc1_packet_rx.sv:71$23'.
  created $dff cell `$procdff$1252' with positive edge clock.
Creating register for signal `\lsc1_packet_rx.\fault_status' using process `\lsc1_packet_rx.$proc$asic_core/rtl/lsc1_packet_rx.sv:71$23'.
  created $dff cell `$procdff$1253' with positive edge clock.
Creating register for signal `\lsc1_packet_rx.\state' using process `\lsc1_packet_rx.$proc$asic_core/rtl/lsc1_packet_rx.sv:71$23'.
  created $dff cell `$procdff$1254' with positive edge clock.
Creating register for signal `\lsc1_packet_rx.\header_index' using process `\lsc1_packet_rx.$proc$asic_core/rtl/lsc1_packet_rx.sv:71$23'.
  created $dff cell `$procdff$1255' with positive edge clock.
Creating register for signal `\lsc1_packet_rx.\body_index' using process `\lsc1_packet_rx.$proc$asic_core/rtl/lsc1_packet_rx.sv:71$23'.
  created $dff cell `$procdff$1256' with positive edge clock.
Creating register for signal `\lsc1_packet_rx.\declared_length' using process `\lsc1_packet_rx.$proc$asic_core/rtl/lsc1_packet_rx.sv:71$23'.
  created $dff cell `$procdff$1257' with positive edge clock.
Creating register for signal `\lsc1_packet_rx.\version' using process `\lsc1_packet_rx.$proc$asic_core/rtl/lsc1_packet_rx.sv:71$23'.
  created $dff cell `$procdff$1258' with positive edge clock.
Creating register for signal `\lsc1_packet_rx.\opcode' using process `\lsc1_packet_rx.$proc$asic_core/rtl/lsc1_packet_rx.sv:71$23'.
  created $dff cell `$procdff$1259' with positive edge clock.
Creating register for signal `\lsc1_packet_rx.\flags' using process `\lsc1_packet_rx.$proc$asic_core/rtl/lsc1_packet_rx.sv:71$23'.
  created $dff cell `$procdff$1260' with positive edge clock.
Creating register for signal `\lsc1_packet_rx.\crc' using process `\lsc1_packet_rx.$proc$asic_core/rtl/lsc1_packet_rx.sv:71$23'.
  created $dff cell `$procdff$1261' with positive edge clock.
Creating register for signal `\lsc1_packet_rx.\received_crc' using process `\lsc1_packet_rx.$proc$asic_core/rtl/lsc1_packet_rx.sv:71$23'.
  created $dff cell `$procdff$1262' with positive edge clock.
Creating register for signal `\lsc1_packet_rx.\crc_byte$func$asic_core/rtl/lsc1_packet_rx.sv:107$3.$result' using process `\lsc1_packet_rx.$proc$asic_core/rtl/lsc1_packet_rx.sv:71$23'.
  created $dff cell `$procdff$1263' with positive edge clock.
Creating register for signal `\lsc1_packet_rx.\crc_byte$func$asic_core/rtl/lsc1_packet_rx.sv:107$3.data' using process `\lsc1_packet_rx.$proc$asic_core/rtl/lsc1_packet_rx.sv:71$23'.
  created $dff cell `$procdff$1264' with positive edge clock.
Creating register for signal `\lsc1_packet_rx.\crc_byte$func$asic_core/rtl/lsc1_packet_rx.sv:107$3.bit_index' using process `\lsc1_packet_rx.$proc$asic_core/rtl/lsc1_packet_rx.sv:71$23'.
  created $dff cell `$procdff$1265' with positive edge clock.
Creating register for signal `\lsc1_packet_rx.\crc_byte$func$asic_core/rtl/lsc1_packet_rx.sv:107$3.work' using process `\lsc1_packet_rx.$proc$asic_core/rtl/lsc1_packet_rx.sv:71$23'.
  created $dff cell `$procdff$1266' with positive edge clock.
Creating register for signal `\lsc1_packet_rx.\crc_byte$func$asic_core/rtl/lsc1_packet_rx.sv:113$4.$result' using process `\lsc1_packet_rx.$proc$asic_core/rtl/lsc1_packet_rx.sv:71$23'.
  created $dff cell `$procdff$1267' with positive edge clock.
Creating register for signal `\lsc1_packet_rx.\crc_byte$func$asic_core/rtl/lsc1_packet_rx.sv:113$4.crc_in' using process `\lsc1_packet_rx.$proc$asic_core/rtl/lsc1_packet_rx.sv:71$23'.
  created $dff cell `$procdff$1268' with positive edge clock.
Creating register for signal `\lsc1_packet_rx.\crc_byte$func$asic_core/rtl/lsc1_packet_rx.sv:113$4.data' using process `\lsc1_packet_rx.$proc$asic_core/rtl/lsc1_packet_rx.sv:71$23'.
  created $dff cell `$procdff$1269' with positive edge clock.
Creating register for signal `\lsc1_packet_rx.\crc_byte$func$asic_core/rtl/lsc1_packet_rx.sv:113$4.bit_index' using process `\lsc1_packet_rx.$proc$asic_core/rtl/lsc1_packet_rx.sv:71$23'.
  created $dff cell `$procdff$1270' with positive edge clock.
Creating register for signal `\lsc1_packet_rx.\crc_byte$func$asic_core/rtl/lsc1_packet_rx.sv:113$4.work' using process `\lsc1_packet_rx.$proc$asic_core/rtl/lsc1_packet_rx.sv:71$23'.
  created $dff cell `$procdff$1271' with positive edge clock.
Creating register for signal `\lsc1_packet_rx.$bitselwrite$mask$asic_core/rtl/lsc1_packet_rx.sv:136$6' using process `\lsc1_packet_rx.$proc$asic_core/rtl/lsc1_packet_rx.sv:71$23'.
  created $dff cell `$procdff$1272' with positive edge clock.
Creating register for signal `\lsc1_packet_rx.$bitselwrite$data$asic_core/rtl/lsc1_packet_rx.sv:136$7' using process `\lsc1_packet_rx.$proc$asic_core/rtl/lsc1_packet_rx.sv:71$23'.
  created $dff cell `$procdff$1273' with positive edge clock.
Creating register for signal `\lsc1_packet_rx.$bitselwrite$sel$asic_core/rtl/lsc1_packet_rx.sv:136$8' using process `\lsc1_packet_rx.$proc$asic_core/rtl/lsc1_packet_rx.sv:71$23'.
  created $dff cell `$procdff$1274' with positive edge clock.
Creating register for signal `\lsc1_packet_rx.\crc_byte$func$asic_core/rtl/lsc1_packet_rx.sv:137$9.$result' using process `\lsc1_packet_rx.$proc$asic_core/rtl/lsc1_packet_rx.sv:71$23'.
  created $dff cell `$procdff$1275' with positive edge clock.
Creating register for signal `\lsc1_packet_rx.\crc_byte$func$asic_core/rtl/lsc1_packet_rx.sv:137$9.crc_in' using process `\lsc1_packet_rx.$proc$asic_core/rtl/lsc1_packet_rx.sv:71$23'.
  created $dff cell `$procdff$1276' with positive edge clock.
Creating register for signal `\lsc1_packet_rx.\crc_byte$func$asic_core/rtl/lsc1_packet_rx.sv:137$9.data' using process `\lsc1_packet_rx.$proc$asic_core/rtl/lsc1_packet_rx.sv:71$23'.
  created $dff cell `$procdff$1277' with positive edge clock.
Creating register for signal `\lsc1_packet_rx.\crc_byte$func$asic_core/rtl/lsc1_packet_rx.sv:137$9.bit_index' using process `\lsc1_packet_rx.$proc$asic_core/rtl/lsc1_packet_rx.sv:71$23'.
  created $dff cell `$procdff$1278' with positive edge clock.
Creating register for signal `\lsc1_packet_rx.\crc_byte$func$asic_core/rtl/lsc1_packet_rx.sv:137$9.work' using process `\lsc1_packet_rx.$proc$asic_core/rtl/lsc1_packet_rx.sv:71$23'.
  created $dff cell `$procdff$1279' with positive edge clock.
Creating register for signal `\lsc1_packet_rx.$lookahead\frame_payload$22' using process `\lsc1_packet_rx.$proc$asic_core/rtl/lsc1_packet_rx.sv:71$23'.
  created $dff cell `$procdff$1280' with positive edge clock.

3.2.10. Executing PROC_MEMWR pass (convert process memory writes to cells).

3.2.11. Executing PROC_CLEAN pass (remove empty switches from decision trees).
Removing empty process `lsc1_packet_frontend_arch_reset_idle.$proc$formal/lsc1_packet_frontend_arch_reset_idle.sv:0$294'.
Removing empty process `lsc1_packet_frontend_arch_reset_idle.$proc$formal/lsc1_packet_frontend_arch_reset_idle.sv:0$292'.
Removing empty process `lsc1_packet_frontend_arch_reset_idle.$proc$formal/lsc1_packet_frontend_arch_reset_idle.sv:0$290'.
Removing empty process `lsc1_packet_frontend_arch_reset_idle.$proc$formal/lsc1_packet_frontend_arch_reset_idle.sv:0$288'.
Found and cleaned up 1 empty switch in `\lsc1_packet_frontend_arch_reset_idle.$proc$formal/lsc1_packet_frontend_arch_reset_idle.sv:19$253'.
Removing empty process `lsc1_packet_frontend_arch_reset_idle.$proc$formal/lsc1_packet_frontend_arch_reset_idle.sv:19$253'.
Removing empty process `lsc1_packet_frontend_arch_reset_idle.$proc$formal/lsc1_packet_frontend_arch_reset_idle.sv:18$249'.
Found and cleaned up 14 empty switches in `\lsc1_packet_rx.$proc$asic_core/rtl/lsc1_packet_rx.sv:71$23'.
Removing empty process `lsc1_packet_rx.$proc$asic_core/rtl/lsc1_packet_rx.sv:71$23'.
Cleaned up 15 empty switches.

3.2.12. Executing OPT_EXPR pass (perform const folding).
Optimizing module lsc1_packet_frontend_arch_reset_idle.
<suppressed ~18 debug messages>
Optimizing module lsc1_packet_rx.
<suppressed ~98 debug messages>

3.3. Executing OPT_EXPR pass (perform const folding).
Optimizing module lsc1_packet_frontend_arch_reset_idle.
Optimizing module lsc1_packet_rx.

3.4. Executing OPT_CLEAN pass (remove unused cells and wires).
Finding unused cells or wires in module \lsc1_packet_frontend_arch_reset_idle..
Finding unused cells or wires in module \lsc1_packet_rx..
Removed 215 unused cells and 635 unused wires.
<suppressed ~228 debug messages>

3.5. Executing CHECK pass (checking for obvious problems).
Checking module lsc1_packet_frontend_arch_reset_idle...
Checking module lsc1_packet_rx...
Found and reported 0 problems.

3.6. Executing OPT pass (performing simple optimizations).

3.6.1. Executing OPT_EXPR pass (perform const folding).
Optimizing module lsc1_packet_frontend_arch_reset_idle.
Optimizing module lsc1_packet_rx.

3.6.2. Executing OPT_MERGE pass (detect identical cells).
Finding identical cells in module `\lsc1_packet_frontend_arch_reset_idle'.
<suppressed ~9 debug messages>
Finding identical cells in module `\lsc1_packet_rx'.
<suppressed ~156 debug messages>
Removed a total of 55 cells.

3.6.3. Executing OPT_MUXTREE pass (detect dead branches in mux trees).
Running muxtree optimizer on module \lsc1_packet_frontend_arch_reset_idle..
  Creating internal representation of mux trees.
  No muxes found in this module.
Running muxtree optimizer on module \lsc1_packet_rx..
  Creating internal representation of mux trees.
  Evaluating internal representation of mux trees.
  Analyzing evaluation results.
    dead port 2/2 on $mux $procmux$488.
    dead port 2/2 on $mux $procmux$490.
    dead port 1/2 on $mux $procmux$493.
    dead port 2/2 on $mux $procmux$649.
    dead port 1/2 on $mux $procmux$652.
    dead port 1/2 on $mux $procmux$780.
    dead port 2/2 on $mux $procmux$944.
    dead port 2/2 on $mux $procmux$946.
    dead port 2/2 on $mux $procmux$948.
    dead port 1/2 on $mux $procmux$951.
Removed 10 multiplexer ports.
<suppressed ~43 debug messages>

3.6.4. Executing OPT_REDUCE pass (consolidate $*mux and $reduce_* inputs).
  Optimizing cells in module \lsc1_packet_frontend_arch_reset_idle.
  Optimizing cells in module \lsc1_packet_rx.
    New ctrl vector for $pmux cell $procmux$1083: { $auto$opt_reduce.cc:134:opt_pmux$1332 $procmux$1038_CMP }
  Optimizing cells in module \lsc1_packet_rx.
Performed a total of 1 changes.

3.6.5. Executing OPT_MERGE pass (detect identical cells).
Finding identical cells in module `\lsc1_packet_frontend_arch_reset_idle'.
Finding identical cells in module `\lsc1_packet_rx'.
<suppressed ~45 debug messages>
Removed a total of 15 cells.

3.6.6. Executing OPT_CLEAN pass (remove unused cells and wires).
Finding unused cells or wires in module \lsc1_packet_frontend_arch_reset_idle..
Finding unused cells or wires in module \lsc1_packet_rx..
Removed 0 unused cells and 88 unused wires.
<suppressed ~2 debug messages>

3.6.7. Executing OPT_EXPR pass (perform const folding).
Optimizing module lsc1_packet_frontend_arch_reset_idle.
Optimizing module lsc1_packet_rx.

3.6.8. Rerunning OPT passes. (Maybe there is more to do..)

3.6.9. Executing OPT_MUXTREE pass (detect dead branches in mux trees).
Running muxtree optimizer on module \lsc1_packet_frontend_arch_reset_idle..
  Creating internal representation of mux trees.
  No muxes found in this module.
Running muxtree optimizer on module \lsc1_packet_rx..
  Creating internal representation of mux trees.
  Evaluating internal representation of mux trees.
  Analyzing evaluation results.
Removed 0 multiplexer ports.
<suppressed ~37 debug messages>

3.6.10. Executing OPT_REDUCE pass (consolidate $*mux and $reduce_* inputs).
  Optimizing cells in module \lsc1_packet_frontend_arch_reset_idle.
  Optimizing cells in module \lsc1_packet_rx.
Performed a total of 0 changes.

3.6.11. Executing OPT_MERGE pass (detect identical cells).
Finding identical cells in module `\lsc1_packet_frontend_arch_reset_idle'.
Finding identical cells in module `\lsc1_packet_rx'.
Removed a total of 0 cells.

3.6.12. Executing OPT_CLEAN pass (remove unused cells and wires).
Finding unused cells or wires in module \lsc1_packet_frontend_arch_reset_idle..
Finding unused cells or wires in module \lsc1_packet_rx..

3.6.13. Executing OPT_EXPR pass (perform const folding).
Optimizing module lsc1_packet_frontend_arch_reset_idle.
Optimizing module lsc1_packet_rx.

3.6.14. Finished OPT passes. (There is nothing left to do.)

3.7. Executing WREDUCE pass (reducing word size of cells).
Removed top 1 bits (of 3) from port B of cell lsc1_packet_rx.$ne$asic_core/rtl/lsc1_packet_rx.sv:60$16 ($ne).
Removed top 1 bits (of 14) from port A of cell lsc1_packet_rx.$auto$opt_expr.cc:706:replace_const_cells$1283 ($not).
Removed top 1 bits (of 14) from port A of cell lsc1_packet_rx.$auto$opt_expr.cc:706:replace_const_cells$1285 ($not).
Removed top 1 bits (of 14) from port A of cell lsc1_packet_rx.$auto$opt_expr.cc:706:replace_const_cells$1287 ($not).
Removed top 1 bits (of 14) from port A of cell lsc1_packet_rx.$auto$opt_expr.cc:706:replace_const_cells$1289 ($not).
Removed top 1 bits (of 14) from port A of cell lsc1_packet_rx.$auto$opt_expr.cc:706:replace_const_cells$1291 ($not).
Removed top 1 bits (of 14) from port A of cell lsc1_packet_rx.$auto$opt_expr.cc:706:replace_const_cells$1293 ($not).
Removed top 1 bits (of 14) from port A of cell lsc1_packet_rx.$auto$opt_expr.cc:706:replace_const_cells$1295 ($not).
Removed top 1 bits (of 14) from port A of cell lsc1_packet_rx.$auto$opt_expr.cc:706:replace_const_cells$1297 ($not).
Removed top 1 bits (of 14) from port A of cell lsc1_packet_rx.$auto$opt_expr.cc:706:replace_const_cells$1299 ($not).
Removed top 1 bits (of 14) from port A of cell lsc1_packet_rx.$auto$opt_expr.cc:706:replace_const_cells$1301 ($not).
Removed top 1 bits (of 14) from port A of cell lsc1_packet_rx.$auto$opt_expr.cc:706:replace_const_cells$1303 ($not).
Removed top 1 bits (of 14) from port A of cell lsc1_packet_rx.$auto$opt_expr.cc:706:replace_const_cells$1305 ($not).
Removed top 1 bits (of 14) from port A of cell lsc1_packet_rx.$auto$opt_expr.cc:706:replace_const_cells$1307 ($not).
Removed top 1 bits (of 14) from port A of cell lsc1_packet_rx.$auto$opt_expr.cc:706:replace_const_cells$1309 ($not).
Removed top 1 bits (of 14) from port A of cell lsc1_packet_rx.$auto$opt_expr.cc:706:replace_const_cells$1311 ($not).
Removed top 1 bits (of 14) from port A of cell lsc1_packet_rx.$auto$opt_expr.cc:706:replace_const_cells$1313 ($not).
Removed top 7 bits (of 16) from port B of cell lsc1_packet_rx.$gt$asic_core/rtl/lsc1_packet_rx.sv:122$171 ($gt).
Removed top 7 bits (of 16) from port B of cell lsc1_packet_rx.$lt$asic_core/rtl/lsc1_packet_rx.sv:135$183 ($lt).
Removed top 28 bits (of 32) from port B of cell lsc1_packet_rx.$mul$asic_core/rtl/lsc1_packet_rx.sv:136$188 ($mul).
Removed top 12 bits (of 32) from port Y of cell lsc1_packet_rx.$mul$asic_core/rtl/lsc1_packet_rx.sv:136$188 ($mul).
Removed top 12 bits (of 32) from port A of cell lsc1_packet_rx.$add$asic_core/rtl/lsc1_packet_rx.sv:0$189 ($add).
Removed top 31 bits (of 32) from port B of cell lsc1_packet_rx.$add$asic_core/rtl/lsc1_packet_rx.sv:0$189 ($add).
Removed top 11 bits (of 32) from port Y of cell lsc1_packet_rx.$add$asic_core/rtl/lsc1_packet_rx.sv:0$189 ($add).
Removed top 11 bits (of 33) from port A of cell lsc1_packet_rx.$sub$asic_core/rtl/lsc1_packet_rx.sv:0$190 ($sub).
Removed top 31 bits (of 32) from port B of cell lsc1_packet_rx.$sub$asic_core/rtl/lsc1_packet_rx.sv:0$190 ($sub).
Converting cell lsc1_packet_rx.$sub$asic_core/rtl/lsc1_packet_rx.sv:0$190 ($sub) from signed to unsigned.
Removed top 10 bits (of 33) from port Y of cell lsc1_packet_rx.$sub$asic_core/rtl/lsc1_packet_rx.sv:0$190 ($sub).
Removed top 1 bits (of 22) from port A of cell lsc1_packet_rx.$sub$asic_core/rtl/lsc1_packet_rx.sv:0$190 ($sub).
Removed top 1 bits (of 23) from port Y of cell lsc1_packet_rx.$sub$asic_core/rtl/lsc1_packet_rx.sv:0$190 ($sub).
Removed top 11 bits (of 33) from port A of cell lsc1_packet_rx.$neg$asic_core/rtl/lsc1_packet_rx.sv:0$191 ($neg).
Removed top 15 bits (of 32) from port Y of cell lsc1_packet_rx.$sub$asic_core/rtl/lsc1_packet_rx.sv:139$233 ($sub).
Removed top 7 bits (of 8) from port B of cell lsc1_packet_rx.$ne$asic_core/rtl/lsc1_packet_rx.sv:147$236 ($ne).
Removed top 24 bits (of 32) from port A of cell lsc1_packet_rx.$auto$opt_expr.cc:706:replace_const_cells$1281 ($not).
Removed top 30 bits (of 32) from port B of cell lsc1_packet_rx.$procmux$331_CMP0 ($eq).
Removed top 31 bits (of 32) from port B of cell lsc1_packet_rx.$procmux$348_CMP0 ($eq).
Removed top 2 bits (of 3) from port B of cell lsc1_packet_rx.$procmux$1012_CMP0 ($eq).
Removed top 1 bits (of 3) from port B of cell lsc1_packet_rx.$procmux$1035_CMP0 ($eq).
Removed top 30 bits (of 32) from port B of cell lsc1_packet_rx.$procmux$1073_CMP0 ($eq).
Removed top 2 bits (of 3) from mux cell lsc1_packet_rx.$procmux$1081 ($mux).
Removed top 1 bits (of 3) from port B of cell lsc1_packet_rx.$procmux$1085_CMP0 ($eq).
Removed top 1 bits (of 3) from port B of cell lsc1_packet_rx.$procmux$1086_CMP0 ($eq).
Removed top 2 bits (of 3) from port B of cell lsc1_packet_rx.$procmux$1087_CMP0 ($eq).
Removed top 1 bits (of 3) from mux cell lsc1_packet_rx.$procmux$1091 ($mux).
Removed top 11 bits (of 32) from wire lsc1_packet_rx.$add$asic_core/rtl/lsc1_packet_rx.sv:0$189_Y.
Removed top 12 bits (of 32) from wire lsc1_packet_rx.$mul$asic_core/rtl/lsc1_packet_rx.sv:136$188_Y.
Removed top 2 bits (of 3) from wire lsc1_packet_rx.$procmux$1081_Y.
Removed top 1 bits (of 3) from wire lsc1_packet_rx.$procmux$1091_Y.
Removed top 1 bits (of 32) from wire lsc1_packet_rx.$shr$asic_core/rtl/lsc1_packet_rx.sv:55$110_Y.
Removed top 1 bits (of 32) from wire lsc1_packet_rx.$shr$asic_core/rtl/lsc1_packet_rx.sv:55$114_Y.
Removed top 1 bits (of 32) from wire lsc1_packet_rx.$shr$asic_core/rtl/lsc1_packet_rx.sv:55$118_Y.
Removed top 1 bits (of 32) from wire lsc1_packet_rx.$shr$asic_core/rtl/lsc1_packet_rx.sv:55$122_Y.
Removed top 1 bits (of 32) from wire lsc1_packet_rx.$shr$asic_core/rtl/lsc1_packet_rx.sv:55$126_Y.
Removed top 1 bits (of 32) from wire lsc1_packet_rx.$shr$asic_core/rtl/lsc1_packet_rx.sv:55$130_Y.
Removed top 1 bits (of 32) from wire lsc1_packet_rx.$shr$asic_core/rtl/lsc1_packet_rx.sv:55$134_Y.
Removed top 1 bits (of 32) from wire lsc1_packet_rx.$shr$asic_core/rtl/lsc1_packet_rx.sv:55$139_Y.
Removed top 1 bits (of 32) from wire lsc1_packet_rx.$shr$asic_core/rtl/lsc1_packet_rx.sv:55$143_Y.
Removed top 1 bits (of 32) from wire lsc1_packet_rx.$shr$asic_core/rtl/lsc1_packet_rx.sv:55$147_Y.
Removed top 1 bits (of 32) from wire lsc1_packet_rx.$shr$asic_core/rtl/lsc1_packet_rx.sv:55$151_Y.
Removed top 1 bits (of 32) from wire lsc1_packet_rx.$shr$asic_core/rtl/lsc1_packet_rx.sv:55$155_Y.
Removed top 1 bits (of 32) from wire lsc1_packet_rx.$shr$asic_core/rtl/lsc1_packet_rx.sv:55$159_Y.
Removed top 1 bits (of 32) from wire lsc1_packet_rx.$shr$asic_core/rtl/lsc1_packet_rx.sv:55$163_Y.
Removed top 1 bits (of 32) from wire lsc1_packet_rx.$shr$asic_core/rtl/lsc1_packet_rx.sv:55$167_Y.
Removed top 31 bits (of 32) from wire lsc1_packet_rx.$ternary$asic_core/rtl/lsc1_packet_rx.sv:55$109_Y.
Removed top 31 bits (of 32) from wire lsc1_packet_rx.$ternary$asic_core/rtl/lsc1_packet_rx.sv:55$113_Y.
Removed top 31 bits (of 32) from wire lsc1_packet_rx.$ternary$asic_core/rtl/lsc1_packet_rx.sv:55$117_Y.
Removed top 31 bits (of 32) from wire lsc1_packet_rx.$ternary$asic_core/rtl/lsc1_packet_rx.sv:55$121_Y.
Removed top 31 bits (of 32) from wire lsc1_packet_rx.$ternary$asic_core/rtl/lsc1_packet_rx.sv:55$125_Y.
Removed top 31 bits (of 32) from wire lsc1_packet_rx.$ternary$asic_core/rtl/lsc1_packet_rx.sv:55$129_Y.
Removed top 31 bits (of 32) from wire lsc1_packet_rx.$ternary$asic_core/rtl/lsc1_packet_rx.sv:55$133_Y.
Removed top 31 bits (of 32) from wire lsc1_packet_rx.$ternary$asic_core/rtl/lsc1_packet_rx.sv:55$142_Y.
Removed top 31 bits (of 32) from wire lsc1_packet_rx.$ternary$asic_core/rtl/lsc1_packet_rx.sv:55$146_Y.
Removed top 31 bits (of 32) from wire lsc1_packet_rx.$ternary$asic_core/rtl/lsc1_packet_rx.sv:55$150_Y.
Removed top 31 bits (of 32) from wire lsc1_packet_rx.$ternary$asic_core/rtl/lsc1_packet_rx.sv:55$154_Y.
Removed top 31 bits (of 32) from wire lsc1_packet_rx.$ternary$asic_core/rtl/lsc1_packet_rx.sv:55$158_Y.
Removed top 31 bits (of 32) from wire lsc1_packet_rx.$ternary$asic_core/rtl/lsc1_packet_rx.sv:55$162_Y.
Removed top 31 bits (of 32) from wire lsc1_packet_rx.$ternary$asic_core/rtl/lsc1_packet_rx.sv:55$166_Y.
Removed top 31 bits (of 32) from wire lsc1_packet_rx.$xor$asic_core/rtl/lsc1_packet_rx.sv:53$138_Y.

3.8. Executing OPT_CLEAN pass (remove unused cells and wires).
Finding unused cells or wires in module \lsc1_packet_frontend_arch_reset_idle..
Finding unused cells or wires in module \lsc1_packet_rx..
Removed 0 unused cells and 34 unused wires.
<suppressed ~1 debug messages>

3.9. Executing MEMORY_COLLECT pass (generating $mem cells).

3.10. Executing OPT pass (performing simple optimizations).

3.10.1. Executing OPT_EXPR pass (perform const folding).
Optimizing module lsc1_packet_frontend_arch_reset_idle.
Optimizing module lsc1_packet_rx.

3.10.2. Executing OPT_MERGE pass (detect identical cells).
Finding identical cells in module `\lsc1_packet_frontend_arch_reset_idle'.
Finding identical cells in module `\lsc1_packet_rx'.
Removed a total of 0 cells.

3.10.3. Executing OPT_CLEAN pass (remove unused cells and wires).
Finding unused cells or wires in module \lsc1_packet_frontend_arch_reset_idle..
Finding unused cells or wires in module \lsc1_packet_rx..

3.10.4. Finished fast OPT passes.

3.11. Printing statistics.

=== lsc1_packet_frontend_arch_reset_idle ===

   Number of wires:                 48
   Number of wire bits:           2248
   Number of public wires:          23
   Number of public wire bits:    2223
   Number of memories:               0
   Number of memory bits:            0
   Number of processes:              0
   Number of cells:                 36
     $anyseq                         5
     $assert                         4
     $assume                         1
     $dff                            5
     $eq                             1
     $logic_and                      8
     $logic_not                     11
     lsc1_packet_rx                  1

=== lsc1_packet_rx ===

   Number of wires:                237
   Number of wire bits:          25229
   Number of public wires:          33
   Number of public wire bits:    2350
   Number of memories:               0
   Number of memory bits:            0
   Number of processes:              0
   Number of cells:                211
     $add                            3
     $and                            1
     $dff                           15
     $eq                             9
     $gt                             1
     $logic_and                      5
     $logic_not                      6
     $logic_or                       3
     $lt                             2
     $mul                            1
     $mux                          120
     $ne                             4
     $neg                            1
     $not                           19
     $or                             1
     $pmux                          12
     $reduce_bool                    2
     $reduce_or                      1
     $shift                          2
     $sub                            2
     $xor                            1

=== design hierarchy ===

   lsc1_packet_frontend_arch_reset_idle      1
     lsc1_packet_rx                  1

   Number of wires:                285
   Number of wire bits:          27477
   Number of public wires:          56
   Number of public wire bits:    4573
   Number of memories:               0
   Number of memory bits:            0
   Number of processes:              0
   Number of cells:                246
     $add                            3
     $and                            1
     $anyseq                         5
     $assert                         4
     $assume                         1
     $dff                           20
     $eq                            10
     $gt                             1
     $logic_and                     13
     $logic_not                     17
     $logic_or                       3
     $lt                             2
     $mul                            1
     $mux                          120
     $ne                             4
     $neg                            1
     $not                           19
     $or                             1
     $pmux                          12
     $reduce_bool                    2
     $reduce_or                      1
     $shift                          2
     $sub                            2
     $xor                            1

3.12. Executing CHECK pass (checking for obvious problems).
Checking module lsc1_packet_frontend_arch_reset_idle...
Checking module lsc1_packet_rx...
Found and reported 0 problems.

4. Executing FLATTEN pass (flatten design).
Deleting now unused module lsc1_packet_rx.
<suppressed ~1 debug messages>

5. Executing OPT pass (performing simple optimizations).

5.1. Executing OPT_EXPR pass (perform const folding).
Optimizing module lsc1_packet_frontend_arch_reset_idle.
<suppressed ~25 debug messages>

5.2. Executing OPT_MERGE pass (detect identical cells).
Finding identical cells in module `\lsc1_packet_frontend_arch_reset_idle'.
<suppressed ~60 debug messages>
Removed a total of 20 cells.

5.3. Executing OPT_MUXTREE pass (detect dead branches in mux trees).
Running muxtree optimizer on module \lsc1_packet_frontend_arch_reset_idle..
  Creating internal representation of mux trees.
  Evaluating internal representation of mux trees.
  Analyzing evaluation results.
    dead port 1/2 on $mux $flatten\dut.$procmux$539.
    dead port 2/2 on $mux $flatten\dut.$procmux$539.
    dead port 1/2 on $mux $flatten\dut.$procmux$537.
    dead port 2/2 on $mux $flatten\dut.$procmux$537.
    dead port 1/2 on $mux $flatten\dut.$procmux$535.
    dead port 2/2 on $mux $flatten\dut.$procmux$535.
    dead port 1/2 on $mux $flatten\dut.$procmux$486.
    dead port 2/2 on $mux $flatten\dut.$procmux$486.
    dead port 1/2 on $mux $flatten\dut.$ternary$asic_core/rtl/lsc1_packet_rx.sv:55$137.
    dead port 2/2 on $mux $flatten\dut.$ternary$asic_core/rtl/lsc1_packet_rx.sv:55$137.
    dead port 1/2 on $mux $flatten\dut.$procmux$373.
    dead port 2/2 on $mux $flatten\dut.$procmux$373.
    dead port 1/3 on $pmux $flatten\dut.$procmux$370.
    dead port 2/3 on $pmux $flatten\dut.$procmux$370.
    dead port 3/3 on $pmux $flatten\dut.$procmux$370.
    dead port 1/2 on $mux $flatten\dut.$procmux$368.
    dead port 2/2 on $mux $flatten\dut.$procmux$368.
    dead port 1/2 on $mux $flatten\dut.$procmux$365.
    dead port 2/2 on $mux $flatten\dut.$procmux$365.
    dead port 1/2 on $mux $flatten\dut.$procmux$355.
    dead port 2/2 on $mux $flatten\dut.$procmux$355.
    dead port 1/3 on $pmux $flatten\dut.$procmux$352.
    dead port 2/3 on $pmux $flatten\dut.$procmux$352.
    dead port 3/3 on $pmux $flatten\dut.$procmux$352.
    dead port 1/2 on $mux $flatten\dut.$procmux$350.
    dead port 2/2 on $mux $flatten\dut.$procmux$350.
    dead port 1/2 on $mux $flatten\dut.$procmux$347.
    dead port 2/2 on $mux $flatten\dut.$procmux$347.
    dead port 1/2 on $mux $flatten\dut.$procmux$338.
    dead port 2/2 on $mux $flatten\dut.$procmux$338.
    dead port 1/3 on $pmux $flatten\dut.$procmux$335.
    dead port 2/3 on $pmux $flatten\dut.$procmux$335.
    dead port 3/3 on $pmux $flatten\dut.$procmux$335.
    dead port 1/2 on $mux $flatten\dut.$procmux$333.
    dead port 2/2 on $mux $flatten\dut.$procmux$333.
    dead port 1/2 on $mux $flatten\dut.$procmux$330.
    dead port 2/2 on $mux $flatten\dut.$procmux$330.
    dead port 1/2 on $mux $flatten\dut.$procmux$322.
    dead port 2/2 on $mux $flatten\dut.$procmux$322.
    dead port 1/3 on $pmux $flatten\dut.$procmux$319.
    dead port 2/3 on $pmux $flatten\dut.$procmux$319.
    dead port 3/3 on $pmux $flatten\dut.$procmux$319.
    dead port 1/2 on $mux $flatten\dut.$procmux$317.
    dead port 2/2 on $mux $flatten\dut.$procmux$317.
    dead port 1/2 on $mux $flatten\dut.$procmux$314.
    dead port 2/2 on $mux $flatten\dut.$procmux$314.
    dead port 1/2 on $mux $flatten\dut.$procmux$1235.
    dead port 2/2 on $mux $flatten\dut.$procmux$1235.
    dead port 1/2 on $mux $flatten\dut.$procmux$1233.
    dead port 2/2 on $mux $flatten\dut.$procmux$1233.
    dead port 1/2 on $mux $flatten\dut.$procmux$1231.
    dead port 2/2 on $mux $flatten\dut.$procmux$1231.
    dead port 1/2 on $mux $flatten\dut.$procmux$1228.
    dead port 2/2 on $mux $flatten\dut.$procmux$1228.
    dead port 1/2 on $mux $flatten\dut.$procmux$1226.
    dead port 2/2 on $mux $flatten\dut.$procmux$1226.
    dead port 1/2 on $mux $flatten\dut.$procmux$1223.
    dead port 2/2 on $mux $flatten\dut.$procmux$1223.
    dead port 1/2 on $mux $flatten\dut.$procmux$1220.
    dead port 2/2 on $mux $flatten\dut.$procmux$1220.
    dead port 1/2 on $mux $flatten\dut.$procmux$1215.
    dead port 2/2 on $mux $flatten\dut.$procmux$1215.
    dead port 1/2 on $mux $flatten\dut.$procmux$1210.
    dead port 2/2 on $mux $flatten\dut.$procmux$1210.
    dead port 1/2 on $mux $flatten\dut.$procmux$1208.
    dead port 2/2 on $mux $flatten\dut.$procmux$1208.
    dead port 1/2 on $mux $flatten\dut.$procmux$1206.
    dead port 2/2 on $mux $flatten\dut.$procmux$1206.
    dead port 1/2 on $mux $flatten\dut.$procmux$1203.
    dead port 2/2 on $mux $flatten\dut.$procmux$1203.
    dead port 1/2 on $mux $flatten\dut.$procmux$1201.
    dead port 2/2 on $mux $flatten\dut.$procmux$1201.
    dead port 1/2 on $mux $flatten\dut.$procmux$1198.
    dead port 2/2 on $mux $flatten\dut.$procmux$1198.
    dead port 1/2 on $mux $flatten\dut.$procmux$1195.
    dead port 2/2 on $mux $flatten\dut.$procmux$1195.
    dead port 1/2 on $mux $flatten\dut.$procmux$1187.
    dead port 2/2 on $mux $flatten\dut.$procmux$1187.
    dead port 1/2 on $mux $flatten\dut.$procmux$1185.
    dead port 2/2 on $mux $flatten\dut.$procmux$1185.
    dead port 1/2 on $mux $flatten\dut.$procmux$1183.
    dead port 2/2 on $mux $flatten\dut.$procmux$1183.
    dead port 1/2 on $mux $flatten\dut.$procmux$1180.
    dead port 2/2 on $mux $flatten\dut.$procmux$1180.
    dead port 1/2 on $mux $flatten\dut.$procmux$1178.
    dead port 2/2 on $mux $flatten\dut.$procmux$1178.
    dead port 1/2 on $mux $flatten\dut.$procmux$1175.
    dead port 2/2 on $mux $flatten\dut.$procmux$1175.
    dead port 1/2 on $mux $flatten\dut.$procmux$1172.
    dead port 2/2 on $mux $flatten\dut.$procmux$1172.
    dead port 1/2 on $mux $flatten\dut.$procmux$1164.
    dead port 2/2 on $mux $flatten\dut.$procmux$1164.
    dead port 1/2 on $mux $flatten\dut.$procmux$1161.
    dead port 2/2 on $mux $flatten\dut.$procmux$1161.
    dead port 1/2 on $mux $flatten\dut.$procmux$1157.
    dead port 2/2 on $mux $flatten\dut.$procmux$1157.
    dead port 1/2 on $mux $flatten\dut.$procmux$1155.
    dead port 2/2 on $mux $flatten\dut.$procmux$1155.
    dead port 1/4 on $pmux $flatten\dut.$procmux$1151.
    dead port 2/4 on $pmux $flatten\dut.$procmux$1151.
    dead port 3/4 on $pmux $flatten\dut.$procmux$1151.
    dead port 4/4 on $pmux $flatten\dut.$procmux$1151.
    dead port 1/2 on $mux $flatten\dut.$procmux$1149.
    dead port 2/2 on $mux $flatten\dut.$procmux$1149.
    dead port 1/2 on $mux $flatten\dut.$procmux$1146.
    dead port 2/2 on $mux $flatten\dut.$procmux$1146.
    dead port 1/2 on $mux $flatten\dut.$procmux$1144.
    dead port 2/2 on $mux $flatten\dut.$procmux$1144.
    dead port 1/2 on $mux $flatten\dut.$procmux$1141.
    dead port 2/2 on $mux $flatten\dut.$procmux$1141.
    dead port 1/2 on $mux $flatten\dut.$procmux$1138.
    dead port 2/2 on $mux $flatten\dut.$procmux$1138.
    dead port 1/2 on $mux $flatten\dut.$procmux$1133.
    dead port 2/2 on $mux $flatten\dut.$procmux$1133.
    dead port 1/2 on $mux $flatten\dut.$procmux$1128.
    dead port 2/2 on $mux $flatten\dut.$procmux$1128.
    dead port 1/2 on $mux $flatten\dut.$procmux$1125.
    dead port 2/2 on $mux $flatten\dut.$procmux$1125.
    dead port 1/2 on $mux $flatten\dut.$procmux$1121.
    dead port 2/2 on $mux $flatten\dut.$procmux$1121.
    dead port 1/2 on $mux $flatten\dut.$procmux$1119.
    dead port 2/2 on $mux $flatten\dut.$procmux$1119.
    dead port 1/4 on $pmux $flatten\dut.$procmux$1115.
    dead port 2/4 on $pmux $flatten\dut.$procmux$1115.
    dead port 3/4 on $pmux $flatten\dut.$procmux$1115.
    dead port 4/4 on $pmux $flatten\dut.$procmux$1115.
    dead port 1/2 on $mux $flatten\dut.$procmux$1113.
    dead port 2/2 on $mux $flatten\dut.$procmux$1113.
    dead port 1/2 on $mux $flatten\dut.$procmux$1110.
    dead port 2/2 on $mux $flatten\dut.$procmux$1110.
    dead port 1/2 on $mux $flatten\dut.$procmux$1108.
    dead port 2/2 on $mux $flatten\dut.$procmux$1108.
    dead port 1/2 on $mux $flatten\dut.$procmux$1105.
    dead port 2/2 on $mux $flatten\dut.$procmux$1105.
    dead port 1/2 on $mux $flatten\dut.$procmux$1102.
    dead port 2/2 on $mux $flatten\dut.$procmux$1102.
    dead port 1/2 on $mux $flatten\dut.$procmux$1094.
    dead port 2/2 on $mux $flatten\dut.$procmux$1094.
    dead port 1/2 on $mux $flatten\dut.$procmux$1091.
    dead port 2/2 on $mux $flatten\dut.$procmux$1091.
    dead port 1/3 on $pmux $flatten\dut.$procmux$1083.
    dead port 2/3 on $pmux $flatten\dut.$procmux$1083.
    dead port 3/3 on $pmux $flatten\dut.$procmux$1083.
    dead port 1/2 on $mux $flatten\dut.$procmux$1081.
    dead port 2/2 on $mux $flatten\dut.$procmux$1081.
    dead port 1/4 on $pmux $flatten\dut.$procmux$1077.
    dead port 2/4 on $pmux $flatten\dut.$procmux$1077.
    dead port 3/4 on $pmux $flatten\dut.$procmux$1077.
    dead port 4/4 on $pmux $flatten\dut.$procmux$1077.
    dead port 1/2 on $mux $flatten\dut.$procmux$1075.
    dead port 2/2 on $mux $flatten\dut.$procmux$1075.
    dead port 1/2 on $mux $flatten\dut.$procmux$1072.
    dead port 2/2 on $mux $flatten\dut.$procmux$1072.
    dead port 1/2 on $mux $flatten\dut.$procmux$1062.
    dead port 2/2 on $mux $flatten\dut.$procmux$1062.
    dead port 1/2 on $mux $flatten\dut.$procmux$1060.
    dead port 2/2 on $mux $flatten\dut.$procmux$1060.
    dead port 1/2 on $mux $flatten\dut.$procmux$1055.
    dead port 2/2 on $mux $flatten\dut.$procmux$1055.
    dead port 1/2 on $mux $flatten\dut.$procmux$1052.
    dead port 2/2 on $mux $flatten\dut.$procmux$1052.
    dead port 1/3 on $pmux $flatten\dut.$procmux$1049.
    dead port 2/3 on $pmux $flatten\dut.$procmux$1049.
    dead port 3/3 on $pmux $flatten\dut.$procmux$1049.
    dead port 1/2 on $mux $flatten\dut.$procmux$1041.
    dead port 2/2 on $mux $flatten\dut.$procmux$1041.
    dead port 1/2 on $mux $flatten\dut.$procmux$1037.
    dead port 2/2 on $mux $flatten\dut.$procmux$1037.
    dead port 1/2 on $mux $flatten\dut.$procmux$551.
    dead port 2/2 on $mux $flatten\dut.$procmux$551.
    dead port 1/4 on $pmux $flatten\dut.$procmux$1034.
    dead port 2/4 on $pmux $flatten\dut.$procmux$1034.
    dead port 3/4 on $pmux $flatten\dut.$procmux$1034.
    dead port 4/4 on $pmux $flatten\dut.$procmux$1034.
    dead port 1/2 on $mux $flatten\dut.$procmux$1013.
    dead port 2/2 on $mux $flatten\dut.$procmux$1013.
    dead port 1/2 on $mux $flatten\dut.$procmux$549.
    dead port 2/2 on $mux $flatten\dut.$procmux$549.
    dead port 1/2 on $mux $flatten\dut.$procmux$1011.
    dead port 2/2 on $mux $flatten\dut.$procmux$1011.
    dead port 1/2 on $mux $flatten\dut.$procmux$1009.
    dead port 2/2 on $mux $flatten\dut.$procmux$1009.
    dead port 1/2 on $mux $flatten\dut.$procmux$994.
    dead port 2/2 on $mux $flatten\dut.$procmux$994.
    dead port 1/2 on $mux $flatten\dut.$procmux$992.
    dead port 2/2 on $mux $flatten\dut.$procmux$992.
    dead port 1/2 on $mux $flatten\dut.$procmux$980.
    dead port 2/2 on $mux $flatten\dut.$procmux$980.
    dead port 1/2 on $mux $flatten\dut.$procmux$978.
    dead port 2/2 on $mux $flatten\dut.$procmux$978.
    dead port 1/2 on $mux $flatten\dut.$procmux$976.
    dead port 2/2 on $mux $flatten\dut.$procmux$976.
    dead port 1/2 on $mux $flatten\dut.$procmux$965.
    dead port 2/2 on $mux $flatten\dut.$procmux$965.
    dead port 1/2 on $mux $flatten\dut.$procmux$996.
    dead port 2/2 on $mux $flatten\dut.$procmux$996.
    dead port 1/2 on $mux $flatten\dut.$ternary$asic_core/rtl/lsc1_packet_rx.sv:55$170.
    dead port 2/2 on $mux $flatten\dut.$ternary$asic_core/rtl/lsc1_packet_rx.sv:55$170.
    dead port 1/2 on $mux $flatten\dut.$procmux$962.
    dead port 2/2 on $mux $flatten\dut.$procmux$962.
    dead port 1/4 on $pmux $flatten\dut.$procmux$958.
    dead port 2/4 on $pmux $flatten\dut.$procmux$958.
    dead port 3/4 on $pmux $flatten\dut.$procmux$958.
    dead port 4/4 on $pmux $flatten\dut.$procmux$958.
    dead port 1/2 on $mux $flatten\dut.$procmux$956.
    dead port 2/2 on $mux $flatten\dut.$procmux$956.
    dead port 1/2 on $mux $flatten\dut.$procmux$942.
    dead port 2/2 on $mux $flatten\dut.$procmux$942.
    dead port 1/2 on $mux $flatten\dut.$procmux$777.
    dead port 2/2 on $mux $flatten\dut.$procmux$777.
    dead port 1/3 on $pmux $flatten\dut.$procmux$646.
    dead port 2/3 on $pmux $flatten\dut.$procmux$646.
    dead port 3/3 on $pmux $flatten\dut.$procmux$646.
    dead port 1/2 on $mux $flatten\dut.$procmux$553.
    dead port 2/2 on $mux $flatten\dut.$procmux$553.
Removed 215 multiplexer ports.
<suppressed ~18 debug messages>

5.4. Executing OPT_REDUCE pass (consolidate $*mux and $reduce_* inputs).
  Optimizing cells in module \lsc1_packet_frontend_arch_reset_idle.
Performed a total of 0 changes.

5.5. Executing OPT_MERGE pass (detect identical cells).
Finding identical cells in module `\lsc1_packet_frontend_arch_reset_idle'.
Removed a total of 0 cells.

5.6. Executing OPT_DFF pass (perform DFF optimizations).
Setting constant 0-bit at position 0 on $flatten\dut.$procdff$1262 ($dff) from module lsc1_packet_frontend_arch_reset_idle.
Setting constant 0-bit at position 1 on $flatten\dut.$procdff$1262 ($dff) from module lsc1_packet_frontend_arch_reset_idle.
Setting constant 0-bit at position 2 on $flatten\dut.$procdff$1262 ($dff) from module lsc1_packet_frontend_arch_reset_idle.
Setting constant 0-bit at position 3 on $flatten\dut.$procdff$1262 ($dff) from module lsc1_packet_frontend_arch_reset_idle.
Setting constant 0-bit at position 4 on $flatten\dut.$procdff$1262 ($dff) from module lsc1_packet_frontend_arch_reset_idle.
Setting constant 0-bit at position 5 on $flatten\dut.$procdff$1262 ($dff) from module lsc1_packet_frontend_arch_reset_idle.
Setting constant 0-bit at position 6 on $flatten\dut.$procdff$1262 ($dff) from module lsc1_packet_frontend_arch_reset_idle.
Setting constant 0-bit at position 7 on $flatten\dut.$procdff$1262 ($dff) from module lsc1_packet_frontend_arch_reset_idle.
Setting constant 0-bit at position 8 on $flatten\dut.$procdff$1262 ($dff) from module lsc1_packet_frontend_arch_reset_idle.
Setting constant 0-bit at position 9 on $flatten\dut.$procdff$1262 ($dff) from module lsc1_packet_frontend_arch_reset_idle.
Setting constant 0-bit at position 10 on $flatten\dut.$procdff$1262 ($dff) from module lsc1_packet_frontend_arch_reset_idle.
Setting constant 0-bit at position 11 on $flatten\dut.$procdff$1262 ($dff) from module lsc1_packet_frontend_arch_reset_idle.
Setting constant 0-bit at position 12 on $flatten\dut.$procdff$1262 ($dff) from module lsc1_packet_frontend_arch_reset_idle.
Setting constant 0-bit at position 13 on $flatten\dut.$procdff$1262 ($dff) from module lsc1_packet_frontend_arch_reset_idle.
Setting constant 0-bit at position 14 on $flatten\dut.$procdff$1262 ($dff) from module lsc1_packet_frontend_arch_reset_idle.
Setting constant 0-bit at position 15 on $flatten\dut.$procdff$1262 ($dff) from module lsc1_packet_frontend_arch_reset_idle.
Setting constant 0-bit at position 16 on $flatten\dut.$procdff$1262 ($dff) from module lsc1_packet_frontend_arch_reset_idle.
Setting constant 0-bit at position 17 on $flatten\dut.$procdff$1262 ($dff) from module lsc1_packet_frontend_arch_reset_idle.
Setting constant 0-bit at position 18 on $flatten\dut.$procdff$1262 ($dff) from module lsc1_packet_frontend_arch_reset_idle.
Setting constant 0-bit at position 19 on $flatten\dut.$procdff$1262 ($dff) from module lsc1_packet_frontend_arch_reset_idle.
Setting constant 0-bit at position 20 on $flatten\dut.$procdff$1262 ($dff) from module lsc1_packet_frontend_arch_reset_idle.
Setting constant 0-bit at position 21 on $flatten\dut.$procdff$1262 ($dff) from module lsc1_packet_frontend_arch_reset_idle.
Setting constant 0-bit at position 22 on $flatten\dut.$procdff$1262 ($dff) from module lsc1_packet_frontend_arch_reset_idle.
Setting constant 0-bit at position 23 on $flatten\dut.$procdff$1262 ($dff) from module lsc1_packet_frontend_arch_reset_idle.
Setting constant 0-bit at position 24 on $flatten\dut.$procdff$1262 ($dff) from module lsc1_packet_frontend_arch_reset_idle.
Setting constant 0-bit at position 25 on $flatten\dut.$procdff$1262 ($dff) from module lsc1_packet_frontend_arch_reset_idle.
Setting constant 0-bit at position 26 on $flatten\dut.$procdff$1262 ($dff) from module lsc1_packet_frontend_arch_reset_idle.
Setting constant 0-bit at position 27 on $flatten\dut.$procdff$1262 ($dff) from module lsc1_packet_frontend_arch_reset_idle.
Setting constant 0-bit at position 28 on $flatten\dut.$procdff$1262 ($dff) from module lsc1_packet_frontend_arch_reset_idle.
Setting constant 0-bit at position 29 on $flatten\dut.$procdff$1262 ($dff) from module lsc1_packet_frontend_arch_reset_idle.
Setting constant 0-bit at position 30 on $flatten\dut.$procdff$1262 ($dff) from module lsc1_packet_frontend_arch_reset_idle.
Setting constant 0-bit at position 31 on $flatten\dut.$procdff$1262 ($dff) from module lsc1_packet_frontend_arch_reset_idle.
Setting constant 1-bit at position 0 on $flatten\dut.$procdff$1261 ($dff) from module lsc1_packet_frontend_arch_reset_idle.
Setting constant 1-bit at position 1 on $flatten\dut.$procdff$1261 ($dff) from module lsc1_packet_frontend_arch_reset_idle.
Setting constant 1-bit at position 2 on $flatten\dut.$procdff$1261 ($dff) from module lsc1_packet_frontend_arch_reset_idle.
Setting constant 1-bit at position 3 on $flatten\dut.$procdff$1261 ($dff) from module lsc1_packet_frontend_arch_reset_idle.
Setting constant 1-bit at position 4 on $flatten\dut.$procdff$1261 ($dff) from module lsc1_packet_frontend_arch_reset_idle.
Setting constant 1-bit at position 5 on $flatten\dut.$procdff$1261 ($dff) from module lsc1_packet_frontend_arch_reset_idle.
Setting constant 1-bit at position 6 on $flatten\dut.$procdff$1261 ($dff) from module lsc1_packet_frontend_arch_reset_idle.
Setting constant 1-bit at position 7 on $flatten\dut.$procdff$1261 ($dff) from module lsc1_packet_frontend_arch_reset_idle.
Setting constant 1-bit at position 8 on $flatten\dut.$procdff$1261 ($dff) from module lsc1_packet_frontend_arch_reset_idle.
Setting constant 1-bit at position 9 on $flatten\dut.$procdff$1261 ($dff) from module lsc1_packet_frontend_arch_reset_idle.
Setting constant 1-bit at position 10 on $flatten\dut.$procdff$1261 ($dff) from module lsc1_packet_frontend_arch_reset_idle.
Setting constant 1-bit at position 11 on $flatten\dut.$procdff$1261 ($dff) from module lsc1_packet_frontend_arch_reset_idle.
Setting constant 1-bit at position 12 on $flatten\dut.$procdff$1261 ($dff) from module lsc1_packet_frontend_arch_reset_idle.
Setting constant 1-bit at position 13 on $flatten\dut.$procdff$1261 ($dff) from module lsc1_packet_frontend_arch_reset_idle.
Setting constant 1-bit at position 14 on $flatten\dut.$procdff$1261 ($dff) from module lsc1_packet_frontend_arch_reset_idle.
Setting constant 1-bit at position 15 on $flatten\dut.$procdff$1261 ($dff) from module lsc1_packet_frontend_arch_reset_idle.
Setting constant 1-bit at position 16 on $flatten\dut.$procdff$1261 ($dff) from module lsc1_packet_frontend_arch_reset_idle.
Setting constant 1-bit at position 17 on $flatten\dut.$procdff$1261 ($dff) from module lsc1_packet_frontend_arch_reset_idle.
Setting constant 1-bit at position 18 on $flatten\dut.$procdff$1261 ($dff) from module lsc1_packet_frontend_arch_reset_idle.
Setting constant 1-bit at position 19 on $flatten\dut.$procdff$1261 ($dff) from module lsc1_packet_frontend_arch_reset_idle.
Setting constant 1-bit at position 20 on $flatten\dut.$procdff$1261 ($dff) from module lsc1_packet_frontend_arch_reset_idle.
Setting constant 1-bit at position 21 on $flatten\dut.$procdff$1261 ($dff) from module lsc1_packet_frontend_arch_reset_idle.
Setting constant 1-bit at position 22 on $flatten\dut.$procdff$1261 ($dff) from module lsc1_packet_frontend_arch_reset_idle.
Setting constant 1-bit at position 23 on $flatten\dut.$procdff$1261 ($dff) from module lsc1_packet_frontend_arch_reset_idle.
Setting constant 1-bit at position 24 on $flatten\dut.$procdff$1261 ($dff) from module lsc1_packet_frontend_arch_reset_idle.
Setting constant 1-bit at position 25 on $flatten\dut.$procdff$1261 ($dff) from module lsc1_packet_frontend_arch_reset_idle.
Setting constant 1-bit at position 26 on $flatten\dut.$procdff$1261 ($dff) from module lsc1_packet_frontend_arch_reset_idle.
Setting constant 1-bit at position 27 on $flatten\dut.$procdff$1261 ($dff) from module lsc1_packet_frontend_arch_reset_idle.
Setting constant 1-bit at position 28 on $flatten\dut.$procdff$1261 ($dff) from module lsc1_packet_frontend_arch_reset_idle.
Setting constant 1-bit at position 29 on $flatten\dut.$procdff$1261 ($dff) from module lsc1_packet_frontend_arch_reset_idle.
Setting constant 1-bit at position 30 on $flatten\dut.$procdff$1261 ($dff) from module lsc1_packet_frontend_arch_reset_idle.
Setting constant 1-bit at position 31 on $flatten\dut.$procdff$1261 ($dff) from module lsc1_packet_frontend_arch_reset_idle.
Setting constant 0-bit at position 0 on $flatten\dut.$procdff$1260 ($dff) from module lsc1_packet_frontend_arch_reset_idle.
Setting constant 0-bit at position 1 on $flatten\dut.$procdff$1260 ($dff) from module lsc1_packet_frontend_arch_reset_idle.
Setting constant 0-bit at position 2 on $flatten\dut.$procdff$1260 ($dff) from module lsc1_packet_frontend_arch_reset_idle.
Setting constant 0-bit at position 3 on $flatten\dut.$procdff$1260 ($dff) from module lsc1_packet_frontend_arch_reset_idle.
Setting constant 0-bit at position 4 on $flatten\dut.$procdff$1260 ($dff) from module lsc1_packet_frontend_arch_reset_idle.
Setting constant 0-bit at position 5 on $flatten\dut.$procdff$1260 ($dff) from module lsc1_packet_frontend_arch_reset_idle.
Setting constant 0-bit at position 6 on $flatten\dut.$procdff$1260 ($dff) from module lsc1_packet_frontend_arch_reset_idle.
Setting constant 0-bit at position 7 on $flatten\dut.$procdff$1260 ($dff) from module lsc1_packet_frontend_arch_reset_idle.
Setting constant 0-bit at position 0 on $flatten\dut.$procdff$1257 ($dff) from module lsc1_packet_frontend_arch_reset_idle.
Setting constant 0-bit at position 1 on $flatten\dut.$procdff$1257 ($dff) from module lsc1_packet_frontend_arch_reset_idle.
Setting constant 0-bit at position 2 on $flatten\dut.$procdff$1257 ($dff) from module lsc1_packet_frontend_arch_reset_idle.
Setting constant 0-bit at position 3 on $flatten\dut.$procdff$1257 ($dff) from module lsc1_packet_frontend_arch_reset_idle.
Setting constant 0-bit at position 4 on $flatten\dut.$procdff$1257 ($dff) from module lsc1_packet_frontend_arch_reset_idle.
Setting constant 0-bit at position 5 on $flatten\dut.$procdff$1257 ($dff) from module lsc1_packet_frontend_arch_reset_idle.
Setting constant 0-bit at position 6 on $flatten\dut.$procdff$1257 ($dff) from module lsc1_packet_frontend_arch_reset_idle.
Setting constant 0-bit at position 7 on $flatten\dut.$procdff$1257 ($dff) from module lsc1_packet_frontend_arch_reset_idle.
Setting constant 0-bit at position 8 on $flatten\dut.$procdff$1257 ($dff) from module lsc1_packet_frontend_arch_reset_idle.
Setting constant 0-bit at position 9 on $flatten\dut.$procdff$1257 ($dff) from module lsc1_packet_frontend_arch_reset_idle.
Setting constant 0-bit at position 10 on $flatten\dut.$procdff$1257 ($dff) from module lsc1_packet_frontend_arch_reset_idle.
Setting constant 0-bit at position 11 on $flatten\dut.$procdff$1257 ($dff) from module lsc1_packet_frontend_arch_reset_idle.
Setting constant 0-bit at position 12 on $flatten\dut.$procdff$1257 ($dff) from module lsc1_packet_frontend_arch_reset_idle.
Setting constant 0-bit at position 13 on $flatten\dut.$procdff$1257 ($dff) from module lsc1_packet_frontend_arch_reset_idle.
Setting constant 0-bit at position 14 on $flatten\dut.$procdff$1257 ($dff) from module lsc1_packet_frontend_arch_reset_idle.
Setting constant 0-bit at position 15 on $flatten\dut.$procdff$1257 ($dff) from module lsc1_packet_frontend_arch_reset_idle.
Setting constant 0-bit at position 0 on $flatten\dut.$procdff$1255 ($dff) from module lsc1_packet_frontend_arch_reset_idle.
Setting constant 0-bit at position 1 on $flatten\dut.$procdff$1255 ($dff) from module lsc1_packet_frontend_arch_reset_idle.
Setting constant 0-bit at position 2 on $flatten\dut.$procdff$1255 ($dff) from module lsc1_packet_frontend_arch_reset_idle.
Setting constant 0-bit at position 0 on $flatten\dut.$procdff$1252 ($dff) from module lsc1_packet_frontend_arch_reset_idle.
Setting constant 0-bit at position 0 on $flatten\dut.$procdff$1251 ($dff) from module lsc1_packet_frontend_arch_reset_idle.
Setting constant 0-bit at position 1 on $flatten\dut.$procdff$1251 ($dff) from module lsc1_packet_frontend_arch_reset_idle.
Setting constant 0-bit at position 2 on $flatten\dut.$procdff$1251 ($dff) from module lsc1_packet_frontend_arch_reset_idle.
Setting constant 0-bit at position 3 on $flatten\dut.$procdff$1251 ($dff) from module lsc1_packet_frontend_arch_reset_idle.
Setting constant 0-bit at position 4 on $flatten\dut.$procdff$1251 ($dff) from module lsc1_packet_frontend_arch_reset_idle.
Setting constant 0-bit at position 5 on $flatten\dut.$procdff$1251 ($dff) from module lsc1_packet_frontend_arch_reset_idle.
Setting constant 0-bit at position 6 on $flatten\dut.$procdff$1251 ($dff) from module lsc1_packet_frontend_arch_reset_idle.
Setting constant 0-bit at position 7 on $flatten\dut.$procdff$1251 ($dff) from module lsc1_packet_frontend_arch_reset_idle.
Setting constant 0-bit at position 8 on $flatten\dut.$procdff$1251 ($dff) from module lsc1_packet_frontend_arch_reset_idle.
Setting constant 0-bit at position 9 on $flatten\dut.$procdff$1251 ($dff) from module lsc1_packet_frontend_arch_reset_idle.
Setting constant 0-bit at position 10 on $flatten\dut.$procdff$1251 ($dff) from module lsc1_packet_frontend_arch_reset_idle.
Setting constant 0-bit at position 11 on $flatten\dut.$procdff$1251 ($dff) from module lsc1_packet_frontend_arch_reset_idle.
Setting constant 0-bit at position 12 on $flatten\dut.$procdff$1251 ($dff) from module lsc1_packet_frontend_arch_reset_idle.
Setting constant 0-bit at position 13 on $flatten\dut.$procdff$1251 ($dff) from module lsc1_packet_frontend_arch_reset_idle.
Setting constant 0-bit at position 14 on $flatten\dut.$procdff$1251 ($dff) from module lsc1_packet_frontend_arch_reset_idle.
Setting constant 0-bit at position 15 on $flatten\dut.$procdff$1251 ($dff) from module lsc1_packet_frontend_arch_reset_idle.
Setting constant 0-bit at position 16 on $flatten\dut.$procdff$1251 ($dff) from module lsc1_packet_frontend_arch_reset_idle.
Setting constant 0-bit at position 17 on $flatten\dut.$procdff$1251 ($dff) from module lsc1_packet_frontend_arch_reset_idle.
Setting constant 0-bit at position 18 on $flatten\dut.$procdff$1251 ($dff) from module lsc1_packet_frontend_arch_reset_idle.
Setting constant 0-bit at position 19 on $flatten\dut.$procdff$1251 ($dff) from module lsc1_packet_frontend_arch_reset_idle.
Setting constant 0-bit at position 20 on $flatten\dut.$procdff$1251 ($dff) from module lsc1_packet_frontend_arch_reset_idle.
Setting constant 0-bit at position 21 on $flatten\dut.$procdff$1251 ($dff) from module lsc1_packet_frontend_arch_reset_idle.
Setting constant 0-bit at position 22 on $flatten\dut.$procdff$1251 ($dff) from module lsc1_packet_frontend_arch_reset_idle.
Setting constant 0-bit at position 23 on $flatten\dut.$procdff$1251 ($dff) from module lsc1_packet_frontend_arch_reset_idle.
Setting constant 0-bit at position 24 on $flatten\dut.$procdff$1251 ($dff) from module lsc1_packet_frontend_arch_reset_idle.
Setting constant 0-bit at position 25 on $flatten\dut.$procdff$1251 ($dff) from module lsc1_packet_frontend_arch_reset_idle.
Setting constant 0-bit at position 26 on $flatten\dut.$procdff$1251 ($dff) from module lsc1_packet_frontend_arch_reset_idle.
Setting constant 0-bit at position 27 on $flatten\dut.$procdff$1251 ($dff) from module lsc1_packet_frontend_arch_reset_idle.
Setting constant 0-bit at position 28 on $flatten\dut.$procdff$1251 ($dff) from module lsc1_packet_frontend_arch_reset_idle.
Setting constant 0-bit at position 29 on $flatten\dut.$procdff$1251 ($dff) from module lsc1_packet_frontend_arch_reset_idle.
Setting constant 0-bit at position 30 on $flatten\dut.$procdff$1251 ($dff) from module lsc1_packet_frontend_arch_reset_idle.
Setting constant 0-bit at position 31 on $flatten\dut.$procdff$1251 ($dff) from module lsc1_packet_frontend_arch_reset_idle.
Setting constant 0-bit at position 32 on $flatten\dut.$procdff$1251 ($dff) from module lsc1_packet_frontend_arch_reset_idle.
Setting constant 0-bit at position 33 on $flatten\dut.$procdff$1251 ($dff) from module lsc1_packet_frontend_arch_reset_idle.
Setting constant 0-bit at position 34 on $flatten\dut.$procdff$1251 ($dff) from module lsc1_packet_frontend_arch_reset_idle.
Setting constant 0-bit at position 35 on $flatten\dut.$procdff$1251 ($dff) from module lsc1_packet_frontend_arch_reset_idle.
Setting constant 0-bit at position 36 on $flatten\dut.$procdff$1251 ($dff) from module lsc1_packet_frontend_arch_reset_idle.
Setting constant 0-bit at position 37 on $flatten\dut.$procdff$1251 ($dff) from module lsc1_packet_frontend_arch_reset_idle.
Setting constant 0-bit at position 38 on $flatten\dut.$procdff$1251 ($dff) from module lsc1_packet_frontend_arch_reset_idle.
Setting constant 0-bit at position 39 on $flatten\dut.$procdff$1251 ($dff) from module lsc1_packet_frontend_arch_reset_idle.
Setting constant 0-bit at position 40 on $flatten\dut.$procdff$1251 ($dff) from module lsc1_packet_frontend_arch_reset_idle.
Setting constant 0-bit at position 41 on $flatten\dut.$procdff$1251 ($dff) from module lsc1_packet_frontend_arch_reset_idle.
Setting constant 0-bit at position 42 on $flatten\dut.$procdff$1251 ($dff) from module lsc1_packet_frontend_arch_reset_idle.
Setting constant 0-bit at position 43 on $flatten\dut.$procdff$1251 ($dff) from module lsc1_packet_frontend_arch_reset_idle.
Setting constant 0-bit at position 44 on $flatten\dut.$procdff$1251 ($dff) from module lsc1_packet_frontend_arch_reset_idle.
Setting constant 0-bit at position 45 on $flatten\dut.$procdff$1251 ($dff) from module lsc1_packet_frontend_arch_reset_idle.
Setting constant 0-bit at position 46 on $flatten\dut.$procdff$1251 ($dff) from module lsc1_packet_frontend_arch_reset_idle.
Setting constant 0-bit at position 47 on $flatten\dut.$procdff$1251 ($dff) from module lsc1_packet_frontend_arch_reset_idle.
Setting constant 0-bit at position 48 on $flatten\dut.$procdff$1251 ($dff) from module lsc1_packet_frontend_arch_reset_idle.
Setting constant 0-bit at position 49 on $flatten\dut.$procdff$1251 ($dff) from module lsc1_packet_frontend_arch_reset_idle.
Setting constant 0-bit at position 50 on $flatten\dut.$procdff$1251 ($dff) from module lsc1_packet_frontend_arch_reset_idle.
Setting constant 0-bit at position 51 on $flatten\dut.$procdff$1251 ($dff) from module lsc1_packet_frontend_arch_reset_idle.
Setting constant 0-bit at position 52 on $flatten\dut.$procdff$1251 ($dff) from module lsc1_packet_frontend_arch_reset_idle.
Setting constant 0-bit at position 53 on $flatten\dut.$procdff$1251 ($dff) from module lsc1_packet_frontend_arch_reset_idle.
Setting constant 0-bit at position 54 on $flatten\dut.$procdff$1251 ($dff) from module lsc1_packet_frontend_arch_reset_idle.
Setting constant 0-bit at position 55 on $flatten\dut.$procdff$1251 ($dff) from module lsc1_packet_frontend_arch_reset_idle.
Setting constant 0-bit at position 56 on $flatten\dut.$procdff$1251 ($dff) from module lsc1_packet_frontend_arch_reset_idle.
Setting constant 0-bit at position 57 on $flatten\dut.$procdff$1251 ($dff) from module lsc1_packet_frontend_arch_reset_idle.
Setting constant 0-bit at position 58 on $flatten\dut.$procdff$1251 ($dff) from module lsc1_packet_frontend_arch_reset_idle.
Setting constant 0-bit at position 59 on $flatten\dut.$procdff$1251 ($dff) from module lsc1_packet_frontend_arch_reset_idle.
Setting constant 0-bit at position 60 on $flatten\dut.$procdff$1251 ($dff) from module lsc1_packet_frontend_arch_reset_idle.
Setting constant 0-bit at position 61 on $flatten\dut.$procdff$1251 ($dff) from module lsc1_packet_frontend_arch_reset_idle.
Setting constant 0-bit at position 62 on $flatten\dut.$procdff$1251 ($dff) from module lsc1_packet_frontend_arch_reset_idle.
Setting constant 0-bit at position 63 on $flatten\dut.$procdff$1251 ($dff) from module lsc1_packet_frontend_arch_reset_idle.
Setting constant 0-bit at position 64 on $flatten\dut.$procdff$1251 ($dff) from module lsc1_packet_frontend_arch_reset_idle.
Setting constant 0-bit at position 65 on $flatten\dut.$procdff$1251 ($dff) from module lsc1_packet_frontend_arch_reset_idle.
Setting constant 0-bit at position 66 on $flatten\dut.$procdff$1251 ($dff) from module lsc1_packet_frontend_arch_reset_idle.
Setting constant 0-bit at position 67 on $flatten\dut.$procdff$1251 ($dff) from module lsc1_packet_frontend_arch_reset_idle.
Setting constant 0-bit at position 68 on $flatten\dut.$procdff$1251 ($dff) from module lsc1_packet_frontend_arch_reset_idle.
Setting constant 0-bit at position 69 on $flatten\dut.$procdff$1251 ($dff) from module lsc1_packet_frontend_arch_reset_idle.
Setting constant 0-bit at position 70 on $flatten\dut.$procdff$1251 ($dff) from module lsc1_packet_frontend_arch_reset_idle.
Setting constant 0-bit at position 71 on $flatten\dut.$procdff$1251 ($dff) from module lsc1_packet_frontend_arch_reset_idle.
Setting constant 0-bit at position 72 on $flatten\dut.$procdff$1251 ($dff) from module lsc1_packet_frontend_arch_reset_idle.
Setting constant 0-bit at position 73 on $flatten\dut.$procdff$1251 ($dff) from module lsc1_packet_frontend_arch_reset_idle.
Setting constant 0-bit at position 74 on $flatten\dut.$procdff$1251 ($dff) from module lsc1_packet_frontend_arch_reset_idle.
Setting constant 0-bit at position 75 on $flatten\dut.$procdff$1251 ($dff) from module lsc1_packet_frontend_arch_reset_idle.
Setting constant 0-bit at position 76 on $flatten\dut.$procdff$1251 ($dff) from module lsc1_packet_frontend_arch_reset_idle.
Setting constant 0-bit at position 77 on $flatten\dut.$procdff$1251 ($dff) from module lsc1_packet_frontend_arch_reset_idle.
Setting constant 0-bit at position 78 on $flatten\dut.$procdff$1251 ($dff) from module lsc1_packet_frontend_arch_reset_idle.
Setting constant 0-bit at position 79 on $flatten\dut.$procdff$1251 ($dff) from module lsc1_packet_frontend_arch_reset_idle.
Setting constant 0-bit at position 80 on $flatten\dut.$procdff$1251 ($dff) from module lsc1_packet_frontend_arch_reset_idle.
Setting constant 0-bit at position 81 on $flatten\dut.$procdff$1251 ($dff) from module lsc1_packet_frontend_arch_reset_idle.
Setting constant 0-bit at position 82 on $flatten\dut.$procdff$1251 ($dff) from module lsc1_packet_frontend_arch_reset_idle.
Setting constant 0-bit at position 83 on $flatten\dut.$procdff$1251 ($dff) from module lsc1_packet_frontend_arch_reset_idle.
Setting constant 0-bit at position 84 on $flatten\dut.$procdff$1251 ($dff) from module lsc1_packet_frontend_arch_reset_idle.
Setting constant 0-bit at position 85 on $flatten\dut.$procdff$1251 ($dff) from module lsc1_packet_frontend_arch_reset_idle.
Setting constant 0-bit at position 86 on $flatten\dut.$procdff$1251 ($dff) from module lsc1_packet_frontend_arch_reset_idle.
Setting constant 0-bit at position 87 on $flatten\dut.$procdff$1251 ($dff) from module lsc1_packet_frontend_arch_reset_idle.
Setting constant 0-bit at position 88 on $flatten\dut.$procdff$1251 ($dff) from module lsc1_packet_frontend_arch_reset_idle.
Setting constant 0-bit at position 89 on $flatten\dut.$procdff$1251 ($dff) from module lsc1_packet_frontend_arch_reset_idle.
Setting constant 0-bit at position 90 on $flatten\dut.$procdff$1251 ($dff) from module lsc1_packet_frontend_arch_reset_idle.
Setting constant 0-bit at position 91 on $flatten\dut.$procdff$1251 ($dff) from module lsc1_packet_frontend_arch_reset_idle.
Setting constant 0-bit at position 92 on $flatten\dut.$procdff$1251 ($dff) from module lsc1_packet_frontend_arch_reset_idle.
Setting constant 0-bit at position 93 on $flatten\dut.$procdff$1251 ($dff) from module lsc1_packet_frontend_arch_reset_idle.
Setting constant 0-bit at position 94 on $flatten\dut.$procdff$1251 ($dff) from module lsc1_packet_frontend_arch_reset_idle.
Setting constant 0-bit at position 95 on $flatten\dut.$procdff$1251 ($dff) from module lsc1_packet_frontend_arch_reset_idle.
Setting constant 0-bit at position 96 on $flatten\dut.$procdff$1251 ($dff) from module lsc1_packet_frontend_arch_reset_idle.
Setting constant 0-bit at position 97 on $flatten\dut.$procdff$1251 ($dff) from module lsc1_packet_frontend_arch_reset_idle.
Setting constant 0-bit at position 98 on $flatten\dut.$procdff$1251 ($dff) from module lsc1_packet_frontend_arch_reset_idle.
Setting constant 0-bit at position 99 on $flatten\dut.$procdff$1251 ($dff) from module lsc1_packet_frontend_arch_reset_idle.
Setting constant 0-bit at position 100 on $flatten\dut.$procdff$1251 ($dff) from module lsc1_packet_frontend_arch_reset_idle.
Setting constant 0-bit at position 101 on $flatten\dut.$procdff$1251 ($dff) from module lsc1_packet_frontend_arch_reset_idle.
Setting constant 0-bit at position 102 on $flatten\dut.$procdff$1251 ($dff) from module lsc1_packet_frontend_arch_reset_idle.
Setting constant 0-bit at position 103 on $flatten\dut.$procdff$1251 ($dff) from module lsc1_packet_frontend_arch_reset_idle.
Setting constant 0-bit at position 104 on $flatten\dut.$procdff$1251 ($dff) from module lsc1_packet_frontend_arch_reset_idle.
Setting constant 0-bit at position 105 on $flatten\dut.$procdff$1251 ($dff) from module lsc1_packet_frontend_arch_reset_idle.
Setting constant 0-bit at position 106 on $flatten\dut.$procdff$1251 ($dff) from module lsc1_packet_frontend_arch_reset_idle.
Setting constant 0-bit at position 107 on $flatten\dut.$procdff$1251 ($dff) from module lsc1_packet_frontend_arch_reset_idle.
Setting constant 0-bit at position 108 on $flatten\dut.$procdff$1251 ($dff) from module lsc1_packet_frontend_arch_reset_idle.
Setting constant 0-bit at position 109 on $flatten\dut.$procdff$1251 ($dff) from module lsc1_packet_frontend_arch_reset_idle.
Setting constant 0-bit at position 110 on $flatten\dut.$procdff$1251 ($dff) from module lsc1_packet_frontend_arch_reset_idle.
Setting constant 0-bit at position 111 on $flatten\dut.$procdff$1251 ($dff) from module lsc1_packet_frontend_arch_reset_idle.
Setting constant 0-bit at position 112 on $flatten\dut.$procdff$1251 ($dff) from module lsc1_packet_frontend_arch_reset_idle.
Setting constant 0-bit at position 113 on $flatten\dut.$procdff$1251 ($dff) from module lsc1_packet_frontend_arch_reset_idle.
Setting constant 0-bit at position 114 on $flatten\dut.$procdff$1251 ($dff) from module lsc1_packet_frontend_arch_reset_idle.
Setting constant 0-bit at position 115 on $flatten\dut.$procdff$1251 ($dff) from module lsc1_packet_frontend_arch_reset_idle.
Setting constant 0-bit at position 116 on $flatten\dut.$procdff$1251 ($dff) from module lsc1_packet_frontend_arch_reset_idle.
Setting constant 0-bit at position 117 on $flatten\dut.$procdff$1251 ($dff) from module lsc1_packet_frontend_arch_reset_idle.
Setting constant 0-bit at position 118 on $flatten\dut.$procdff$1251 ($dff) from module lsc1_packet_frontend_arch_reset_idle.
Setting constant 0-bit at position 119 on $flatten\dut.$procdff$1251 ($dff) from module lsc1_packet_frontend_arch_reset_idle.
Setting constant 0-bit at position 120 on $flatten\dut.$procdff$1251 ($dff) from module lsc1_packet_frontend_arch_reset_idle.
Setting constant 0-bit at position 121 on $flatten\dut.$procdff$1251 ($dff) from module lsc1_packet_frontend_arch_reset_idle.
Setting constant 0-bit at position 122 on $flatten\dut.$procdff$1251 ($dff) from module lsc1_packet_frontend_arch_reset_idle.
Setting constant 0-bit at position 123 on $flatten\dut.$procdff$1251 ($dff) from module lsc1_packet_frontend_arch_reset_idle.
Setting constant 0-bit at position 124 on $flatten\dut.$procdff$1251 ($dff) from module lsc1_packet_frontend_arch_reset_idle.
Setting constant 0-bit at position 125 on $flatten\dut.$procdff$1251 ($dff) from module lsc1_packet_frontend_arch_reset_idle.
Setting constant 0-bit at position 126 on $flatten\dut.$procdff$1251 ($dff) from module lsc1_packet_frontend_arch_reset_idle.
Setting constant 0-bit at position 127 on $flatten\dut.$procdff$1251 ($dff) from module lsc1_packet_frontend_arch_reset_idle.
Setting constant 0-bit at position 128 on $flatten\dut.$procdff$1251 ($dff) from module lsc1_packet_frontend_arch_reset_idle.
Setting constant 0-bit at position 129 on $flatten\dut.$procdff$1251 ($dff) from module lsc1_packet_frontend_arch_reset_idle.
Setting constant 0-bit at position 130 on $flatten\dut.$procdff$1251 ($dff) from module lsc1_packet_frontend_arch_reset_idle.
Setting constant 0-bit at position 131 on $flatten\dut.$procdff$1251 ($dff) from module lsc1_packet_frontend_arch_reset_idle.
Setting constant 0-bit at position 132 on $flatten\dut.$procdff$1251 ($dff) from module lsc1_packet_frontend_arch_reset_idle.
Setting constant 0-bit at position 133 on $flatten\dut.$procdff$1251 ($dff) from module lsc1_packet_frontend_arch_reset_idle.
Setting constant 0-bit at position 134 on $flatten\dut.$procdff$1251 ($dff) from module lsc1_packet_frontend_arch_reset_idle.
Setting constant 0-bit at position 135 on $flatten\dut.$procdff$1251 ($dff) from module lsc1_packet_frontend_arch_reset_idle.
Setting constant 0-bit at position 136 on $flatten\dut.$procdff$1251 ($dff) from module lsc1_packet_frontend_arch_reset_idle.
Setting constant 0-bit at position 137 on $flatten\dut.$procdff$1251 ($dff) from module lsc1_packet_frontend_arch_reset_idle.
Setting constant 0-bit at position 138 on $flatten\dut.$procdff$1251 ($dff) from module lsc1_packet_frontend_arch_reset_idle.
Setting constant 0-bit at position 139 on $flatten\dut.$procdff$1251 ($dff) from module lsc1_packet_frontend_arch_reset_idle.
Setting constant 0-bit at position 140 on $flatten\dut.$procdff$1251 ($dff) from module lsc1_packet_frontend_arch_reset_idle.
Setting constant 0-bit at position 141 on $flatten\dut.$procdff$1251 ($dff) from module lsc1_packet_frontend_arch_reset_idle.
Setting constant 0-bit at position 142 on $flatten\dut.$procdff$1251 ($dff) from module lsc1_packet_frontend_arch_reset_idle.
Setting constant 0-bit at position 143 on $flatten\dut.$procdff$1251 ($dff) from module lsc1_packet_frontend_arch_reset_idle.
Setting constant 0-bit at position 144 on $flatten\dut.$procdff$1251 ($dff) from module lsc1_packet_frontend_arch_reset_idle.
Setting constant 0-bit at position 145 on $flatten\dut.$procdff$1251 ($dff) from module lsc1_packet_frontend_arch_reset_idle.
Setting constant 0-bit at position 146 on $flatten\dut.$procdff$1251 ($dff) from module lsc1_packet_frontend_arch_reset_idle.
Setting constant 0-bit at position 147 on $flatten\dut.$procdff$1251 ($dff) from module lsc1_packet_frontend_arch_reset_idle.
Setting constant 0-bit at position 148 on $flatten\dut.$procdff$1251 ($dff) from module lsc1_packet_frontend_arch_reset_idle.
Setting constant 0-bit at position 149 on $flatten\dut.$procdff$1251 ($dff) from module lsc1_packet_frontend_arch_reset_idle.
Setting constant 0-bit at position 150 on $flatten\dut.$procdff$1251 ($dff) from module lsc1_packet_frontend_arch_reset_idle.
Setting constant 0-bit at position 151 on $flatten\dut.$procdff$1251 ($dff) from module lsc1_packet_frontend_arch_reset_idle.
Setting constant 0-bit at position 152 on $flatten\dut.$procdff$1251 ($dff) from module lsc1_packet_frontend_arch_reset_idle.
Setting constant 0-bit at position 153 on $flatten\dut.$procdff$1251 ($dff) from module lsc1_packet_frontend_arch_reset_idle.
Setting constant 0-bit at position 154 on $flatten\dut.$procdff$1251 ($dff) from module lsc1_packet_frontend_arch_reset_idle.
Setting constant 0-bit at position 155 on $flatten\dut.$procdff$1251 ($dff) from module lsc1_packet_frontend_arch_reset_idle.
Setting constant 0-bit at position 156 on $flatten\dut.$procdff$1251 ($dff) from module lsc1_packet_frontend_arch_reset_idle.
Setting constant 0-bit at position 157 on $flatten\dut.$procdff$1251 ($dff) from module lsc1_packet_frontend_arch_reset_idle.
Setting constant 0-bit at position 158 on $flatten\dut.$procdff$1251 ($dff) from module lsc1_packet_frontend_arch_reset_idle.
Setting constant 0-bit at position 159 on $flatten\dut.$procdff$1251 ($dff) from module lsc1_packet_frontend_arch_reset_idle.
Setting constant 0-bit at position 160 on $flatten\dut.$procdff$1251 ($dff) from module lsc1_packet_frontend_arch_reset_idle.
Setting constant 0-bit at position 161 on $flatten\dut.$procdff$1251 ($dff) from module lsc1_packet_frontend_arch_reset_idle.
Setting constant 0-bit at position 162 on $flatten\dut.$procdff$1251 ($dff) from module lsc1_packet_frontend_arch_reset_idle.
Setting constant 0-bit at position 163 on $flatten\dut.$procdff$1251 ($dff) from module lsc1_packet_frontend_arch_reset_idle.
Setting constant 0-bit at position 164 on $flatten\dut.$procdff$1251 ($dff) from module lsc1_packet_frontend_arch_reset_idle.
Setting constant 0-bit at position 165 on $flatten\dut.$procdff$1251 ($dff) from module lsc1_packet_frontend_arch_reset_idle.
Setting constant 0-bit at position 166 on $flatten\dut.$procdff$1251 ($dff) from module lsc1_packet_frontend_arch_reset_idle.
Setting constant 0-bit at position 167 on $flatten\dut.$procdff$1251 ($dff) from module lsc1_packet_frontend_arch_reset_idle.
Setting constant 0-bit at position 168 on $flatten\dut.$procdff$1251 ($dff) from module lsc1_packet_frontend_arch_reset_idle.
Setting constant 0-bit at position 169 on $flatten\dut.$procdff$1251 ($dff) from module lsc1_packet_frontend_arch_reset_idle.
Setting constant 0-bit at position 170 on $flatten\dut.$procdff$1251 ($dff) from module lsc1_packet_frontend_arch_reset_idle.
Setting constant 0-bit at position 171 on $flatten\dut.$procdff$1251 ($dff) from module lsc1_packet_frontend_arch_reset_idle.
Setting constant 0-bit at position 172 on $flatten\dut.$procdff$1251 ($dff) from module lsc1_packet_frontend_arch_reset_idle.
Setting constant 0-bit at position 173 on $flatten\dut.$procdff$1251 ($dff) from module lsc1_packet_frontend_arch_reset_idle.
Setting constant 0-bit at position 174 on $flatten\dut.$procdff$1251 ($dff) from module lsc1_packet_frontend_arch_reset_idle.
Setting constant 0-bit at position 175 on $flatten\dut.$procdff$1251 ($dff) from module lsc1_packet_frontend_arch_reset_idle.
Setting constant 0-bit at position 176 on $flatten\dut.$procdff$1251 ($dff) from module lsc1_packet_frontend_arch_reset_idle.
Setting constant 0-bit at position 177 on $flatten\dut.$procdff$1251 ($dff) from module lsc1_packet_frontend_arch_reset_idle.
Setting constant 0-bit at position 178 on $flatten\dut.$procdff$1251 ($dff) from module lsc1_packet_frontend_arch_reset_idle.
Setting constant 0-bit at position 179 on $flatten\dut.$procdff$1251 ($dff) from module lsc1_packet_frontend_arch_reset_idle.
Setting constant 0-bit at position 180 on $flatten\dut.$procdff$1251 ($dff) from module lsc1_packet_frontend_arch_reset_idle.
Setting constant 0-bit at position 181 on $flatten\dut.$procdff$1251 ($dff) from module lsc1_packet_frontend_arch_reset_idle.
Setting constant 0-bit at position 182 on $flatten\dut.$procdff$1251 ($dff) from module lsc1_packet_frontend_arch_reset_idle.
Setting constant 0-bit at position 183 on $flatten\dut.$procdff$1251 ($dff) from module lsc1_packet_frontend_arch_reset_idle.
Setting constant 0-bit at position 184 on $flatten\dut.$procdff$1251 ($dff) from module lsc1_packet_frontend_arch_reset_idle.
Setting constant 0-bit at position 185 on $flatten\dut.$procdff$1251 ($dff) from module lsc1_packet_frontend_arch_reset_idle.
Setting constant 0-bit at position 186 on $flatten\dut.$procdff$1251 ($dff) from module lsc1_packet_frontend_arch_reset_idle.
Setting constant 0-bit at position 187 on $flatten\dut.$procdff$1251 ($dff) from module lsc1_packet_frontend_arch_reset_idle.
Setting constant 0-bit at position 188 on $flatten\dut.$procdff$1251 ($dff) from module lsc1_packet_frontend_arch_reset_idle.
Setting constant 0-bit at position 189 on $flatten\dut.$procdff$1251 ($dff) from module lsc1_packet_frontend_arch_reset_idle.
Setting constant 0-bit at position 190 on $flatten\dut.$procdff$1251 ($dff) from module lsc1_packet_frontend_arch_reset_idle.
Setting constant 0-bit at position 191 on $flatten\dut.$procdff$1251 ($dff) from module lsc1_packet_frontend_arch_reset_idle.
Setting constant 0-bit at position 192 on $flatten\dut.$procdff$1251 ($dff) from module lsc1_packet_frontend_arch_reset_idle.
Setting constant 0-bit at position 193 on $flatten\dut.$procdff$1251 ($dff) from module lsc1_packet_frontend_arch_reset_idle.
Setting constant 0-bit at position 194 on $flatten\dut.$procdff$1251 ($dff) from module lsc1_packet_frontend_arch_reset_idle.
Setting constant 0-bit at position 195 on $flatten\dut.$procdff$1251 ($dff) from module lsc1_packet_frontend_arch_reset_idle.
Setting constant 0-bit at position 196 on $flatten\dut.$procdff$1251 ($dff) from module lsc1_packet_frontend_arch_reset_idle.
Setting constant 0-bit at position 197 on $flatten\dut.$procdff$1251 ($dff) from module lsc1_packet_frontend_arch_reset_idle.
Setting constant 0-bit at position 198 on $flatten\dut.$procdff$1251 ($dff) from module lsc1_packet_frontend_arch_reset_idle.
Setting constant 0-bit at position 199 on $flatten\dut.$procdff$1251 ($dff) from module lsc1_packet_frontend_arch_reset_idle.
Setting constant 0-bit at position 200 on $flatten\dut.$procdff$1251 ($dff) from module lsc1_packet_frontend_arch_reset_idle.
Setting constant 0-bit at position 201 on $flatten\dut.$procdff$1251 ($dff) from module lsc1_packet_frontend_arch_reset_idle.
Setting constant 0-bit at position 202 on $flatten\dut.$procdff$1251 ($dff) from module lsc1_packet_frontend_arch_reset_idle.
Setting constant 0-bit at position 203 on $flatten\dut.$procdff$1251 ($dff) from module lsc1_packet_frontend_arch_reset_idle.
Setting constant 0-bit at position 204 on $flatten\dut.$procdff$1251 ($dff) from module lsc1_packet_frontend_arch_reset_idle.
Setting constant 0-bit at position 205 on $flatten\dut.$procdff$1251 ($dff) from module lsc1_packet_frontend_arch_reset_idle.
Setting constant 0-bit at position 206 on $flatten\dut.$procdff$1251 ($dff) from module lsc1_packet_frontend_arch_reset_idle.
Setting constant 0-bit at position 207 on $flatten\dut.$procdff$1251 ($dff) from module lsc1_packet_frontend_arch_reset_idle.
Setting constant 0-bit at position 208 on $flatten\dut.$procdff$1251 ($dff) from module lsc1_packet_frontend_arch_reset_idle.
Setting constant 0-bit at position 209 on $flatten\dut.$procdff$1251 ($dff) from module lsc1_packet_frontend_arch_reset_idle.
Setting constant 0-bit at position 210 on $flatten\dut.$procdff$1251 ($dff) from module lsc1_packet_frontend_arch_reset_idle.
Setting constant 0-bit at position 211 on $flatten\dut.$procdff$1251 ($dff) from module lsc1_packet_frontend_arch_reset_idle.
Setting constant 0-bit at position 212 on $flatten\dut.$procdff$1251 ($dff) from module lsc1_packet_frontend_arch_reset_idle.
Setting constant 0-bit at position 213 on $flatten\dut.$procdff$1251 ($dff) from module lsc1_packet_frontend_arch_reset_idle.
Setting constant 0-bit at position 214 on $flatten\dut.$procdff$1251 ($dff) from module lsc1_packet_frontend_arch_reset_idle.
Setting constant 0-bit at position 215 on $flatten\dut.$procdff$1251 ($dff) from module lsc1_packet_frontend_arch_reset_idle.
Setting constant 0-bit at position 216 on $flatten\dut.$procdff$1251 ($dff) from module lsc1_packet_frontend_arch_reset_idle.
Setting constant 0-bit at position 217 on $flatten\dut.$procdff$1251 ($dff) from module lsc1_packet_frontend_arch_reset_idle.
Setting constant 0-bit at position 218 on $flatten\dut.$procdff$1251 ($dff) from module lsc1_packet_frontend_arch_reset_idle.
Setting constant 0-bit at position 219 on $flatten\dut.$procdff$1251 ($dff) from module lsc1_packet_frontend_arch_reset_idle.
Setting constant 0-bit at position 220 on $flatten\dut.$procdff$1251 ($dff) from module lsc1_packet_frontend_arch_reset_idle.
Setting constant 0-bit at position 221 on $flatten\dut.$procdff$1251 ($dff) from module lsc1_packet_frontend_arch_reset_idle.
Setting constant 0-bit at position 222 on $flatten\dut.$procdff$1251 ($dff) from module lsc1_packet_frontend_arch_reset_idle.
Setting constant 0-bit at position 223 on $flatten\dut.$procdff$1251 ($dff) from module lsc1_packet_frontend_arch_reset_idle.
Setting constant 0-bit at position 224 on $flatten\dut.$procdff$1251 ($dff) from module lsc1_packet_frontend_arch_reset_idle.
Setting constant 0-bit at position 225 on $flatten\dut.$procdff$1251 ($dff) from module lsc1_packet_frontend_arch_reset_idle.
Setting constant 0-bit at position 226 on $flatten\dut.$procdff$1251 ($dff) from module lsc1_packet_frontend_arch_reset_idle.
Setting constant 0-bit at position 227 on $flatten\dut.$procdff$1251 ($dff) from module lsc1_packet_frontend_arch_reset_idle.
Setting constant 0-bit at position 228 on $flatten\dut.$procdff$1251 ($dff) from module lsc1_packet_frontend_arch_reset_idle.
Setting constant 0-bit at position 229 on $flatten\dut.$procdff$1251 ($dff) from module lsc1_packet_frontend_arch_reset_idle.
Setting constant 0-bit at position 230 on $flatten\dut.$procdff$1251 ($dff) from module lsc1_packet_frontend_arch_reset_idle.
Setting constant 0-bit at position 231 on $flatten\dut.$procdff$1251 ($dff) from module lsc1_packet_frontend_arch_reset_idle.
Setting constant 0-bit at position 232 on $flatten\dut.$procdff$1251 ($dff) from module lsc1_packet_frontend_arch_reset_idle.
Setting constant 0-bit at position 233 on $flatten\dut.$procdff$1251 ($dff) from module lsc1_packet_frontend_arch_reset_idle.
Setting constant 0-bit at position 234 on $flatten\dut.$procdff$1251 ($dff) from module lsc1_packet_frontend_arch_reset_idle.
Setting constant 0-bit at position 235 on $flatten\dut.$procdff$1251 ($dff) from module lsc1_packet_frontend_arch_reset_idle.
Setting constant 0-bit at position 236 on $flatten\dut.$procdff$1251 ($dff) from module lsc1_packet_frontend_arch_reset_idle.
Setting constant 0-bit at position 237 on $flatten\dut.$procdff$1251 ($dff) from module lsc1_packet_frontend_arch_reset_idle.
Setting constant 0-bit at position 238 on $flatten\dut.$procdff$1251 ($dff) from module lsc1_packet_frontend_arch_reset_idle.
Setting constant 0-bit at position 239 on $flatten\dut.$procdff$1251 ($dff) from module lsc1_packet_frontend_arch_reset_idle.
Setting constant 0-bit at position 240 on $flatten\dut.$procdff$1251 ($dff) from module lsc1_packet_frontend_arch_reset_idle.
Setting constant 0-bit at position 241 on $flatten\dut.$procdff$1251 ($dff) from module lsc1_packet_frontend_arch_reset_idle.
Setting constant 0-bit at position 242 on $flatten\dut.$procdff$1251 ($dff) from module lsc1_packet_frontend_arch_reset_idle.
Setting constant 0-bit at position 243 on $flatten\dut.$procdff$1251 ($dff) from module lsc1_packet_frontend_arch_reset_idle.
Setting constant 0-bit at position 244 on $flatten\dut.$procdff$1251 ($dff) from module lsc1_packet_frontend_arch_reset_idle.
Setting constant 0-bit at position 245 on $flatten\dut.$procdff$1251 ($dff) from module lsc1_packet_frontend_arch_reset_idle.
Setting constant 0-bit at position 246 on $flatten\dut.$procdff$1251 ($dff) from module lsc1_packet_frontend_arch_reset_idle.
Setting constant 0-bit at position 247 on $flatten\dut.$procdff$1251 ($dff) from module lsc1_packet_frontend_arch_reset_idle.
Setting constant 0-bit at position 248 on $flatten\dut.$procdff$1251 ($dff) from module lsc1_packet_frontend_arch_reset_idle.
Setting constant 0-bit at position 249 on $flatten\dut.$procdff$1251 ($dff) from module lsc1_packet_frontend_arch_reset_idle.
Setting constant 0-bit at position 250 on $flatten\dut.$procdff$1251 ($dff) from module lsc1_packet_frontend_arch_reset_idle.
Setting constant 0-bit at position 251 on $flatten\dut.$procdff$1251 ($dff) from module lsc1_packet_frontend_arch_reset_idle.
Setting constant 0-bit at position 252 on $flatten\dut.$procdff$1251 ($dff) from module lsc1_packet_frontend_arch_reset_idle.
Setting constant 0-bit at position 253 on $flatten\dut.$procdff$1251 ($dff) from module lsc1_packet_frontend_arch_reset_idle.
Setting constant 0-bit at position 254 on $flatten\dut.$procdff$1251 ($dff) from module lsc1_packet_frontend_arch_reset_idle.
Setting constant 0-bit at position 255 on $flatten\dut.$procdff$1251 ($dff) from module lsc1_packet_frontend_arch_reset_idle.
Setting constant 0-bit at position 256 on $flatten\dut.$procdff$1251 ($dff) from module lsc1_packet_frontend_arch_reset_idle.
Setting constant 0-bit at position 257 on $flatten\dut.$procdff$1251 ($dff) from module lsc1_packet_frontend_arch_reset_idle.
Setting constant 0-bit at position 258 on $flatten\dut.$procdff$1251 ($dff) from module lsc1_packet_frontend_arch_reset_idle.
Setting constant 0-bit at position 259 on $flatten\dut.$procdff$1251 ($dff) from module lsc1_packet_frontend_arch_reset_idle.
Setting constant 0-bit at position 260 on $flatten\dut.$procdff$1251 ($dff) from module lsc1_packet_frontend_arch_reset_idle.
Setting constant 0-bit at position 261 on $flatten\dut.$procdff$1251 ($dff) from module lsc1_packet_frontend_arch_reset_idle.
Setting constant 0-bit at position 262 on $flatten\dut.$procdff$1251 ($dff) from module lsc1_packet_frontend_arch_reset_idle.
Setting constant 0-bit at position 263 on $flatten\dut.$procdff$1251 ($dff) from module lsc1_packet_frontend_arch_reset_idle.
Setting constant 0-bit at position 264 on $flatten\dut.$procdff$1251 ($dff) from module lsc1_packet_frontend_arch_reset_idle.
Setting constant 0-bit at position 265 on $flatten\dut.$procdff$1251 ($dff) from module lsc1_packet_frontend_arch_reset_idle.
Setting constant 0-bit at position 266 on $flatten\dut.$procdff$1251 ($dff) from module lsc1_packet_frontend_arch_reset_idle.
Setting constant 0-bit at position 267 on $flatten\dut.$procdff$1251 ($dff) from module lsc1_packet_frontend_arch_reset_idle.
Setting constant 0-bit at position 268 on $flatten\dut.$procdff$1251 ($dff) from module lsc1_packet_frontend_arch_reset_idle.
Setting constant 0-bit at position 269 on $flatten\dut.$procdff$1251 ($dff) from module lsc1_packet_frontend_arch_reset_idle.
Setting constant 0-bit at position 270 on $flatten\dut.$procdff$1251 ($dff) from module lsc1_packet_frontend_arch_reset_idle.
Setting constant 0-bit at position 271 on $flatten\dut.$procdff$1251 ($dff) from module lsc1_packet_frontend_arch_reset_idle.
Setting constant 0-bit at position 272 on $flatten\dut.$procdff$1251 ($dff) from module lsc1_packet_frontend_arch_reset_idle.
Setting constant 0-bit at position 273 on $flatten\dut.$procdff$1251 ($dff) from module lsc1_packet_frontend_arch_reset_idle.
Setting constant 0-bit at position 274 on $flatten\dut.$procdff$1251 ($dff) from module lsc1_packet_frontend_arch_reset_idle.
Setting constant 0-bit at position 275 on $flatten\dut.$procdff$1251 ($dff) from module lsc1_packet_frontend_arch_reset_idle.
Setting constant 0-bit at position 276 on $flatten\dut.$procdff$1251 ($dff) from module lsc1_packet_frontend_arch_reset_idle.
Setting constant 0-bit at position 277 on $flatten\dut.$procdff$1251 ($dff) from module lsc1_packet_frontend_arch_reset_idle.
Setting constant 0-bit at position 278 on $flatten\dut.$procdff$1251 ($dff) from module lsc1_packet_frontend_arch_reset_idle.
Setting constant 0-bit at position 279 on $flatten\dut.$procdff$1251 ($dff) from module lsc1_packet_frontend_arch_reset_idle.
Setting constant 0-bit at position 280 on $flatten\dut.$procdff$1251 ($dff) from module lsc1_packet_frontend_arch_reset_idle.
Setting constant 0-bit at position 281 on $flatten\dut.$procdff$1251 ($dff) from module lsc1_packet_frontend_arch_reset_idle.
Setting constant 0-bit at position 282 on $flatten\dut.$procdff$1251 ($dff) from module lsc1_packet_frontend_arch_reset_idle.
Setting constant 0-bit at position 283 on $flatten\dut.$procdff$1251 ($dff) from module lsc1_packet_frontend_arch_reset_idle.
Setting constant 0-bit at position 284 on $flatten\dut.$procdff$1251 ($dff) from module lsc1_packet_frontend_arch_reset_idle.
Setting constant 0-bit at position 285 on $flatten\dut.$procdff$1251 ($dff) from module lsc1_packet_frontend_arch_reset_idle.
Setting constant 0-bit at position 286 on $flatten\dut.$procdff$1251 ($dff) from module lsc1_packet_frontend_arch_reset_idle.
Setting constant 0-bit at position 287 on $flatten\dut.$procdff$1251 ($dff) from module lsc1_packet_frontend_arch_reset_idle.
Setting constant 0-bit at position 288 on $flatten\dut.$procdff$1251 ($dff) from module lsc1_packet_frontend_arch_reset_idle.
Setting constant 0-bit at position 289 on $flatten\dut.$procdff$1251 ($dff) from module lsc1_packet_frontend_arch_reset_idle.
Setting constant 0-bit at position 290 on $flatten\dut.$procdff$1251 ($dff) from module lsc1_packet_frontend_arch_reset_idle.
Setting constant 0-bit at position 291 on $flatten\dut.$procdff$1251 ($dff) from module lsc1_packet_frontend_arch_reset_idle.
Setting constant 0-bit at position 292 on $flatten\dut.$procdff$1251 ($dff) from module lsc1_packet_frontend_arch_reset_idle.
Setting constant 0-bit at position 293 on $flatten\dut.$procdff$1251 ($dff) from module lsc1_packet_frontend_arch_reset_idle.
Setting constant 0-bit at position 294 on $flatten\dut.$procdff$1251 ($dff) from module lsc1_packet_frontend_arch_reset_idle.
Setting constant 0-bit at position 295 on $flatten\dut.$procdff$1251 ($dff) from module lsc1_packet_frontend_arch_reset_idle.
Setting constant 0-bit at position 296 on $flatten\dut.$procdff$1251 ($dff) from module lsc1_packet_frontend_arch_reset_idle.
Setting constant 0-bit at position 297 on $flatten\dut.$procdff$1251 ($dff) from module lsc1_packet_frontend_arch_reset_idle.
Setting constant 0-bit at position 298 on $flatten\dut.$procdff$1251 ($dff) from module lsc1_packet_frontend_arch_reset_idle.
Setting constant 0-bit at position 299 on $flatten\dut.$procdff$1251 ($dff) from module lsc1_packet_frontend_arch_reset_idle.
Setting constant 0-bit at position 300 on $flatten\dut.$procdff$1251 ($dff) from module lsc1_packet_frontend_arch_reset_idle.
Setting constant 0-bit at position 301 on $flatten\dut.$procdff$1251 ($dff) from module lsc1_packet_frontend_arch_reset_idle.
Setting constant 0-bit at position 302 on $flatten\dut.$procdff$1251 ($dff) from module lsc1_packet_frontend_arch_reset_idle.
Setting constant 0-bit at position 303 on $flatten\dut.$procdff$1251 ($dff) from module lsc1_packet_frontend_arch_reset_idle.
Setting constant 0-bit at position 304 on $flatten\dut.$procdff$1251 ($dff) from module lsc1_packet_frontend_arch_reset_idle.
Setting constant 0-bit at position 305 on $flatten\dut.$procdff$1251 ($dff) from module lsc1_packet_frontend_arch_reset_idle.
Setting constant 0-bit at position 306 on $flatten\dut.$procdff$1251 ($dff) from module lsc1_packet_frontend_arch_reset_idle.
Setting constant 0-bit at position 307 on $flatten\dut.$procdff$1251 ($dff) from module lsc1_packet_frontend_arch_reset_idle.
Setting constant 0-bit at position 308 on $flatten\dut.$procdff$1251 ($dff) from module lsc1_packet_frontend_arch_reset_idle.
Setting constant 0-bit at position 309 on $flatten\dut.$procdff$1251 ($dff) from module lsc1_packet_frontend_arch_reset_idle.
Setting constant 0-bit at position 310 on $flatten\dut.$procdff$1251 ($dff) from module lsc1_packet_frontend_arch_reset_idle.
Setting constant 0-bit at position 311 on $flatten\dut.$procdff$1251 ($dff) from module lsc1_packet_frontend_arch_reset_idle.
Setting constant 0-bit at position 312 on $flatten\dut.$procdff$1251 ($dff) from module lsc1_packet_frontend_arch_reset_idle.
Setting constant 0-bit at position 313 on $flatten\dut.$procdff$1251 ($dff) from module lsc1_packet_frontend_arch_reset_idle.
Setting constant 0-bit at position 314 on $flatten\dut.$procdff$1251 ($dff) from module lsc1_packet_frontend_arch_reset_idle.
Setting constant 0-bit at position 315 on $flatten\dut.$procdff$1251 ($dff) from module lsc1_packet_frontend_arch_reset_idle.
Setting constant 0-bit at position 316 on $flatten\dut.$procdff$1251 ($dff) from module lsc1_packet_frontend_arch_reset_idle.
Setting constant 0-bit at position 317 on $flatten\dut.$procdff$1251 ($dff) from module lsc1_packet_frontend_arch_reset_idle.
Setting constant 0-bit at position 318 on $flatten\dut.$procdff$1251 ($dff) from module lsc1_packet_frontend_arch_reset_idle.
Setting constant 0-bit at position 319 on $flatten\dut.$procdff$1251 ($dff) from module lsc1_packet_frontend_arch_reset_idle.
Setting constant 0-bit at position 320 on $flatten\dut.$procdff$1251 ($dff) from module lsc1_packet_frontend_arch_reset_idle.
Setting constant 0-bit at position 321 on $flatten\dut.$procdff$1251 ($dff) from module lsc1_packet_frontend_arch_reset_idle.
Setting constant 0-bit at position 322 on $flatten\dut.$procdff$1251 ($dff) from module lsc1_packet_frontend_arch_reset_idle.
Setting constant 0-bit at position 323 on $flatten\dut.$procdff$1251 ($dff) from module lsc1_packet_frontend_arch_reset_idle.
Setting constant 0-bit at position 324 on $flatten\dut.$procdff$1251 ($dff) from module lsc1_packet_frontend_arch_reset_idle.
Setting constant 0-bit at position 325 on $flatten\dut.$procdff$1251 ($dff) from module lsc1_packet_frontend_arch_reset_idle.
Setting constant 0-bit at position 326 on $flatten\dut.$procdff$1251 ($dff) from module lsc1_packet_frontend_arch_reset_idle.
Setting constant 0-bit at position 327 on $flatten\dut.$procdff$1251 ($dff) from module lsc1_packet_frontend_arch_reset_idle.
Setting constant 0-bit at position 328 on $flatten\dut.$procdff$1251 ($dff) from module lsc1_packet_frontend_arch_reset_idle.
Setting constant 0-bit at position 329 on $flatten\dut.$procdff$1251 ($dff) from module lsc1_packet_frontend_arch_reset_idle.
Setting constant 0-bit at position 330 on $flatten\dut.$procdff$1251 ($dff) from module lsc1_packet_frontend_arch_reset_idle.
Setting constant 0-bit at position 331 on $flatten\dut.$procdff$1251 ($dff) from module lsc1_packet_frontend_arch_reset_idle.
Setting constant 0-bit at position 332 on $flatten\dut.$procdff$1251 ($dff) from module lsc1_packet_frontend_arch_reset_idle.
Setting constant 0-bit at position 333 on $flatten\dut.$procdff$1251 ($dff) from module lsc1_packet_frontend_arch_reset_idle.
Setting constant 0-bit at position 334 on $flatten\dut.$procdff$1251 ($dff) from module lsc1_packet_frontend_arch_reset_idle.
Setting constant 0-bit at position 335 on $flatten\dut.$procdff$1251 ($dff) from module lsc1_packet_frontend_arch_reset_idle.
Setting constant 0-bit at position 336 on $flatten\dut.$procdff$1251 ($dff) from module lsc1_packet_frontend_arch_reset_idle.
Setting constant 0-bit at position 337 on $flatten\dut.$procdff$1251 ($dff) from module lsc1_packet_frontend_arch_reset_idle.
Setting constant 0-bit at position 338 on $flatten\dut.$procdff$1251 ($dff) from module lsc1_packet_frontend_arch_reset_idle.
Setting constant 0-bit at position 339 on $flatten\dut.$procdff$1251 ($dff) from module lsc1_packet_frontend_arch_reset_idle.
Setting constant 0-bit at position 340 on $flatten\dut.$procdff$1251 ($dff) from module lsc1_packet_frontend_arch_reset_idle.
Setting constant 0-bit at position 341 on $flatten\dut.$procdff$1251 ($dff) from module lsc1_packet_frontend_arch_reset_idle.
Setting constant 0-bit at position 342 on $flatten\dut.$procdff$1251 ($dff) from module lsc1_packet_frontend_arch_reset_idle.
Setting constant 0-bit at position 343 on $flatten\dut.$procdff$1251 ($dff) from module lsc1_packet_frontend_arch_reset_idle.
Setting constant 0-bit at position 344 on $flatten\dut.$procdff$1251 ($dff) from module lsc1_packet_frontend_arch_reset_idle.
Setting constant 0-bit at position 345 on $flatten\dut.$procdff$1251 ($dff) from module lsc1_packet_frontend_arch_reset_idle.
Setting constant 0-bit at position 346 on $flatten\dut.$procdff$1251 ($dff) from module lsc1_packet_frontend_arch_reset_idle.
Setting constant 0-bit at position 347 on $flatten\dut.$procdff$1251 ($dff) from module lsc1_packet_frontend_arch_reset_idle.
Setting constant 0-bit at position 348 on $flatten\dut.$procdff$1251 ($dff) from module lsc1_packet_frontend_arch_reset_idle.
Setting constant 0-bit at position 349 on $flatten\dut.$procdff$1251 ($dff) from module lsc1_packet_frontend_arch_reset_idle.
Setting constant 0-bit at position 350 on $flatten\dut.$procdff$1251 ($dff) from module lsc1_packet_frontend_arch_reset_idle.
Setting constant 0-bit at position 351 on $flatten\dut.$procdff$1251 ($dff) from module lsc1_packet_frontend_arch_reset_idle.
Setting constant 0-bit at position 352 on $flatten\dut.$procdff$1251 ($dff) from module lsc1_packet_frontend_arch_reset_idle.
Setting constant 0-bit at position 353 on $flatten\dut.$procdff$1251 ($dff) from module lsc1_packet_frontend_arch_reset_idle.
Setting constant 0-bit at position 354 on $flatten\dut.$procdff$1251 ($dff) from module lsc1_packet_frontend_arch_reset_idle.
Setting constant 0-bit at position 355 on $flatten\dut.$procdff$1251 ($dff) from module lsc1_packet_frontend_arch_reset_idle.
Setting constant 0-bit at position 356 on $flatten\dut.$procdff$1251 ($dff) from module lsc1_packet_frontend_arch_reset_idle.
Setting constant 0-bit at position 357 on $flatten\dut.$procdff$1251 ($dff) from module lsc1_packet_frontend_arch_reset_idle.
Setting constant 0-bit at position 358 on $flatten\dut.$procdff$1251 ($dff) from module lsc1_packet_frontend_arch_reset_idle.
Setting constant 0-bit at position 359 on $flatten\dut.$procdff$1251 ($dff) from module lsc1_packet_frontend_arch_reset_idle.
Setting constant 0-bit at position 360 on $flatten\dut.$procdff$1251 ($dff) from module lsc1_packet_frontend_arch_reset_idle.
Setting constant 0-bit at position 361 on $flatten\dut.$procdff$1251 ($dff) from module lsc1_packet_frontend_arch_reset_idle.
Setting constant 0-bit at position 362 on $flatten\dut.$procdff$1251 ($dff) from module lsc1_packet_frontend_arch_reset_idle.
Setting constant 0-bit at position 363 on $flatten\dut.$procdff$1251 ($dff) from module lsc1_packet_frontend_arch_reset_idle.
Setting constant 0-bit at position 364 on $flatten\dut.$procdff$1251 ($dff) from module lsc1_packet_frontend_arch_reset_idle.
Setting constant 0-bit at position 365 on $flatten\dut.$procdff$1251 ($dff) from module lsc1_packet_frontend_arch_reset_idle.
Setting constant 0-bit at position 366 on $flatten\dut.$procdff$1251 ($dff) from module lsc1_packet_frontend_arch_reset_idle.
Setting constant 0-bit at position 367 on $flatten\dut.$procdff$1251 ($dff) from module lsc1_packet_frontend_arch_reset_idle.
Setting constant 0-bit at position 368 on $flatten\dut.$procdff$1251 ($dff) from module lsc1_packet_frontend_arch_reset_idle.
Setting constant 0-bit at position 369 on $flatten\dut.$procdff$1251 ($dff) from module lsc1_packet_frontend_arch_reset_idle.
Setting constant 0-bit at position 370 on $flatten\dut.$procdff$1251 ($dff) from module lsc1_packet_frontend_arch_reset_idle.
Setting constant 0-bit at position 371 on $flatten\dut.$procdff$1251 ($dff) from module lsc1_packet_frontend_arch_reset_idle.
Setting constant 0-bit at position 372 on $flatten\dut.$procdff$1251 ($dff) from module lsc1_packet_frontend_arch_reset_idle.
Setting constant 0-bit at position 373 on $flatten\dut.$procdff$1251 ($dff) from module lsc1_packet_frontend_arch_reset_idle.
Setting constant 0-bit at position 374 on $flatten\dut.$procdff$1251 ($dff) from module lsc1_packet_frontend_arch_reset_idle.
Setting constant 0-bit at position 375 on $flatten\dut.$procdff$1251 ($dff) from module lsc1_packet_frontend_arch_reset_idle.
Setting constant 0-bit at position 376 on $flatten\dut.$procdff$1251 ($dff) from module lsc1_packet_frontend_arch_reset_idle.
Setting constant 0-bit at position 377 on $flatten\dut.$procdff$1251 ($dff) from module lsc1_packet_frontend_arch_reset_idle.
Setting constant 0-bit at position 378 on $flatten\dut.$procdff$1251 ($dff) from module lsc1_packet_frontend_arch_reset_idle.
Setting constant 0-bit at position 379 on $flatten\dut.$procdff$1251 ($dff) from module lsc1_packet_frontend_arch_reset_idle.
Setting constant 0-bit at position 380 on $flatten\dut.$procdff$1251 ($dff) from module lsc1_packet_frontend_arch_reset_idle.
Setting constant 0-bit at position 381 on $flatten\dut.$procdff$1251 ($dff) from module lsc1_packet_frontend_arch_reset_idle.
Setting constant 0-bit at position 382 on $flatten\dut.$procdff$1251 ($dff) from module lsc1_packet_frontend_arch_reset_idle.
Setting constant 0-bit at position 383 on $flatten\dut.$procdff$1251 ($dff) from module lsc1_packet_frontend_arch_reset_idle.
Setting constant 0-bit at position 384 on $flatten\dut.$procdff$1251 ($dff) from module lsc1_packet_frontend_arch_reset_idle.
Setting constant 0-bit at position 385 on $flatten\dut.$procdff$1251 ($dff) from module lsc1_packet_frontend_arch_reset_idle.
Setting constant 0-bit at position 386 on $flatten\dut.$procdff$1251 ($dff) from module lsc1_packet_frontend_arch_reset_idle.
Setting constant 0-bit at position 387 on $flatten\dut.$procdff$1251 ($dff) from module lsc1_packet_frontend_arch_reset_idle.
Setting constant 0-bit at position 388 on $flatten\dut.$procdff$1251 ($dff) from module lsc1_packet_frontend_arch_reset_idle.
Setting constant 0-bit at position 389 on $flatten\dut.$procdff$1251 ($dff) from module lsc1_packet_frontend_arch_reset_idle.
Setting constant 0-bit at position 390 on $flatten\dut.$procdff$1251 ($dff) from module lsc1_packet_frontend_arch_reset_idle.
Setting constant 0-bit at position 391 on $flatten\dut.$procdff$1251 ($dff) from module lsc1_packet_frontend_arch_reset_idle.
Setting constant 0-bit at position 392 on $flatten\dut.$procdff$1251 ($dff) from module lsc1_packet_frontend_arch_reset_idle.
Setting constant 0-bit at position 393 on $flatten\dut.$procdff$1251 ($dff) from module lsc1_packet_frontend_arch_reset_idle.
Setting constant 0-bit at position 394 on $flatten\dut.$procdff$1251 ($dff) from module lsc1_packet_frontend_arch_reset_idle.
Setting constant 0-bit at position 395 on $flatten\dut.$procdff$1251 ($dff) from module lsc1_packet_frontend_arch_reset_idle.
Setting constant 0-bit at position 396 on $flatten\dut.$procdff$1251 ($dff) from module lsc1_packet_frontend_arch_reset_idle.
Setting constant 0-bit at position 397 on $flatten\dut.$procdff$1251 ($dff) from module lsc1_packet_frontend_arch_reset_idle.
Setting constant 0-bit at position 398 on $flatten\dut.$procdff$1251 ($dff) from module lsc1_packet_frontend_arch_reset_idle.
Setting constant 0-bit at position 399 on $flatten\dut.$procdff$1251 ($dff) from module lsc1_packet_frontend_arch_reset_idle.
Setting constant 0-bit at position 400 on $flatten\dut.$procdff$1251 ($dff) from module lsc1_packet_frontend_arch_reset_idle.
Setting constant 0-bit at position 401 on $flatten\dut.$procdff$1251 ($dff) from module lsc1_packet_frontend_arch_reset_idle.
Setting constant 0-bit at position 402 on $flatten\dut.$procdff$1251 ($dff) from module lsc1_packet_frontend_arch_reset_idle.
Setting constant 0-bit at position 403 on $flatten\dut.$procdff$1251 ($dff) from module lsc1_packet_frontend_arch_reset_idle.
Setting constant 0-bit at position 404 on $flatten\dut.$procdff$1251 ($dff) from module lsc1_packet_frontend_arch_reset_idle.
Setting constant 0-bit at position 405 on $flatten\dut.$procdff$1251 ($dff) from module lsc1_packet_frontend_arch_reset_idle.
Setting constant 0-bit at position 406 on $flatten\dut.$procdff$1251 ($dff) from module lsc1_packet_frontend_arch_reset_idle.
Setting constant 0-bit at position 407 on $flatten\dut.$procdff$1251 ($dff) from module lsc1_packet_frontend_arch_reset_idle.
Setting constant 0-bit at position 408 on $flatten\dut.$procdff$1251 ($dff) from module lsc1_packet_frontend_arch_reset_idle.
Setting constant 0-bit at position 409 on $flatten\dut.$procdff$1251 ($dff) from module lsc1_packet_frontend_arch_reset_idle.
Setting constant 0-bit at position 410 on $flatten\dut.$procdff$1251 ($dff) from module lsc1_packet_frontend_arch_reset_idle.
Setting constant 0-bit at position 411 on $flatten\dut.$procdff$1251 ($dff) from module lsc1_packet_frontend_arch_reset_idle.
Setting constant 0-bit at position 412 on $flatten\dut.$procdff$1251 ($dff) from module lsc1_packet_frontend_arch_reset_idle.
Setting constant 0-bit at position 413 on $flatten\dut.$procdff$1251 ($dff) from module lsc1_packet_frontend_arch_reset_idle.
Setting constant 0-bit at position 414 on $flatten\dut.$procdff$1251 ($dff) from module lsc1_packet_frontend_arch_reset_idle.
Setting constant 0-bit at position 415 on $flatten\dut.$procdff$1251 ($dff) from module lsc1_packet_frontend_arch_reset_idle.
Setting constant 0-bit at position 416 on $flatten\dut.$procdff$1251 ($dff) from module lsc1_packet_frontend_arch_reset_idle.
Setting constant 0-bit at position 417 on $flatten\dut.$procdff$1251 ($dff) from module lsc1_packet_frontend_arch_reset_idle.
Setting constant 0-bit at position 418 on $flatten\dut.$procdff$1251 ($dff) from module lsc1_packet_frontend_arch_reset_idle.
Setting constant 0-bit at position 419 on $flatten\dut.$procdff$1251 ($dff) from module lsc1_packet_frontend_arch_reset_idle.
Setting constant 0-bit at position 420 on $flatten\dut.$procdff$1251 ($dff) from module lsc1_packet_frontend_arch_reset_idle.
Setting constant 0-bit at position 421 on $flatten\dut.$procdff$1251 ($dff) from module lsc1_packet_frontend_arch_reset_idle.
Setting constant 0-bit at position 422 on $flatten\dut.$procdff$1251 ($dff) from module lsc1_packet_frontend_arch_reset_idle.
Setting constant 0-bit at position 423 on $flatten\dut.$procdff$1251 ($dff) from module lsc1_packet_frontend_arch_reset_idle.
Setting constant 0-bit at position 424 on $flatten\dut.$procdff$1251 ($dff) from module lsc1_packet_frontend_arch_reset_idle.
Setting constant 0-bit at position 425 on $flatten\dut.$procdff$1251 ($dff) from module lsc1_packet_frontend_arch_reset_idle.
Setting constant 0-bit at position 426 on $flatten\dut.$procdff$1251 ($dff) from module lsc1_packet_frontend_arch_reset_idle.
Setting constant 0-bit at position 427 on $flatten\dut.$procdff$1251 ($dff) from module lsc1_packet_frontend_arch_reset_idle.
Setting constant 0-bit at position 428 on $flatten\dut.$procdff$1251 ($dff) from module lsc1_packet_frontend_arch_reset_idle.
Setting constant 0-bit at position 429 on $flatten\dut.$procdff$1251 ($dff) from module lsc1_packet_frontend_arch_reset_idle.
Setting constant 0-bit at position 430 on $flatten\dut.$procdff$1251 ($dff) from module lsc1_packet_frontend_arch_reset_idle.
Setting constant 0-bit at position 431 on $flatten\dut.$procdff$1251 ($dff) from module lsc1_packet_frontend_arch_reset_idle.
Setting constant 0-bit at position 432 on $flatten\dut.$procdff$1251 ($dff) from module lsc1_packet_frontend_arch_reset_idle.
Setting constant 0-bit at position 433 on $flatten\dut.$procdff$1251 ($dff) from module lsc1_packet_frontend_arch_reset_idle.
Setting constant 0-bit at position 434 on $flatten\dut.$procdff$1251 ($dff) from module lsc1_packet_frontend_arch_reset_idle.
Setting constant 0-bit at position 435 on $flatten\dut.$procdff$1251 ($dff) from module lsc1_packet_frontend_arch_reset_idle.
Setting constant 0-bit at position 436 on $flatten\dut.$procdff$1251 ($dff) from module lsc1_packet_frontend_arch_reset_idle.
Setting constant 0-bit at position 437 on $flatten\dut.$procdff$1251 ($dff) from module lsc1_packet_frontend_arch_reset_idle.
Setting constant 0-bit at position 438 on $flatten\dut.$procdff$1251 ($dff) from module lsc1_packet_frontend_arch_reset_idle.
Setting constant 0-bit at position 439 on $flatten\dut.$procdff$1251 ($dff) from module lsc1_packet_frontend_arch_reset_idle.
Setting constant 0-bit at position 440 on $flatten\dut.$procdff$1251 ($dff) from module lsc1_packet_frontend_arch_reset_idle.
Setting constant 0-bit at position 441 on $flatten\dut.$procdff$1251 ($dff) from module lsc1_packet_frontend_arch_reset_idle.
Setting constant 0-bit at position 442 on $flatten\dut.$procdff$1251 ($dff) from module lsc1_packet_frontend_arch_reset_idle.
Setting constant 0-bit at position 443 on $flatten\dut.$procdff$1251 ($dff) from module lsc1_packet_frontend_arch_reset_idle.
Setting constant 0-bit at position 444 on $flatten\dut.$procdff$1251 ($dff) from module lsc1_packet_frontend_arch_reset_idle.
Setting constant 0-bit at position 445 on $flatten\dut.$procdff$1251 ($dff) from module lsc1_packet_frontend_arch_reset_idle.
Setting constant 0-bit at position 446 on $flatten\dut.$procdff$1251 ($dff) from module lsc1_packet_frontend_arch_reset_idle.
Setting constant 0-bit at position 447 on $flatten\dut.$procdff$1251 ($dff) from module lsc1_packet_frontend_arch_reset_idle.
Setting constant 0-bit at position 448 on $flatten\dut.$procdff$1251 ($dff) from module lsc1_packet_frontend_arch_reset_idle.
Setting constant 0-bit at position 449 on $flatten\dut.$procdff$1251 ($dff) from module lsc1_packet_frontend_arch_reset_idle.
Setting constant 0-bit at position 450 on $flatten\dut.$procdff$1251 ($dff) from module lsc1_packet_frontend_arch_reset_idle.
Setting constant 0-bit at position 451 on $flatten\dut.$procdff$1251 ($dff) from module lsc1_packet_frontend_arch_reset_idle.
Setting constant 0-bit at position 452 on $flatten\dut.$procdff$1251 ($dff) from module lsc1_packet_frontend_arch_reset_idle.
Setting constant 0-bit at position 453 on $flatten\dut.$procdff$1251 ($dff) from module lsc1_packet_frontend_arch_reset_idle.
Setting constant 0-bit at position 454 on $flatten\dut.$procdff$1251 ($dff) from module lsc1_packet_frontend_arch_reset_idle.
Setting constant 0-bit at position 455 on $flatten\dut.$procdff$1251 ($dff) from module lsc1_packet_frontend_arch_reset_idle.
Setting constant 0-bit at position 456 on $flatten\dut.$procdff$1251 ($dff) from module lsc1_packet_frontend_arch_reset_idle.
Setting constant 0-bit at position 457 on $flatten\dut.$procdff$1251 ($dff) from module lsc1_packet_frontend_arch_reset_idle.
Setting constant 0-bit at position 458 on $flatten\dut.$procdff$1251 ($dff) from module lsc1_packet_frontend_arch_reset_idle.
Setting constant 0-bit at position 459 on $flatten\dut.$procdff$1251 ($dff) from module lsc1_packet_frontend_arch_reset_idle.
Setting constant 0-bit at position 460 on $flatten\dut.$procdff$1251 ($dff) from module lsc1_packet_frontend_arch_reset_idle.
Setting constant 0-bit at position 461 on $flatten\dut.$procdff$1251 ($dff) from module lsc1_packet_frontend_arch_reset_idle.
Setting constant 0-bit at position 462 on $flatten\dut.$procdff$1251 ($dff) from module lsc1_packet_frontend_arch_reset_idle.
Setting constant 0-bit at position 463 on $flatten\dut.$procdff$1251 ($dff) from module lsc1_packet_frontend_arch_reset_idle.
Setting constant 0-bit at position 464 on $flatten\dut.$procdff$1251 ($dff) from module lsc1_packet_frontend_arch_reset_idle.
Setting constant 0-bit at position 465 on $flatten\dut.$procdff$1251 ($dff) from module lsc1_packet_frontend_arch_reset_idle.
Setting constant 0-bit at position 466 on $flatten\dut.$procdff$1251 ($dff) from module lsc1_packet_frontend_arch_reset_idle.
Setting constant 0-bit at position 467 on $flatten\dut.$procdff$1251 ($dff) from module lsc1_packet_frontend_arch_reset_idle.
Setting constant 0-bit at position 468 on $flatten\dut.$procdff$1251 ($dff) from module lsc1_packet_frontend_arch_reset_idle.
Setting constant 0-bit at position 469 on $flatten\dut.$procdff$1251 ($dff) from module lsc1_packet_frontend_arch_reset_idle.
Setting constant 0-bit at position 470 on $flatten\dut.$procdff$1251 ($dff) from module lsc1_packet_frontend_arch_reset_idle.
Setting constant 0-bit at position 471 on $flatten\dut.$procdff$1251 ($dff) from module lsc1_packet_frontend_arch_reset_idle.
Setting constant 0-bit at position 472 on $flatten\dut.$procdff$1251 ($dff) from module lsc1_packet_frontend_arch_reset_idle.
Setting constant 0-bit at position 473 on $flatten\dut.$procdff$1251 ($dff) from module lsc1_packet_frontend_arch_reset_idle.
Setting constant 0-bit at position 474 on $flatten\dut.$procdff$1251 ($dff) from module lsc1_packet_frontend_arch_reset_idle.
Setting constant 0-bit at position 475 on $flatten\dut.$procdff$1251 ($dff) from module lsc1_packet_frontend_arch_reset_idle.
Setting constant 0-bit at position 476 on $flatten\dut.$procdff$1251 ($dff) from module lsc1_packet_frontend_arch_reset_idle.
Setting constant 0-bit at position 477 on $flatten\dut.$procdff$1251 ($dff) from module lsc1_packet_frontend_arch_reset_idle.
Setting constant 0-bit at position 478 on $flatten\dut.$procdff$1251 ($dff) from module lsc1_packet_frontend_arch_reset_idle.
Setting constant 0-bit at position 479 on $flatten\dut.$procdff$1251 ($dff) from module lsc1_packet_frontend_arch_reset_idle.
Setting constant 0-bit at position 480 on $flatten\dut.$procdff$1251 ($dff) from module lsc1_packet_frontend_arch_reset_idle.
Setting constant 0-bit at position 481 on $flatten\dut.$procdff$1251 ($dff) from module lsc1_packet_frontend_arch_reset_idle.
Setting constant 0-bit at position 482 on $flatten\dut.$procdff$1251 ($dff) from module lsc1_packet_frontend_arch_reset_idle.
Setting constant 0-bit at position 483 on $flatten\dut.$procdff$1251 ($dff) from module lsc1_packet_frontend_arch_reset_idle.
Setting constant 0-bit at position 484 on $flatten\dut.$procdff$1251 ($dff) from module lsc1_packet_frontend_arch_reset_idle.
Setting constant 0-bit at position 485 on $flatten\dut.$procdff$1251 ($dff) from module lsc1_packet_frontend_arch_reset_idle.
Setting constant 0-bit at position 486 on $flatten\dut.$procdff$1251 ($dff) from module lsc1_packet_frontend_arch_reset_idle.
Setting constant 0-bit at position 487 on $flatten\dut.$procdff$1251 ($dff) from module lsc1_packet_frontend_arch_reset_idle.
Setting constant 0-bit at position 488 on $flatten\dut.$procdff$1251 ($dff) from module lsc1_packet_frontend_arch_reset_idle.
Setting constant 0-bit at position 489 on $flatten\dut.$procdff$1251 ($dff) from module lsc1_packet_frontend_arch_reset_idle.
Setting constant 0-bit at position 490 on $flatten\dut.$procdff$1251 ($dff) from module lsc1_packet_frontend_arch_reset_idle.
Setting constant 0-bit at position 491 on $flatten\dut.$procdff$1251 ($dff) from module lsc1_packet_frontend_arch_reset_idle.
Setting constant 0-bit at position 492 on $flatten\dut.$procdff$1251 ($dff) from module lsc1_packet_frontend_arch_reset_idle.
Setting constant 0-bit at position 493 on $flatten\dut.$procdff$1251 ($dff) from module lsc1_packet_frontend_arch_reset_idle.
Setting constant 0-bit at position 494 on $flatten\dut.$procdff$1251 ($dff) from module lsc1_packet_frontend_arch_reset_idle.
Setting constant 0-bit at position 495 on $flatten\dut.$procdff$1251 ($dff) from module lsc1_packet_frontend_arch_reset_idle.
Setting constant 0-bit at position 496 on $flatten\dut.$procdff$1251 ($dff) from module lsc1_packet_frontend_arch_reset_idle.
Setting constant 0-bit at position 497 on $flatten\dut.$procdff$1251 ($dff) from module lsc1_packet_frontend_arch_reset_idle.
Setting constant 0-bit at position 498 on $flatten\dut.$procdff$1251 ($dff) from module lsc1_packet_frontend_arch_reset_idle.
Setting constant 0-bit at position 499 on $flatten\dut.$procdff$1251 ($dff) from module lsc1_packet_frontend_arch_reset_idle.
Setting constant 0-bit at position 500 on $flatten\dut.$procdff$1251 ($dff) from module lsc1_packet_frontend_arch_reset_idle.
Setting constant 0-bit at position 501 on $flatten\dut.$procdff$1251 ($dff) from module lsc1_packet_frontend_arch_reset_idle.
Setting constant 0-bit at position 502 on $flatten\dut.$procdff$1251 ($dff) from module lsc1_packet_frontend_arch_reset_idle.
Setting constant 0-bit at position 503 on $flatten\dut.$procdff$1251 ($dff) from module lsc1_packet_frontend_arch_reset_idle.
Setting constant 0-bit at position 504 on $flatten\dut.$procdff$1251 ($dff) from module lsc1_packet_frontend_arch_reset_idle.
Setting constant 0-bit at position 505 on $flatten\dut.$procdff$1251 ($dff) from module lsc1_packet_frontend_arch_reset_idle.
Setting constant 0-bit at position 506 on $flatten\dut.$procdff$1251 ($dff) from module lsc1_packet_frontend_arch_reset_idle.
Setting constant 0-bit at position 507 on $flatten\dut.$procdff$1251 ($dff) from module lsc1_packet_frontend_arch_reset_idle.
Setting constant 0-bit at position 508 on $flatten\dut.$procdff$1251 ($dff) from module lsc1_packet_frontend_arch_reset_idle.
Setting constant 0-bit at position 509 on $flatten\dut.$procdff$1251 ($dff) from module lsc1_packet_frontend_arch_reset_idle.
Setting constant 0-bit at position 510 on $flatten\dut.$procdff$1251 ($dff) from module lsc1_packet_frontend_arch_reset_idle.
Setting constant 0-bit at position 511 on $flatten\dut.$procdff$1251 ($dff) from module lsc1_packet_frontend_arch_reset_idle.
Setting constant 0-bit at position 512 on $flatten\dut.$procdff$1251 ($dff) from module lsc1_packet_frontend_arch_reset_idle.
Setting constant 0-bit at position 513 on $flatten\dut.$procdff$1251 ($dff) from module lsc1_packet_frontend_arch_reset_idle.
Setting constant 0-bit at position 514 on $flatten\dut.$procdff$1251 ($dff) from module lsc1_packet_frontend_arch_reset_idle.
Setting constant 0-bit at position 515 on $flatten\dut.$procdff$1251 ($dff) from module lsc1_packet_frontend_arch_reset_idle.
Setting constant 0-bit at position 516 on $flatten\dut.$procdff$1251 ($dff) from module lsc1_packet_frontend_arch_reset_idle.
Setting constant 0-bit at position 517 on $flatten\dut.$procdff$1251 ($dff) from module lsc1_packet_frontend_arch_reset_idle.
Setting constant 0-bit at position 518 on $flatten\dut.$procdff$1251 ($dff) from module lsc1_packet_frontend_arch_reset_idle.
Setting constant 0-bit at position 519 on $flatten\dut.$procdff$1251 ($dff) from module lsc1_packet_frontend_arch_reset_idle.
Setting constant 0-bit at position 520 on $flatten\dut.$procdff$1251 ($dff) from module lsc1_packet_frontend_arch_reset_idle.
Setting constant 0-bit at position 521 on $flatten\dut.$procdff$1251 ($dff) from module lsc1_packet_frontend_arch_reset_idle.
Setting constant 0-bit at position 522 on $flatten\dut.$procdff$1251 ($dff) from module lsc1_packet_frontend_arch_reset_idle.
Setting constant 0-bit at position 523 on $flatten\dut.$procdff$1251 ($dff) from module lsc1_packet_frontend_arch_reset_idle.
Setting constant 0-bit at position 524 on $flatten\dut.$procdff$1251 ($dff) from module lsc1_packet_frontend_arch_reset_idle.
Setting constant 0-bit at position 525 on $flatten\dut.$procdff$1251 ($dff) from module lsc1_packet_frontend_arch_reset_idle.
Setting constant 0-bit at position 526 on $flatten\dut.$procdff$1251 ($dff) from module lsc1_packet_frontend_arch_reset_idle.
Setting constant 0-bit at position 527 on $flatten\dut.$procdff$1251 ($dff) from module lsc1_packet_frontend_arch_reset_idle.
Setting constant 0-bit at position 528 on $flatten\dut.$procdff$1251 ($dff) from module lsc1_packet_frontend_arch_reset_idle.
Setting constant 0-bit at position 529 on $flatten\dut.$procdff$1251 ($dff) from module lsc1_packet_frontend_arch_reset_idle.
Setting constant 0-bit at position 530 on $flatten\dut.$procdff$1251 ($dff) from module lsc1_packet_frontend_arch_reset_idle.
Setting constant 0-bit at position 531 on $flatten\dut.$procdff$1251 ($dff) from module lsc1_packet_frontend_arch_reset_idle.
Setting constant 0-bit at position 532 on $flatten\dut.$procdff$1251 ($dff) from module lsc1_packet_frontend_arch_reset_idle.
Setting constant 0-bit at position 533 on $flatten\dut.$procdff$1251 ($dff) from module lsc1_packet_frontend_arch_reset_idle.
Setting constant 0-bit at position 534 on $flatten\dut.$procdff$1251 ($dff) from module lsc1_packet_frontend_arch_reset_idle.
Setting constant 0-bit at position 535 on $flatten\dut.$procdff$1251 ($dff) from module lsc1_packet_frontend_arch_reset_idle.
Setting constant 0-bit at position 536 on $flatten\dut.$procdff$1251 ($dff) from module lsc1_packet_frontend_arch_reset_idle.
Setting constant 0-bit at position 537 on $flatten\dut.$procdff$1251 ($dff) from module lsc1_packet_frontend_arch_reset_idle.
Setting constant 0-bit at position 538 on $flatten\dut.$procdff$1251 ($dff) from module lsc1_packet_frontend_arch_reset_idle.
Setting constant 0-bit at position 539 on $flatten\dut.$procdff$1251 ($dff) from module lsc1_packet_frontend_arch_reset_idle.
Setting constant 0-bit at position 540 on $flatten\dut.$procdff$1251 ($dff) from module lsc1_packet_frontend_arch_reset_idle.
Setting constant 0-bit at position 541 on $flatten\dut.$procdff$1251 ($dff) from module lsc1_packet_frontend_arch_reset_idle.
Setting constant 0-bit at position 542 on $flatten\dut.$procdff$1251 ($dff) from module lsc1_packet_frontend_arch_reset_idle.
Setting constant 0-bit at position 543 on $flatten\dut.$procdff$1251 ($dff) from module lsc1_packet_frontend_arch_reset_idle.
Setting constant 0-bit at position 544 on $flatten\dut.$procdff$1251 ($dff) from module lsc1_packet_frontend_arch_reset_idle.
Setting constant 0-bit at position 545 on $flatten\dut.$procdff$1251 ($dff) from module lsc1_packet_frontend_arch_reset_idle.
Setting constant 0-bit at position 546 on $flatten\dut.$procdff$1251 ($dff) from module lsc1_packet_frontend_arch_reset_idle.
Setting constant 0-bit at position 547 on $flatten\dut.$procdff$1251 ($dff) from module lsc1_packet_frontend_arch_reset_idle.
Setting constant 0-bit at position 548 on $flatten\dut.$procdff$1251 ($dff) from module lsc1_packet_frontend_arch_reset_idle.
Setting constant 0-bit at position 549 on $flatten\dut.$procdff$1251 ($dff) from module lsc1_packet_frontend_arch_reset_idle.
Setting constant 0-bit at position 550 on $flatten\dut.$procdff$1251 ($dff) from module lsc1_packet_frontend_arch_reset_idle.
Setting constant 0-bit at position 551 on $flatten\dut.$procdff$1251 ($dff) from module lsc1_packet_frontend_arch_reset_idle.
Setting constant 0-bit at position 552 on $flatten\dut.$procdff$1251 ($dff) from module lsc1_packet_frontend_arch_reset_idle.
Setting constant 0-bit at position 553 on $flatten\dut.$procdff$1251 ($dff) from module lsc1_packet_frontend_arch_reset_idle.
Setting constant 0-bit at position 554 on $flatten\dut.$procdff$1251 ($dff) from module lsc1_packet_frontend_arch_reset_idle.
Setting constant 0-bit at position 555 on $flatten\dut.$procdff$1251 ($dff) from module lsc1_packet_frontend_arch_reset_idle.
Setting constant 0-bit at position 556 on $flatten\dut.$procdff$1251 ($dff) from module lsc1_packet_frontend_arch_reset_idle.
Setting constant 0-bit at position 557 on $flatten\dut.$procdff$1251 ($dff) from module lsc1_packet_frontend_arch_reset_idle.
Setting constant 0-bit at position 558 on $flatten\dut.$procdff$1251 ($dff) from module lsc1_packet_frontend_arch_reset_idle.
Setting constant 0-bit at position 559 on $flatten\dut.$procdff$1251 ($dff) from module lsc1_packet_frontend_arch_reset_idle.
Setting constant 0-bit at position 560 on $flatten\dut.$procdff$1251 ($dff) from module lsc1_packet_frontend_arch_reset_idle.
Setting constant 0-bit at position 561 on $flatten\dut.$procdff$1251 ($dff) from module lsc1_packet_frontend_arch_reset_idle.
Setting constant 0-bit at position 562 on $flatten\dut.$procdff$1251 ($dff) from module lsc1_packet_frontend_arch_reset_idle.
Setting constant 0-bit at position 563 on $flatten\dut.$procdff$1251 ($dff) from module lsc1_packet_frontend_arch_reset_idle.
Setting constant 0-bit at position 564 on $flatten\dut.$procdff$1251 ($dff) from module lsc1_packet_frontend_arch_reset_idle.
Setting constant 0-bit at position 565 on $flatten\dut.$procdff$1251 ($dff) from module lsc1_packet_frontend_arch_reset_idle.
Setting constant 0-bit at position 566 on $flatten\dut.$procdff$1251 ($dff) from module lsc1_packet_frontend_arch_reset_idle.
Setting constant 0-bit at position 567 on $flatten\dut.$procdff$1251 ($dff) from module lsc1_packet_frontend_arch_reset_idle.
Setting constant 0-bit at position 568 on $flatten\dut.$procdff$1251 ($dff) from module lsc1_packet_frontend_arch_reset_idle.
Setting constant 0-bit at position 569 on $flatten\dut.$procdff$1251 ($dff) from module lsc1_packet_frontend_arch_reset_idle.
Setting constant 0-bit at position 570 on $flatten\dut.$procdff$1251 ($dff) from module lsc1_packet_frontend_arch_reset_idle.
Setting constant 0-bit at position 571 on $flatten\dut.$procdff$1251 ($dff) from module lsc1_packet_frontend_arch_reset_idle.
Setting constant 0-bit at position 572 on $flatten\dut.$procdff$1251 ($dff) from module lsc1_packet_frontend_arch_reset_idle.
Setting constant 0-bit at position 573 on $flatten\dut.$procdff$1251 ($dff) from module lsc1_packet_frontend_arch_reset_idle.
Setting constant 0-bit at position 574 on $flatten\dut.$procdff$1251 ($dff) from module lsc1_packet_frontend_arch_reset_idle.
Setting constant 0-bit at position 575 on $flatten\dut.$procdff$1251 ($dff) from module lsc1_packet_frontend_arch_reset_idle.
Setting constant 0-bit at position 576 on $flatten\dut.$procdff$1251 ($dff) from module lsc1_packet_frontend_arch_reset_idle.
Setting constant 0-bit at position 577 on $flatten\dut.$procdff$1251 ($dff) from module lsc1_packet_frontend_arch_reset_idle.
Setting constant 0-bit at position 578 on $flatten\dut.$procdff$1251 ($dff) from module lsc1_packet_frontend_arch_reset_idle.
Setting constant 0-bit at position 579 on $flatten\dut.$procdff$1251 ($dff) from module lsc1_packet_frontend_arch_reset_idle.
Setting constant 0-bit at position 580 on $flatten\dut.$procdff$1251 ($dff) from module lsc1_packet_frontend_arch_reset_idle.
Setting constant 0-bit at position 581 on $flatten\dut.$procdff$1251 ($dff) from module lsc1_packet_frontend_arch_reset_idle.
Setting constant 0-bit at position 582 on $flatten\dut.$procdff$1251 ($dff) from module lsc1_packet_frontend_arch_reset_idle.
Setting constant 0-bit at position 583 on $flatten\dut.$procdff$1251 ($dff) from module lsc1_packet_frontend_arch_reset_idle.
Setting constant 0-bit at position 584 on $flatten\dut.$procdff$1251 ($dff) from module lsc1_packet_frontend_arch_reset_idle.
Setting constant 0-bit at position 585 on $flatten\dut.$procdff$1251 ($dff) from module lsc1_packet_frontend_arch_reset_idle.
Setting constant 0-bit at position 586 on $flatten\dut.$procdff$1251 ($dff) from module lsc1_packet_frontend_arch_reset_idle.
Setting constant 0-bit at position 587 on $flatten\dut.$procdff$1251 ($dff) from module lsc1_packet_frontend_arch_reset_idle.
Setting constant 0-bit at position 588 on $flatten\dut.$procdff$1251 ($dff) from module lsc1_packet_frontend_arch_reset_idle.
Setting constant 0-bit at position 589 on $flatten\dut.$procdff$1251 ($dff) from module lsc1_packet_frontend_arch_reset_idle.
Setting constant 0-bit at position 590 on $flatten\dut.$procdff$1251 ($dff) from module lsc1_packet_frontend_arch_reset_idle.
Setting constant 0-bit at position 591 on $flatten\dut.$procdff$1251 ($dff) from module lsc1_packet_frontend_arch_reset_idle.
Setting constant 0-bit at position 592 on $flatten\dut.$procdff$1251 ($dff) from module lsc1_packet_frontend_arch_reset_idle.
Setting constant 0-bit at position 593 on $flatten\dut.$procdff$1251 ($dff) from module lsc1_packet_frontend_arch_reset_idle.
Setting constant 0-bit at position 594 on $flatten\dut.$procdff$1251 ($dff) from module lsc1_packet_frontend_arch_reset_idle.
Setting constant 0-bit at position 595 on $flatten\dut.$procdff$1251 ($dff) from module lsc1_packet_frontend_arch_reset_idle.
Setting constant 0-bit at position 596 on $flatten\dut.$procdff$1251 ($dff) from module lsc1_packet_frontend_arch_reset_idle.
Setting constant 0-bit at position 597 on $flatten\dut.$procdff$1251 ($dff) from module lsc1_packet_frontend_arch_reset_idle.
Setting constant 0-bit at position 598 on $flatten\dut.$procdff$1251 ($dff) from module lsc1_packet_frontend_arch_reset_idle.
Setting constant 0-bit at position 599 on $flatten\dut.$procdff$1251 ($dff) from module lsc1_packet_frontend_arch_reset_idle.
Setting constant 0-bit at position 600 on $flatten\dut.$procdff$1251 ($dff) from module lsc1_packet_frontend_arch_reset_idle.
Setting constant 0-bit at position 601 on $flatten\dut.$procdff$1251 ($dff) from module lsc1_packet_frontend_arch_reset_idle.
Setting constant 0-bit at position 602 on $flatten\dut.$procdff$1251 ($dff) from module lsc1_packet_frontend_arch_reset_idle.
Setting constant 0-bit at position 603 on $flatten\dut.$procdff$1251 ($dff) from module lsc1_packet_frontend_arch_reset_idle.
Setting constant 0-bit at position 604 on $flatten\dut.$procdff$1251 ($dff) from module lsc1_packet_frontend_arch_reset_idle.
Setting constant 0-bit at position 605 on $flatten\dut.$procdff$1251 ($dff) from module lsc1_packet_frontend_arch_reset_idle.
Setting constant 0-bit at position 606 on $flatten\dut.$procdff$1251 ($dff) from module lsc1_packet_frontend_arch_reset_idle.
Setting constant 0-bit at position 607 on $flatten\dut.$procdff$1251 ($dff) from module lsc1_packet_frontend_arch_reset_idle.
Setting constant 0-bit at position 608 on $flatten\dut.$procdff$1251 ($dff) from module lsc1_packet_frontend_arch_reset_idle.
Setting constant 0-bit at position 609 on $flatten\dut.$procdff$1251 ($dff) from module lsc1_packet_frontend_arch_reset_idle.
Setting constant 0-bit at position 610 on $flatten\dut.$procdff$1251 ($dff) from module lsc1_packet_frontend_arch_reset_idle.
Setting constant 0-bit at position 611 on $flatten\dut.$procdff$1251 ($dff) from module lsc1_packet_frontend_arch_reset_idle.
Setting constant 0-bit at position 612 on $flatten\dut.$procdff$1251 ($dff) from module lsc1_packet_frontend_arch_reset_idle.
Setting constant 0-bit at position 613 on $flatten\dut.$procdff$1251 ($dff) from module lsc1_packet_frontend_arch_reset_idle.
Setting constant 0-bit at position 614 on $flatten\dut.$procdff$1251 ($dff) from module lsc1_packet_frontend_arch_reset_idle.
Setting constant 0-bit at position 615 on $flatten\dut.$procdff$1251 ($dff) from module lsc1_packet_frontend_arch_reset_idle.
Setting constant 0-bit at position 616 on $flatten\dut.$procdff$1251 ($dff) from module lsc1_packet_frontend_arch_reset_idle.
Setting constant 0-bit at position 617 on $flatten\dut.$procdff$1251 ($dff) from module lsc1_packet_frontend_arch_reset_idle.
Setting constant 0-bit at position 618 on $flatten\dut.$procdff$1251 ($dff) from module lsc1_packet_frontend_arch_reset_idle.
Setting constant 0-bit at position 619 on $flatten\dut.$procdff$1251 ($dff) from module lsc1_packet_frontend_arch_reset_idle.
Setting constant 0-bit at position 620 on $flatten\dut.$procdff$1251 ($dff) from module lsc1_packet_frontend_arch_reset_idle.
Setting constant 0-bit at position 621 on $flatten\dut.$procdff$1251 ($dff) from module lsc1_packet_frontend_arch_reset_idle.
Setting constant 0-bit at position 622 on $flatten\dut.$procdff$1251 ($dff) from module lsc1_packet_frontend_arch_reset_idle.
Setting constant 0-bit at position 623 on $flatten\dut.$procdff$1251 ($dff) from module lsc1_packet_frontend_arch_reset_idle.
Setting constant 0-bit at position 624 on $flatten\dut.$procdff$1251 ($dff) from module lsc1_packet_frontend_arch_reset_idle.
Setting constant 0-bit at position 625 on $flatten\dut.$procdff$1251 ($dff) from module lsc1_packet_frontend_arch_reset_idle.
Setting constant 0-bit at position 626 on $flatten\dut.$procdff$1251 ($dff) from module lsc1_packet_frontend_arch_reset_idle.
Setting constant 0-bit at position 627 on $flatten\dut.$procdff$1251 ($dff) from module lsc1_packet_frontend_arch_reset_idle.
Setting constant 0-bit at position 628 on $flatten\dut.$procdff$1251 ($dff) from module lsc1_packet_frontend_arch_reset_idle.
Setting constant 0-bit at position 629 on $flatten\dut.$procdff$1251 ($dff) from module lsc1_packet_frontend_arch_reset_idle.
Setting constant 0-bit at position 630 on $flatten\dut.$procdff$1251 ($dff) from module lsc1_packet_frontend_arch_reset_idle.
Setting constant 0-bit at position 631 on $flatten\dut.$procdff$1251 ($dff) from module lsc1_packet_frontend_arch_reset_idle.
Setting constant 0-bit at position 632 on $flatten\dut.$procdff$1251 ($dff) from module lsc1_packet_frontend_arch_reset_idle.
Setting constant 0-bit at position 633 on $flatten\dut.$procdff$1251 ($dff) from module lsc1_packet_frontend_arch_reset_idle.
Setting constant 0-bit at position 634 on $flatten\dut.$procdff$1251 ($dff) from module lsc1_packet_frontend_arch_reset_idle.
Setting constant 0-bit at position 635 on $flatten\dut.$procdff$1251 ($dff) from module lsc1_packet_frontend_arch_reset_idle.
Setting constant 0-bit at position 636 on $flatten\dut.$procdff$1251 ($dff) from module lsc1_packet_frontend_arch_reset_idle.
Setting constant 0-bit at position 637 on $flatten\dut.$procdff$1251 ($dff) from module lsc1_packet_frontend_arch_reset_idle.
Setting constant 0-bit at position 638 on $flatten\dut.$procdff$1251 ($dff) from module lsc1_packet_frontend_arch_reset_idle.
Setting constant 0-bit at position 639 on $flatten\dut.$procdff$1251 ($dff) from module lsc1_packet_frontend_arch_reset_idle.
Setting constant 0-bit at position 640 on $flatten\dut.$procdff$1251 ($dff) from module lsc1_packet_frontend_arch_reset_idle.
Setting constant 0-bit at position 641 on $flatten\dut.$procdff$1251 ($dff) from module lsc1_packet_frontend_arch_reset_idle.
Setting constant 0-bit at position 642 on $flatten\dut.$procdff$1251 ($dff) from module lsc1_packet_frontend_arch_reset_idle.
Setting constant 0-bit at position 643 on $flatten\dut.$procdff$1251 ($dff) from module lsc1_packet_frontend_arch_reset_idle.
Setting constant 0-bit at position 644 on $flatten\dut.$procdff$1251 ($dff) from module lsc1_packet_frontend_arch_reset_idle.
Setting constant 0-bit at position 645 on $flatten\dut.$procdff$1251 ($dff) from module lsc1_packet_frontend_arch_reset_idle.
Setting constant 0-bit at position 646 on $flatten\dut.$procdff$1251 ($dff) from module lsc1_packet_frontend_arch_reset_idle.
Setting constant 0-bit at position 647 on $flatten\dut.$procdff$1251 ($dff) from module lsc1_packet_frontend_arch_reset_idle.
Setting constant 0-bit at position 648 on $flatten\dut.$procdff$1251 ($dff) from module lsc1_packet_frontend_arch_reset_idle.
Setting constant 0-bit at position 649 on $flatten\dut.$procdff$1251 ($dff) from module lsc1_packet_frontend_arch_reset_idle.
Setting constant 0-bit at position 650 on $flatten\dut.$procdff$1251 ($dff) from module lsc1_packet_frontend_arch_reset_idle.
Setting constant 0-bit at position 651 on $flatten\dut.$procdff$1251 ($dff) from module lsc1_packet_frontend_arch_reset_idle.
Setting constant 0-bit at position 652 on $flatten\dut.$procdff$1251 ($dff) from module lsc1_packet_frontend_arch_reset_idle.
Setting constant 0-bit at position 653 on $flatten\dut.$procdff$1251 ($dff) from module lsc1_packet_frontend_arch_reset_idle.
Setting constant 0-bit at position 654 on $flatten\dut.$procdff$1251 ($dff) from module lsc1_packet_frontend_arch_reset_idle.
Setting constant 0-bit at position 655 on $flatten\dut.$procdff$1251 ($dff) from module lsc1_packet_frontend_arch_reset_idle.
Setting constant 0-bit at position 656 on $flatten\dut.$procdff$1251 ($dff) from module lsc1_packet_frontend_arch_reset_idle.
Setting constant 0-bit at position 657 on $flatten\dut.$procdff$1251 ($dff) from module lsc1_packet_frontend_arch_reset_idle.
Setting constant 0-bit at position 658 on $flatten\dut.$procdff$1251 ($dff) from module lsc1_packet_frontend_arch_reset_idle.
Setting constant 0-bit at position 659 on $flatten\dut.$procdff$1251 ($dff) from module lsc1_packet_frontend_arch_reset_idle.
Setting constant 0-bit at position 660 on $flatten\dut.$procdff$1251 ($dff) from module lsc1_packet_frontend_arch_reset_idle.
Setting constant 0-bit at position 661 on $flatten\dut.$procdff$1251 ($dff) from module lsc1_packet_frontend_arch_reset_idle.
Setting constant 0-bit at position 662 on $flatten\dut.$procdff$1251 ($dff) from module lsc1_packet_frontend_arch_reset_idle.
Setting constant 0-bit at position 663 on $flatten\dut.$procdff$1251 ($dff) from module lsc1_packet_frontend_arch_reset_idle.
Setting constant 0-bit at position 664 on $flatten\dut.$procdff$1251 ($dff) from module lsc1_packet_frontend_arch_reset_idle.
Setting constant 0-bit at position 665 on $flatten\dut.$procdff$1251 ($dff) from module lsc1_packet_frontend_arch_reset_idle.
Setting constant 0-bit at position 666 on $flatten\dut.$procdff$1251 ($dff) from module lsc1_packet_frontend_arch_reset_idle.
Setting constant 0-bit at position 667 on $flatten\dut.$procdff$1251 ($dff) from module lsc1_packet_frontend_arch_reset_idle.
Setting constant 0-bit at position 668 on $flatten\dut.$procdff$1251 ($dff) from module lsc1_packet_frontend_arch_reset_idle.
Setting constant 0-bit at position 669 on $flatten\dut.$procdff$1251 ($dff) from module lsc1_packet_frontend_arch_reset_idle.
Setting constant 0-bit at position 670 on $flatten\dut.$procdff$1251 ($dff) from module lsc1_packet_frontend_arch_reset_idle.
Setting constant 0-bit at position 671 on $flatten\dut.$procdff$1251 ($dff) from module lsc1_packet_frontend_arch_reset_idle.
Setting constant 0-bit at position 672 on $flatten\dut.$procdff$1251 ($dff) from module lsc1_packet_frontend_arch_reset_idle.
Setting constant 0-bit at position 673 on $flatten\dut.$procdff$1251 ($dff) from module lsc1_packet_frontend_arch_reset_idle.
Setting constant 0-bit at position 674 on $flatten\dut.$procdff$1251 ($dff) from module lsc1_packet_frontend_arch_reset_idle.
Setting constant 0-bit at position 675 on $flatten\dut.$procdff$1251 ($dff) from module lsc1_packet_frontend_arch_reset_idle.
Setting constant 0-bit at position 676 on $flatten\dut.$procdff$1251 ($dff) from module lsc1_packet_frontend_arch_reset_idle.
Setting constant 0-bit at position 677 on $flatten\dut.$procdff$1251 ($dff) from module lsc1_packet_frontend_arch_reset_idle.
Setting constant 0-bit at position 678 on $flatten\dut.$procdff$1251 ($dff) from module lsc1_packet_frontend_arch_reset_idle.
Setting constant 0-bit at position 679 on $flatten\dut.$procdff$1251 ($dff) from module lsc1_packet_frontend_arch_reset_idle.
Setting constant 0-bit at position 680 on $flatten\dut.$procdff$1251 ($dff) from module lsc1_packet_frontend_arch_reset_idle.
Setting constant 0-bit at position 681 on $flatten\dut.$procdff$1251 ($dff) from module lsc1_packet_frontend_arch_reset_idle.
Setting constant 0-bit at position 682 on $flatten\dut.$procdff$1251 ($dff) from module lsc1_packet_frontend_arch_reset_idle.
Setting constant 0-bit at position 683 on $flatten\dut.$procdff$1251 ($dff) from module lsc1_packet_frontend_arch_reset_idle.
Setting constant 0-bit at position 684 on $flatten\dut.$procdff$1251 ($dff) from module lsc1_packet_frontend_arch_reset_idle.
Setting constant 0-bit at position 685 on $flatten\dut.$procdff$1251 ($dff) from module lsc1_packet_frontend_arch_reset_idle.
Setting constant 0-bit at position 686 on $flatten\dut.$procdff$1251 ($dff) from module lsc1_packet_frontend_arch_reset_idle.
Setting constant 0-bit at position 687 on $flatten\dut.$procdff$1251 ($dff) from module lsc1_packet_frontend_arch_reset_idle.
Setting constant 0-bit at position 688 on $flatten\dut.$procdff$1251 ($dff) from module lsc1_packet_frontend_arch_reset_idle.
Setting constant 0-bit at position 689 on $flatten\dut.$procdff$1251 ($dff) from module lsc1_packet_frontend_arch_reset_idle.
Setting constant 0-bit at position 690 on $flatten\dut.$procdff$1251 ($dff) from module lsc1_packet_frontend_arch_reset_idle.
Setting constant 0-bit at position 691 on $flatten\dut.$procdff$1251 ($dff) from module lsc1_packet_frontend_arch_reset_idle.
Setting constant 0-bit at position 692 on $flatten\dut.$procdff$1251 ($dff) from module lsc1_packet_frontend_arch_reset_idle.
Setting constant 0-bit at position 693 on $flatten\dut.$procdff$1251 ($dff) from module lsc1_packet_frontend_arch_reset_idle.
Setting constant 0-bit at position 694 on $flatten\dut.$procdff$1251 ($dff) from module lsc1_packet_frontend_arch_reset_idle.
Setting constant 0-bit at position 695 on $flatten\dut.$procdff$1251 ($dff) from module lsc1_packet_frontend_arch_reset_idle.
Setting constant 0-bit at position 696 on $flatten\dut.$procdff$1251 ($dff) from module lsc1_packet_frontend_arch_reset_idle.
Setting constant 0-bit at position 697 on $flatten\dut.$procdff$1251 ($dff) from module lsc1_packet_frontend_arch_reset_idle.
Setting constant 0-bit at position 698 on $flatten\dut.$procdff$1251 ($dff) from module lsc1_packet_frontend_arch_reset_idle.
Setting constant 0-bit at position 699 on $flatten\dut.$procdff$1251 ($dff) from module lsc1_packet_frontend_arch_reset_idle.
Setting constant 0-bit at position 700 on $flatten\dut.$procdff$1251 ($dff) from module lsc1_packet_frontend_arch_reset_idle.
Setting constant 0-bit at position 701 on $flatten\dut.$procdff$1251 ($dff) from module lsc1_packet_frontend_arch_reset_idle.
Setting constant 0-bit at position 702 on $flatten\dut.$procdff$1251 ($dff) from module lsc1_packet_frontend_arch_reset_idle.
Setting constant 0-bit at position 703 on $flatten\dut.$procdff$1251 ($dff) from module lsc1_packet_frontend_arch_reset_idle.
Setting constant 0-bit at position 704 on $flatten\dut.$procdff$1251 ($dff) from module lsc1_packet_frontend_arch_reset_idle.
Setting constant 0-bit at position 705 on $flatten\dut.$procdff$1251 ($dff) from module lsc1_packet_frontend_arch_reset_idle.
Setting constant 0-bit at position 706 on $flatten\dut.$procdff$1251 ($dff) from module lsc1_packet_frontend_arch_reset_idle.
Setting constant 0-bit at position 707 on $flatten\dut.$procdff$1251 ($dff) from module lsc1_packet_frontend_arch_reset_idle.
Setting constant 0-bit at position 708 on $flatten\dut.$procdff$1251 ($dff) from module lsc1_packet_frontend_arch_reset_idle.
Setting constant 0-bit at position 709 on $flatten\dut.$procdff$1251 ($dff) from module lsc1_packet_frontend_arch_reset_idle.
Setting constant 0-bit at position 710 on $flatten\dut.$procdff$1251 ($dff) from module lsc1_packet_frontend_arch_reset_idle.
Setting constant 0-bit at position 711 on $flatten\dut.$procdff$1251 ($dff) from module lsc1_packet_frontend_arch_reset_idle.
Setting constant 0-bit at position 712 on $flatten\dut.$procdff$1251 ($dff) from module lsc1_packet_frontend_arch_reset_idle.
Setting constant 0-bit at position 713 on $flatten\dut.$procdff$1251 ($dff) from module lsc1_packet_frontend_arch_reset_idle.
Setting constant 0-bit at position 714 on $flatten\dut.$procdff$1251 ($dff) from module lsc1_packet_frontend_arch_reset_idle.
Setting constant 0-bit at position 715 on $flatten\dut.$procdff$1251 ($dff) from module lsc1_packet_frontend_arch_reset_idle.
Setting constant 0-bit at position 716 on $flatten\dut.$procdff$1251 ($dff) from module lsc1_packet_frontend_arch_reset_idle.
Setting constant 0-bit at position 717 on $flatten\dut.$procdff$1251 ($dff) from module lsc1_packet_frontend_arch_reset_idle.
Setting constant 0-bit at position 718 on $flatten\dut.$procdff$1251 ($dff) from module lsc1_packet_frontend_arch_reset_idle.
Setting constant 0-bit at position 719 on $flatten\dut.$procdff$1251 ($dff) from module lsc1_packet_frontend_arch_reset_idle.
Setting constant 0-bit at position 720 on $flatten\dut.$procdff$1251 ($dff) from module lsc1_packet_frontend_arch_reset_idle.
Setting constant 0-bit at position 721 on $flatten\dut.$procdff$1251 ($dff) from module lsc1_packet_frontend_arch_reset_idle.
Setting constant 0-bit at position 722 on $flatten\dut.$procdff$1251 ($dff) from module lsc1_packet_frontend_arch_reset_idle.
Setting constant 0-bit at position 723 on $flatten\dut.$procdff$1251 ($dff) from module lsc1_packet_frontend_arch_reset_idle.
Setting constant 0-bit at position 724 on $flatten\dut.$procdff$1251 ($dff) from module lsc1_packet_frontend_arch_reset_idle.
Setting constant 0-bit at position 725 on $flatten\dut.$procdff$1251 ($dff) from module lsc1_packet_frontend_arch_reset_idle.
Setting constant 0-bit at position 726 on $flatten\dut.$procdff$1251 ($dff) from module lsc1_packet_frontend_arch_reset_idle.
Setting constant 0-bit at position 727 on $flatten\dut.$procdff$1251 ($dff) from module lsc1_packet_frontend_arch_reset_idle.
Setting constant 0-bit at position 728 on $flatten\dut.$procdff$1251 ($dff) from module lsc1_packet_frontend_arch_reset_idle.
Setting constant 0-bit at position 729 on $flatten\dut.$procdff$1251 ($dff) from module lsc1_packet_frontend_arch_reset_idle.
Setting constant 0-bit at position 730 on $flatten\dut.$procdff$1251 ($dff) from module lsc1_packet_frontend_arch_reset_idle.
Setting constant 0-bit at position 731 on $flatten\dut.$procdff$1251 ($dff) from module lsc1_packet_frontend_arch_reset_idle.
Setting constant 0-bit at position 732 on $flatten\dut.$procdff$1251 ($dff) from module lsc1_packet_frontend_arch_reset_idle.
Setting constant 0-bit at position 733 on $flatten\dut.$procdff$1251 ($dff) from module lsc1_packet_frontend_arch_reset_idle.
Setting constant 0-bit at position 734 on $flatten\dut.$procdff$1251 ($dff) from module lsc1_packet_frontend_arch_reset_idle.
Setting constant 0-bit at position 735 on $flatten\dut.$procdff$1251 ($dff) from module lsc1_packet_frontend_arch_reset_idle.
Setting constant 0-bit at position 736 on $flatten\dut.$procdff$1251 ($dff) from module lsc1_packet_frontend_arch_reset_idle.
Setting constant 0-bit at position 737 on $flatten\dut.$procdff$1251 ($dff) from module lsc1_packet_frontend_arch_reset_idle.
Setting constant 0-bit at position 738 on $flatten\dut.$procdff$1251 ($dff) from module lsc1_packet_frontend_arch_reset_idle.
Setting constant 0-bit at position 739 on $flatten\dut.$procdff$1251 ($dff) from module lsc1_packet_frontend_arch_reset_idle.
Setting constant 0-bit at position 740 on $flatten\dut.$procdff$1251 ($dff) from module lsc1_packet_frontend_arch_reset_idle.
Setting constant 0-bit at position 741 on $flatten\dut.$procdff$1251 ($dff) from module lsc1_packet_frontend_arch_reset_idle.
Setting constant 0-bit at position 742 on $flatten\dut.$procdff$1251 ($dff) from module lsc1_packet_frontend_arch_reset_idle.
Setting constant 0-bit at position 743 on $flatten\dut.$procdff$1251 ($dff) from module lsc1_packet_frontend_arch_reset_idle.
Setting constant 0-bit at position 744 on $flatten\dut.$procdff$1251 ($dff) from module lsc1_packet_frontend_arch_reset_idle.
Setting constant 0-bit at position 745 on $flatten\dut.$procdff$1251 ($dff) from module lsc1_packet_frontend_arch_reset_idle.
Setting constant 0-bit at position 746 on $flatten\dut.$procdff$1251 ($dff) from module lsc1_packet_frontend_arch_reset_idle.
Setting constant 0-bit at position 747 on $flatten\dut.$procdff$1251 ($dff) from module lsc1_packet_frontend_arch_reset_idle.
Setting constant 0-bit at position 748 on $flatten\dut.$procdff$1251 ($dff) from module lsc1_packet_frontend_arch_reset_idle.
Setting constant 0-bit at position 749 on $flatten\dut.$procdff$1251 ($dff) from module lsc1_packet_frontend_arch_reset_idle.
Setting constant 0-bit at position 750 on $flatten\dut.$procdff$1251 ($dff) from module lsc1_packet_frontend_arch_reset_idle.
Setting constant 0-bit at position 751 on $flatten\dut.$procdff$1251 ($dff) from module lsc1_packet_frontend_arch_reset_idle.
Setting constant 0-bit at position 752 on $flatten\dut.$procdff$1251 ($dff) from module lsc1_packet_frontend_arch_reset_idle.
Setting constant 0-bit at position 753 on $flatten\dut.$procdff$1251 ($dff) from module lsc1_packet_frontend_arch_reset_idle.
Setting constant 0-bit at position 754 on $flatten\dut.$procdff$1251 ($dff) from module lsc1_packet_frontend_arch_reset_idle.
Setting constant 0-bit at position 755 on $flatten\dut.$procdff$1251 ($dff) from module lsc1_packet_frontend_arch_reset_idle.
Setting constant 0-bit at position 756 on $flatten\dut.$procdff$1251 ($dff) from module lsc1_packet_frontend_arch_reset_idle.
Setting constant 0-bit at position 757 on $flatten\dut.$procdff$1251 ($dff) from module lsc1_packet_frontend_arch_reset_idle.
Setting constant 0-bit at position 758 on $flatten\dut.$procdff$1251 ($dff) from module lsc1_packet_frontend_arch_reset_idle.
Setting constant 0-bit at position 759 on $flatten\dut.$procdff$1251 ($dff) from module lsc1_packet_frontend_arch_reset_idle.
Setting constant 0-bit at position 760 on $flatten\dut.$procdff$1251 ($dff) from module lsc1_packet_frontend_arch_reset_idle.
Setting constant 0-bit at position 761 on $flatten\dut.$procdff$1251 ($dff) from module lsc1_packet_frontend_arch_reset_idle.
Setting constant 0-bit at position 762 on $flatten\dut.$procdff$1251 ($dff) from module lsc1_packet_frontend_arch_reset_idle.
Setting constant 0-bit at position 763 on $flatten\dut.$procdff$1251 ($dff) from module lsc1_packet_frontend_arch_reset_idle.
Setting constant 0-bit at position 764 on $flatten\dut.$procdff$1251 ($dff) from module lsc1_packet_frontend_arch_reset_idle.
Setting constant 0-bit at position 765 on $flatten\dut.$procdff$1251 ($dff) from module lsc1_packet_frontend_arch_reset_idle.
Setting constant 0-bit at position 766 on $flatten\dut.$procdff$1251 ($dff) from module lsc1_packet_frontend_arch_reset_idle.
Setting constant 0-bit at position 767 on $flatten\dut.$procdff$1251 ($dff) from module lsc1_packet_frontend_arch_reset_idle.
Setting constant 0-bit at position 768 on $flatten\dut.$procdff$1251 ($dff) from module lsc1_packet_frontend_arch_reset_idle.
Setting constant 0-bit at position 769 on $flatten\dut.$procdff$1251 ($dff) from module lsc1_packet_frontend_arch_reset_idle.
Setting constant 0-bit at position 770 on $flatten\dut.$procdff$1251 ($dff) from module lsc1_packet_frontend_arch_reset_idle.
Setting constant 0-bit at position 771 on $flatten\dut.$procdff$1251 ($dff) from module lsc1_packet_frontend_arch_reset_idle.
Setting constant 0-bit at position 772 on $flatten\dut.$procdff$1251 ($dff) from module lsc1_packet_frontend_arch_reset_idle.
Setting constant 0-bit at position 773 on $flatten\dut.$procdff$1251 ($dff) from module lsc1_packet_frontend_arch_reset_idle.
Setting constant 0-bit at position 774 on $flatten\dut.$procdff$1251 ($dff) from module lsc1_packet_frontend_arch_reset_idle.
Setting constant 0-bit at position 775 on $flatten\dut.$procdff$1251 ($dff) from module lsc1_packet_frontend_arch_reset_idle.
Setting constant 0-bit at position 776 on $flatten\dut.$procdff$1251 ($dff) from module lsc1_packet_frontend_arch_reset_idle.
Setting constant 0-bit at position 777 on $flatten\dut.$procdff$1251 ($dff) from module lsc1_packet_frontend_arch_reset_idle.
Setting constant 0-bit at position 778 on $flatten\dut.$procdff$1251 ($dff) from module lsc1_packet_frontend_arch_reset_idle.
Setting constant 0-bit at position 779 on $flatten\dut.$procdff$1251 ($dff) from module lsc1_packet_frontend_arch_reset_idle.
Setting constant 0-bit at position 780 on $flatten\dut.$procdff$1251 ($dff) from module lsc1_packet_frontend_arch_reset_idle.
Setting constant 0-bit at position 781 on $flatten\dut.$procdff$1251 ($dff) from module lsc1_packet_frontend_arch_reset_idle.
Setting constant 0-bit at position 782 on $flatten\dut.$procdff$1251 ($dff) from module lsc1_packet_frontend_arch_reset_idle.
Setting constant 0-bit at position 783 on $flatten\dut.$procdff$1251 ($dff) from module lsc1_packet_frontend_arch_reset_idle.
Setting constant 0-bit at position 784 on $flatten\dut.$procdff$1251 ($dff) from module lsc1_packet_frontend_arch_reset_idle.
Setting constant 0-bit at position 785 on $flatten\dut.$procdff$1251 ($dff) from module lsc1_packet_frontend_arch_reset_idle.
Setting constant 0-bit at position 786 on $flatten\dut.$procdff$1251 ($dff) from module lsc1_packet_frontend_arch_reset_idle.
Setting constant 0-bit at position 787 on $flatten\dut.$procdff$1251 ($dff) from module lsc1_packet_frontend_arch_reset_idle.
Setting constant 0-bit at position 788 on $flatten\dut.$procdff$1251 ($dff) from module lsc1_packet_frontend_arch_reset_idle.
Setting constant 0-bit at position 789 on $flatten\dut.$procdff$1251 ($dff) from module lsc1_packet_frontend_arch_reset_idle.
Setting constant 0-bit at position 790 on $flatten\dut.$procdff$1251 ($dff) from module lsc1_packet_frontend_arch_reset_idle.
Setting constant 0-bit at position 791 on $flatten\dut.$procdff$1251 ($dff) from module lsc1_packet_frontend_arch_reset_idle.
Setting constant 0-bit at position 792 on $flatten\dut.$procdff$1251 ($dff) from module lsc1_packet_frontend_arch_reset_idle.
Setting constant 0-bit at position 793 on $flatten\dut.$procdff$1251 ($dff) from module lsc1_packet_frontend_arch_reset_idle.
Setting constant 0-bit at position 794 on $flatten\dut.$procdff$1251 ($dff) from module lsc1_packet_frontend_arch_reset_idle.
Setting constant 0-bit at position 795 on $flatten\dut.$procdff$1251 ($dff) from module lsc1_packet_frontend_arch_reset_idle.
Setting constant 0-bit at position 796 on $flatten\dut.$procdff$1251 ($dff) from module lsc1_packet_frontend_arch_reset_idle.
Setting constant 0-bit at position 797 on $flatten\dut.$procdff$1251 ($dff) from module lsc1_packet_frontend_arch_reset_idle.
Setting constant 0-bit at position 798 on $flatten\dut.$procdff$1251 ($dff) from module lsc1_packet_frontend_arch_reset_idle.
Setting constant 0-bit at position 799 on $flatten\dut.$procdff$1251 ($dff) from module lsc1_packet_frontend_arch_reset_idle.
Setting constant 0-bit at position 800 on $flatten\dut.$procdff$1251 ($dff) from module lsc1_packet_frontend_arch_reset_idle.
Setting constant 0-bit at position 801 on $flatten\dut.$procdff$1251 ($dff) from module lsc1_packet_frontend_arch_reset_idle.
Setting constant 0-bit at position 802 on $flatten\dut.$procdff$1251 ($dff) from module lsc1_packet_frontend_arch_reset_idle.
Setting constant 0-bit at position 803 on $flatten\dut.$procdff$1251 ($dff) from module lsc1_packet_frontend_arch_reset_idle.
Setting constant 0-bit at position 804 on $flatten\dut.$procdff$1251 ($dff) from module lsc1_packet_frontend_arch_reset_idle.
Setting constant 0-bit at position 805 on $flatten\dut.$procdff$1251 ($dff) from module lsc1_packet_frontend_arch_reset_idle.
Setting constant 0-bit at position 806 on $flatten\dut.$procdff$1251 ($dff) from module lsc1_packet_frontend_arch_reset_idle.
Setting constant 0-bit at position 807 on $flatten\dut.$procdff$1251 ($dff) from module lsc1_packet_frontend_arch_reset_idle.
Setting constant 0-bit at position 808 on $flatten\dut.$procdff$1251 ($dff) from module lsc1_packet_frontend_arch_reset_idle.
Setting constant 0-bit at position 809 on $flatten\dut.$procdff$1251 ($dff) from module lsc1_packet_frontend_arch_reset_idle.
Setting constant 0-bit at position 810 on $flatten\dut.$procdff$1251 ($dff) from module lsc1_packet_frontend_arch_reset_idle.
Setting constant 0-bit at position 811 on $flatten\dut.$procdff$1251 ($dff) from module lsc1_packet_frontend_arch_reset_idle.
Setting constant 0-bit at position 812 on $flatten\dut.$procdff$1251 ($dff) from module lsc1_packet_frontend_arch_reset_idle.
Setting constant 0-bit at position 813 on $flatten\dut.$procdff$1251 ($dff) from module lsc1_packet_frontend_arch_reset_idle.
Setting constant 0-bit at position 814 on $flatten\dut.$procdff$1251 ($dff) from module lsc1_packet_frontend_arch_reset_idle.
Setting constant 0-bit at position 815 on $flatten\dut.$procdff$1251 ($dff) from module lsc1_packet_frontend_arch_reset_idle.
Setting constant 0-bit at position 816 on $flatten\dut.$procdff$1251 ($dff) from module lsc1_packet_frontend_arch_reset_idle.
Setting constant 0-bit at position 817 on $flatten\dut.$procdff$1251 ($dff) from module lsc1_packet_frontend_arch_reset_idle.
Setting constant 0-bit at position 818 on $flatten\dut.$procdff$1251 ($dff) from module lsc1_packet_frontend_arch_reset_idle.
Setting constant 0-bit at position 819 on $flatten\dut.$procdff$1251 ($dff) from module lsc1_packet_frontend_arch_reset_idle.
Setting constant 0-bit at position 820 on $flatten\dut.$procdff$1251 ($dff) from module lsc1_packet_frontend_arch_reset_idle.
Setting constant 0-bit at position 821 on $flatten\dut.$procdff$1251 ($dff) from module lsc1_packet_frontend_arch_reset_idle.
Setting constant 0-bit at position 822 on $flatten\dut.$procdff$1251 ($dff) from module lsc1_packet_frontend_arch_reset_idle.
Setting constant 0-bit at position 823 on $flatten\dut.$procdff$1251 ($dff) from module lsc1_packet_frontend_arch_reset_idle.
Setting constant 0-bit at position 824 on $flatten\dut.$procdff$1251 ($dff) from module lsc1_packet_frontend_arch_reset_idle.
Setting constant 0-bit at position 825 on $flatten\dut.$procdff$1251 ($dff) from module lsc1_packet_frontend_arch_reset_idle.
Setting constant 0-bit at position 826 on $flatten\dut.$procdff$1251 ($dff) from module lsc1_packet_frontend_arch_reset_idle.
Setting constant 0-bit at position 827 on $flatten\dut.$procdff$1251 ($dff) from module lsc1_packet_frontend_arch_reset_idle.
Setting constant 0-bit at position 828 on $flatten\dut.$procdff$1251 ($dff) from module lsc1_packet_frontend_arch_reset_idle.
Setting constant 0-bit at position 829 on $flatten\dut.$procdff$1251 ($dff) from module lsc1_packet_frontend_arch_reset_idle.
Setting constant 0-bit at position 830 on $flatten\dut.$procdff$1251 ($dff) from module lsc1_packet_frontend_arch_reset_idle.
Setting constant 0-bit at position 831 on $flatten\dut.$procdff$1251 ($dff) from module lsc1_packet_frontend_arch_reset_idle.
Setting constant 0-bit at position 832 on $flatten\dut.$procdff$1251 ($dff) from module lsc1_packet_frontend_arch_reset_idle.
Setting constant 0-bit at position 833 on $flatten\dut.$procdff$1251 ($dff) from module lsc1_packet_frontend_arch_reset_idle.
Setting constant 0-bit at position 834 on $flatten\dut.$procdff$1251 ($dff) from module lsc1_packet_frontend_arch_reset_idle.
Setting constant 0-bit at position 835 on $flatten\dut.$procdff$1251 ($dff) from module lsc1_packet_frontend_arch_reset_idle.
Setting constant 0-bit at position 836 on $flatten\dut.$procdff$1251 ($dff) from module lsc1_packet_frontend_arch_reset_idle.
Setting constant 0-bit at position 837 on $flatten\dut.$procdff$1251 ($dff) from module lsc1_packet_frontend_arch_reset_idle.
Setting constant 0-bit at position 838 on $flatten\dut.$procdff$1251 ($dff) from module lsc1_packet_frontend_arch_reset_idle.
Setting constant 0-bit at position 839 on $flatten\dut.$procdff$1251 ($dff) from module lsc1_packet_frontend_arch_reset_idle.
Setting constant 0-bit at position 840 on $flatten\dut.$procdff$1251 ($dff) from module lsc1_packet_frontend_arch_reset_idle.
Setting constant 0-bit at position 841 on $flatten\dut.$procdff$1251 ($dff) from module lsc1_packet_frontend_arch_reset_idle.
Setting constant 0-bit at position 842 on $flatten\dut.$procdff$1251 ($dff) from module lsc1_packet_frontend_arch_reset_idle.
Setting constant 0-bit at position 843 on $flatten\dut.$procdff$1251 ($dff) from module lsc1_packet_frontend_arch_reset_idle.
Setting constant 0-bit at position 844 on $flatten\dut.$procdff$1251 ($dff) from module lsc1_packet_frontend_arch_reset_idle.
Setting constant 0-bit at position 845 on $flatten\dut.$procdff$1251 ($dff) from module lsc1_packet_frontend_arch_reset_idle.
Setting constant 0-bit at position 846 on $flatten\dut.$procdff$1251 ($dff) from module lsc1_packet_frontend_arch_reset_idle.
Setting constant 0-bit at position 847 on $flatten\dut.$procdff$1251 ($dff) from module lsc1_packet_frontend_arch_reset_idle.
Setting constant 0-bit at position 848 on $flatten\dut.$procdff$1251 ($dff) from module lsc1_packet_frontend_arch_reset_idle.
Setting constant 0-bit at position 849 on $flatten\dut.$procdff$1251 ($dff) from module lsc1_packet_frontend_arch_reset_idle.
Setting constant 0-bit at position 850 on $flatten\dut.$procdff$1251 ($dff) from module lsc1_packet_frontend_arch_reset_idle.
Setting constant 0-bit at position 851 on $flatten\dut.$procdff$1251 ($dff) from module lsc1_packet_frontend_arch_reset_idle.
Setting constant 0-bit at position 852 on $flatten\dut.$procdff$1251 ($dff) from module lsc1_packet_frontend_arch_reset_idle.
Setting constant 0-bit at position 853 on $flatten\dut.$procdff$1251 ($dff) from module lsc1_packet_frontend_arch_reset_idle.
Setting constant 0-bit at position 854 on $flatten\dut.$procdff$1251 ($dff) from module lsc1_packet_frontend_arch_reset_idle.
Setting constant 0-bit at position 855 on $flatten\dut.$procdff$1251 ($dff) from module lsc1_packet_frontend_arch_reset_idle.
Setting constant 0-bit at position 856 on $flatten\dut.$procdff$1251 ($dff) from module lsc1_packet_frontend_arch_reset_idle.
Setting constant 0-bit at position 857 on $flatten\dut.$procdff$1251 ($dff) from module lsc1_packet_frontend_arch_reset_idle.
Setting constant 0-bit at position 858 on $flatten\dut.$procdff$1251 ($dff) from module lsc1_packet_frontend_arch_reset_idle.
Setting constant 0-bit at position 859 on $flatten\dut.$procdff$1251 ($dff) from module lsc1_packet_frontend_arch_reset_idle.
Setting constant 0-bit at position 860 on $flatten\dut.$procdff$1251 ($dff) from module lsc1_packet_frontend_arch_reset_idle.
Setting constant 0-bit at position 861 on $flatten\dut.$procdff$1251 ($dff) from module lsc1_packet_frontend_arch_reset_idle.
Setting constant 0-bit at position 862 on $flatten\dut.$procdff$1251 ($dff) from module lsc1_packet_frontend_arch_reset_idle.
Setting constant 0-bit at position 863 on $flatten\dut.$procdff$1251 ($dff) from module lsc1_packet_frontend_arch_reset_idle.
Setting constant 0-bit at position 864 on $flatten\dut.$procdff$1251 ($dff) from module lsc1_packet_frontend_arch_reset_idle.
Setting constant 0-bit at position 865 on $flatten\dut.$procdff$1251 ($dff) from module lsc1_packet_frontend_arch_reset_idle.
Setting constant 0-bit at position 866 on $flatten\dut.$procdff$1251 ($dff) from module lsc1_packet_frontend_arch_reset_idle.
Setting constant 0-bit at position 867 on $flatten\dut.$procdff$1251 ($dff) from module lsc1_packet_frontend_arch_reset_idle.
Setting constant 0-bit at position 868 on $flatten\dut.$procdff$1251 ($dff) from module lsc1_packet_frontend_arch_reset_idle.
Setting constant 0-bit at position 869 on $flatten\dut.$procdff$1251 ($dff) from module lsc1_packet_frontend_arch_reset_idle.
Setting constant 0-bit at position 870 on $flatten\dut.$procdff$1251 ($dff) from module lsc1_packet_frontend_arch_reset_idle.
Setting constant 0-bit at position 871 on $flatten\dut.$procdff$1251 ($dff) from module lsc1_packet_frontend_arch_reset_idle.
Setting constant 0-bit at position 872 on $flatten\dut.$procdff$1251 ($dff) from module lsc1_packet_frontend_arch_reset_idle.
Setting constant 0-bit at position 873 on $flatten\dut.$procdff$1251 ($dff) from module lsc1_packet_frontend_arch_reset_idle.
Setting constant 0-bit at position 874 on $flatten\dut.$procdff$1251 ($dff) from module lsc1_packet_frontend_arch_reset_idle.
Setting constant 0-bit at position 875 on $flatten\dut.$procdff$1251 ($dff) from module lsc1_packet_frontend_arch_reset_idle.
Setting constant 0-bit at position 876 on $flatten\dut.$procdff$1251 ($dff) from module lsc1_packet_frontend_arch_reset_idle.
Setting constant 0-bit at position 877 on $flatten\dut.$procdff$1251 ($dff) from module lsc1_packet_frontend_arch_reset_idle.
Setting constant 0-bit at position 878 on $flatten\dut.$procdff$1251 ($dff) from module lsc1_packet_frontend_arch_reset_idle.
Setting constant 0-bit at position 879 on $flatten\dut.$procdff$1251 ($dff) from module lsc1_packet_frontend_arch_reset_idle.
Setting constant 0-bit at position 880 on $flatten\dut.$procdff$1251 ($dff) from module lsc1_packet_frontend_arch_reset_idle.
Setting constant 0-bit at position 881 on $flatten\dut.$procdff$1251 ($dff) from module lsc1_packet_frontend_arch_reset_idle.
Setting constant 0-bit at position 882 on $flatten\dut.$procdff$1251 ($dff) from module lsc1_packet_frontend_arch_reset_idle.
Setting constant 0-bit at position 883 on $flatten\dut.$procdff$1251 ($dff) from module lsc1_packet_frontend_arch_reset_idle.
Setting constant 0-bit at position 884 on $flatten\dut.$procdff$1251 ($dff) from module lsc1_packet_frontend_arch_reset_idle.
Setting constant 0-bit at position 885 on $flatten\dut.$procdff$1251 ($dff) from module lsc1_packet_frontend_arch_reset_idle.
Setting constant 0-bit at position 886 on $flatten\dut.$procdff$1251 ($dff) from module lsc1_packet_frontend_arch_reset_idle.
Setting constant 0-bit at position 887 on $flatten\dut.$procdff$1251 ($dff) from module lsc1_packet_frontend_arch_reset_idle.
Setting constant 0-bit at position 888 on $flatten\dut.$procdff$1251 ($dff) from module lsc1_packet_frontend_arch_reset_idle.
Setting constant 0-bit at position 889 on $flatten\dut.$procdff$1251 ($dff) from module lsc1_packet_frontend_arch_reset_idle.
Setting constant 0-bit at position 890 on $flatten\dut.$procdff$1251 ($dff) from module lsc1_packet_frontend_arch_reset_idle.
Setting constant 0-bit at position 891 on $flatten\dut.$procdff$1251 ($dff) from module lsc1_packet_frontend_arch_reset_idle.
Setting constant 0-bit at position 892 on $flatten\dut.$procdff$1251 ($dff) from module lsc1_packet_frontend_arch_reset_idle.
Setting constant 0-bit at position 893 on $flatten\dut.$procdff$1251 ($dff) from module lsc1_packet_frontend_arch_reset_idle.
Setting constant 0-bit at position 894 on $flatten\dut.$procdff$1251 ($dff) from module lsc1_packet_frontend_arch_reset_idle.
Setting constant 0-bit at position 895 on $flatten\dut.$procdff$1251 ($dff) from module lsc1_packet_frontend_arch_reset_idle.
Setting constant 0-bit at position 896 on $flatten\dut.$procdff$1251 ($dff) from module lsc1_packet_frontend_arch_reset_idle.
Setting constant 0-bit at position 897 on $flatten\dut.$procdff$1251 ($dff) from module lsc1_packet_frontend_arch_reset_idle.
Setting constant 0-bit at position 898 on $flatten\dut.$procdff$1251 ($dff) from module lsc1_packet_frontend_arch_reset_idle.
Setting constant 0-bit at position 899 on $flatten\dut.$procdff$1251 ($dff) from module lsc1_packet_frontend_arch_reset_idle.
Setting constant 0-bit at position 900 on $flatten\dut.$procdff$1251 ($dff) from module lsc1_packet_frontend_arch_reset_idle.
Setting constant 0-bit at position 901 on $flatten\dut.$procdff$1251 ($dff) from module lsc1_packet_frontend_arch_reset_idle.
Setting constant 0-bit at position 902 on $flatten\dut.$procdff$1251 ($dff) from module lsc1_packet_frontend_arch_reset_idle.
Setting constant 0-bit at position 903 on $flatten\dut.$procdff$1251 ($dff) from module lsc1_packet_frontend_arch_reset_idle.
Setting constant 0-bit at position 904 on $flatten\dut.$procdff$1251 ($dff) from module lsc1_packet_frontend_arch_reset_idle.
Setting constant 0-bit at position 905 on $flatten\dut.$procdff$1251 ($dff) from module lsc1_packet_frontend_arch_reset_idle.
Setting constant 0-bit at position 906 on $flatten\dut.$procdff$1251 ($dff) from module lsc1_packet_frontend_arch_reset_idle.
Setting constant 0-bit at position 907 on $flatten\dut.$procdff$1251 ($dff) from module lsc1_packet_frontend_arch_reset_idle.
Setting constant 0-bit at position 908 on $flatten\dut.$procdff$1251 ($dff) from module lsc1_packet_frontend_arch_reset_idle.
Setting constant 0-bit at position 909 on $flatten\dut.$procdff$1251 ($dff) from module lsc1_packet_frontend_arch_reset_idle.
Setting constant 0-bit at position 910 on $flatten\dut.$procdff$1251 ($dff) from module lsc1_packet_frontend_arch_reset_idle.
Setting constant 0-bit at position 911 on $flatten\dut.$procdff$1251 ($dff) from module lsc1_packet_frontend_arch_reset_idle.
Setting constant 0-bit at position 912 on $flatten\dut.$procdff$1251 ($dff) from module lsc1_packet_frontend_arch_reset_idle.
Setting constant 0-bit at position 913 on $flatten\dut.$procdff$1251 ($dff) from module lsc1_packet_frontend_arch_reset_idle.
Setting constant 0-bit at position 914 on $flatten\dut.$procdff$1251 ($dff) from module lsc1_packet_frontend_arch_reset_idle.
Setting constant 0-bit at position 915 on $flatten\dut.$procdff$1251 ($dff) from module lsc1_packet_frontend_arch_reset_idle.
Setting constant 0-bit at position 916 on $flatten\dut.$procdff$1251 ($dff) from module lsc1_packet_frontend_arch_reset_idle.
Setting constant 0-bit at position 917 on $flatten\dut.$procdff$1251 ($dff) from module lsc1_packet_frontend_arch_reset_idle.
Setting constant 0-bit at position 918 on $flatten\dut.$procdff$1251 ($dff) from module lsc1_packet_frontend_arch_reset_idle.
Setting constant 0-bit at position 919 on $flatten\dut.$procdff$1251 ($dff) from module lsc1_packet_frontend_arch_reset_idle.
Setting constant 0-bit at position 920 on $flatten\dut.$procdff$1251 ($dff) from module lsc1_packet_frontend_arch_reset_idle.
Setting constant 0-bit at position 921 on $flatten\dut.$procdff$1251 ($dff) from module lsc1_packet_frontend_arch_reset_idle.
Setting constant 0-bit at position 922 on $flatten\dut.$procdff$1251 ($dff) from module lsc1_packet_frontend_arch_reset_idle.
Setting constant 0-bit at position 923 on $flatten\dut.$procdff$1251 ($dff) from module lsc1_packet_frontend_arch_reset_idle.
Setting constant 0-bit at position 924 on $flatten\dut.$procdff$1251 ($dff) from module lsc1_packet_frontend_arch_reset_idle.
Setting constant 0-bit at position 925 on $flatten\dut.$procdff$1251 ($dff) from module lsc1_packet_frontend_arch_reset_idle.
Setting constant 0-bit at position 926 on $flatten\dut.$procdff$1251 ($dff) from module lsc1_packet_frontend_arch_reset_idle.
Setting constant 0-bit at position 927 on $flatten\dut.$procdff$1251 ($dff) from module lsc1_packet_frontend_arch_reset_idle.
Setting constant 0-bit at position 928 on $flatten\dut.$procdff$1251 ($dff) from module lsc1_packet_frontend_arch_reset_idle.
Setting constant 0-bit at position 929 on $flatten\dut.$procdff$1251 ($dff) from module lsc1_packet_frontend_arch_reset_idle.
Setting constant 0-bit at position 930 on $flatten\dut.$procdff$1251 ($dff) from module lsc1_packet_frontend_arch_reset_idle.
Setting constant 0-bit at position 931 on $flatten\dut.$procdff$1251 ($dff) from module lsc1_packet_frontend_arch_reset_idle.
Setting constant 0-bit at position 932 on $flatten\dut.$procdff$1251 ($dff) from module lsc1_packet_frontend_arch_reset_idle.
Setting constant 0-bit at position 933 on $flatten\dut.$procdff$1251 ($dff) from module lsc1_packet_frontend_arch_reset_idle.
Setting constant 0-bit at position 934 on $flatten\dut.$procdff$1251 ($dff) from module lsc1_packet_frontend_arch_reset_idle.
Setting constant 0-bit at position 935 on $flatten\dut.$procdff$1251 ($dff) from module lsc1_packet_frontend_arch_reset_idle.
Setting constant 0-bit at position 936 on $flatten\dut.$procdff$1251 ($dff) from module lsc1_packet_frontend_arch_reset_idle.
Setting constant 0-bit at position 937 on $flatten\dut.$procdff$1251 ($dff) from module lsc1_packet_frontend_arch_reset_idle.
Setting constant 0-bit at position 938 on $flatten\dut.$procdff$1251 ($dff) from module lsc1_packet_frontend_arch_reset_idle.
Setting constant 0-bit at position 939 on $flatten\dut.$procdff$1251 ($dff) from module lsc1_packet_frontend_arch_reset_idle.
Setting constant 0-bit at position 940 on $flatten\dut.$procdff$1251 ($dff) from module lsc1_packet_frontend_arch_reset_idle.
Setting constant 0-bit at position 941 on $flatten\dut.$procdff$1251 ($dff) from module lsc1_packet_frontend_arch_reset_idle.
Setting constant 0-bit at position 942 on $flatten\dut.$procdff$1251 ($dff) from module lsc1_packet_frontend_arch_reset_idle.
Setting constant 0-bit at position 943 on $flatten\dut.$procdff$1251 ($dff) from module lsc1_packet_frontend_arch_reset_idle.
Setting constant 0-bit at position 944 on $flatten\dut.$procdff$1251 ($dff) from module lsc1_packet_frontend_arch_reset_idle.
Setting constant 0-bit at position 945 on $flatten\dut.$procdff$1251 ($dff) from module lsc1_packet_frontend_arch_reset_idle.
Setting constant 0-bit at position 946 on $flatten\dut.$procdff$1251 ($dff) from module lsc1_packet_frontend_arch_reset_idle.
Setting constant 0-bit at position 947 on $flatten\dut.$procdff$1251 ($dff) from module lsc1_packet_frontend_arch_reset_idle.
Setting constant 0-bit at position 948 on $flatten\dut.$procdff$1251 ($dff) from module lsc1_packet_frontend_arch_reset_idle.
Setting constant 0-bit at position 949 on $flatten\dut.$procdff$1251 ($dff) from module lsc1_packet_frontend_arch_reset_idle.
Setting constant 0-bit at position 950 on $flatten\dut.$procdff$1251 ($dff) from module lsc1_packet_frontend_arch_reset_idle.
Setting constant 0-bit at position 951 on $flatten\dut.$procdff$1251 ($dff) from module lsc1_packet_frontend_arch_reset_idle.
Setting constant 0-bit at position 952 on $flatten\dut.$procdff$1251 ($dff) from module lsc1_packet_frontend_arch_reset_idle.
Setting constant 0-bit at position 953 on $flatten\dut.$procdff$1251 ($dff) from module lsc1_packet_frontend_arch_reset_idle.
Setting constant 0-bit at position 954 on $flatten\dut.$procdff$1251 ($dff) from module lsc1_packet_frontend_arch_reset_idle.
Setting constant 0-bit at position 955 on $flatten\dut.$procdff$1251 ($dff) from module lsc1_packet_frontend_arch_reset_idle.
Setting constant 0-bit at position 956 on $flatten\dut.$procdff$1251 ($dff) from module lsc1_packet_frontend_arch_reset_idle.
Setting constant 0-bit at position 957 on $flatten\dut.$procdff$1251 ($dff) from module lsc1_packet_frontend_arch_reset_idle.
Setting constant 0-bit at position 958 on $flatten\dut.$procdff$1251 ($dff) from module lsc1_packet_frontend_arch_reset_idle.
Setting constant 0-bit at position 959 on $flatten\dut.$procdff$1251 ($dff) from module lsc1_packet_frontend_arch_reset_idle.
Setting constant 0-bit at position 960 on $flatten\dut.$procdff$1251 ($dff) from module lsc1_packet_frontend_arch_reset_idle.
Setting constant 0-bit at position 961 on $flatten\dut.$procdff$1251 ($dff) from module lsc1_packet_frontend_arch_reset_idle.
Setting constant 0-bit at position 962 on $flatten\dut.$procdff$1251 ($dff) from module lsc1_packet_frontend_arch_reset_idle.
Setting constant 0-bit at position 963 on $flatten\dut.$procdff$1251 ($dff) from module lsc1_packet_frontend_arch_reset_idle.
Setting constant 0-bit at position 964 on $flatten\dut.$procdff$1251 ($dff) from module lsc1_packet_frontend_arch_reset_idle.
Setting constant 0-bit at position 965 on $flatten\dut.$procdff$1251 ($dff) from module lsc1_packet_frontend_arch_reset_idle.
Setting constant 0-bit at position 966 on $flatten\dut.$procdff$1251 ($dff) from module lsc1_packet_frontend_arch_reset_idle.
Setting constant 0-bit at position 967 on $flatten\dut.$procdff$1251 ($dff) from module lsc1_packet_frontend_arch_reset_idle.
Setting constant 0-bit at position 968 on $flatten\dut.$procdff$1251 ($dff) from module lsc1_packet_frontend_arch_reset_idle.
Setting constant 0-bit at position 969 on $flatten\dut.$procdff$1251 ($dff) from module lsc1_packet_frontend_arch_reset_idle.
Setting constant 0-bit at position 970 on $flatten\dut.$procdff$1251 ($dff) from module lsc1_packet_frontend_arch_reset_idle.
Setting constant 0-bit at position 971 on $flatten\dut.$procdff$1251 ($dff) from module lsc1_packet_frontend_arch_reset_idle.
Setting constant 0-bit at position 972 on $flatten\dut.$procdff$1251 ($dff) from module lsc1_packet_frontend_arch_reset_idle.
Setting constant 0-bit at position 973 on $flatten\dut.$procdff$1251 ($dff) from module lsc1_packet_frontend_arch_reset_idle.
Setting constant 0-bit at position 974 on $flatten\dut.$procdff$1251 ($dff) from module lsc1_packet_frontend_arch_reset_idle.
Setting constant 0-bit at position 975 on $flatten\dut.$procdff$1251 ($dff) from module lsc1_packet_frontend_arch_reset_idle.
Setting constant 0-bit at position 976 on $flatten\dut.$procdff$1251 ($dff) from module lsc1_packet_frontend_arch_reset_idle.
Setting constant 0-bit at position 977 on $flatten\dut.$procdff$1251 ($dff) from module lsc1_packet_frontend_arch_reset_idle.
Setting constant 0-bit at position 978 on $flatten\dut.$procdff$1251 ($dff) from module lsc1_packet_frontend_arch_reset_idle.
Setting constant 0-bit at position 979 on $flatten\dut.$procdff$1251 ($dff) from module lsc1_packet_frontend_arch_reset_idle.
Setting constant 0-bit at position 980 on $flatten\dut.$procdff$1251 ($dff) from module lsc1_packet_frontend_arch_reset_idle.
Setting constant 0-bit at position 981 on $flatten\dut.$procdff$1251 ($dff) from module lsc1_packet_frontend_arch_reset_idle.
Setting constant 0-bit at position 982 on $flatten\dut.$procdff$1251 ($dff) from module lsc1_packet_frontend_arch_reset_idle.
Setting constant 0-bit at position 983 on $flatten\dut.$procdff$1251 ($dff) from module lsc1_packet_frontend_arch_reset_idle.
Setting constant 0-bit at position 984 on $flatten\dut.$procdff$1251 ($dff) from module lsc1_packet_frontend_arch_reset_idle.
Setting constant 0-bit at position 985 on $flatten\dut.$procdff$1251 ($dff) from module lsc1_packet_frontend_arch_reset_idle.
Setting constant 0-bit at position 986 on $flatten\dut.$procdff$1251 ($dff) from module lsc1_packet_frontend_arch_reset_idle.
Setting constant 0-bit at position 987 on $flatten\dut.$procdff$1251 ($dff) from module lsc1_packet_frontend_arch_reset_idle.
Setting constant 0-bit at position 988 on $flatten\dut.$procdff$1251 ($dff) from module lsc1_packet_frontend_arch_reset_idle.
Setting constant 0-bit at position 989 on $flatten\dut.$procdff$1251 ($dff) from module lsc1_packet_frontend_arch_reset_idle.
Setting constant 0-bit at position 990 on $flatten\dut.$procdff$1251 ($dff) from module lsc1_packet_frontend_arch_reset_idle.
Setting constant 0-bit at position 991 on $flatten\dut.$procdff$1251 ($dff) from module lsc1_packet_frontend_arch_reset_idle.
Setting constant 0-bit at position 992 on $flatten\dut.$procdff$1251 ($dff) from module lsc1_packet_frontend_arch_reset_idle.
Setting constant 0-bit at position 993 on $flatten\dut.$procdff$1251 ($dff) from module lsc1_packet_frontend_arch_reset_idle.
Setting constant 0-bit at position 994 on $flatten\dut.$procdff$1251 ($dff) from module lsc1_packet_frontend_arch_reset_idle.
Setting constant 0-bit at position 995 on $flatten\dut.$procdff$1251 ($dff) from module lsc1_packet_frontend_arch_reset_idle.
Setting constant 0-bit at position 996 on $flatten\dut.$procdff$1251 ($dff) from module lsc1_packet_frontend_arch_reset_idle.
Setting constant 0-bit at position 997 on $flatten\dut.$procdff$1251 ($dff) from module lsc1_packet_frontend_arch_reset_idle.
Setting constant 0-bit at position 998 on $flatten\dut.$procdff$1251 ($dff) from module lsc1_packet_frontend_arch_reset_idle.
Setting constant 0-bit at position 999 on $flatten\dut.$procdff$1251 ($dff) from module lsc1_packet_frontend_arch_reset_idle.
Setting constant 0-bit at position 1000 on $flatten\dut.$procdff$1251 ($dff) from module lsc1_packet_frontend_arch_reset_idle.
Setting constant 0-bit at position 1001 on $flatten\dut.$procdff$1251 ($dff) from module lsc1_packet_frontend_arch_reset_idle.
Setting constant 0-bit at position 1002 on $flatten\dut.$procdff$1251 ($dff) from module lsc1_packet_frontend_arch_reset_idle.
Setting constant 0-bit at position 1003 on $flatten\dut.$procdff$1251 ($dff) from module lsc1_packet_frontend_arch_reset_idle.
Setting constant 0-bit at position 1004 on $flatten\dut.$procdff$1251 ($dff) from module lsc1_packet_frontend_arch_reset_idle.
Setting constant 0-bit at position 1005 on $flatten\dut.$procdff$1251 ($dff) from module lsc1_packet_frontend_arch_reset_idle.
Setting constant 0-bit at position 1006 on $flatten\dut.$procdff$1251 ($dff) from module lsc1_packet_frontend_arch_reset_idle.
Setting constant 0-bit at position 1007 on $flatten\dut.$procdff$1251 ($dff) from module lsc1_packet_frontend_arch_reset_idle.
Setting constant 0-bit at position 1008 on $flatten\dut.$procdff$1251 ($dff) from module lsc1_packet_frontend_arch_reset_idle.
Setting constant 0-bit at position 1009 on $flatten\dut.$procdff$1251 ($dff) from module lsc1_packet_frontend_arch_reset_idle.
Setting constant 0-bit at position 1010 on $flatten\dut.$procdff$1251 ($dff) from module lsc1_packet_frontend_arch_reset_idle.
Setting constant 0-bit at position 1011 on $flatten\dut.$procdff$1251 ($dff) from module lsc1_packet_frontend_arch_reset_idle.
Setting constant 0-bit at position 1012 on $flatten\dut.$procdff$1251 ($dff) from module lsc1_packet_frontend_arch_reset_idle.
Setting constant 0-bit at position 1013 on $flatten\dut.$procdff$1251 ($dff) from module lsc1_packet_frontend_arch_reset_idle.
Setting constant 0-bit at position 1014 on $flatten\dut.$procdff$1251 ($dff) from module lsc1_packet_frontend_arch_reset_idle.
Setting constant 0-bit at position 1015 on $flatten\dut.$procdff$1251 ($dff) from module lsc1_packet_frontend_arch_reset_idle.
Setting constant 0-bit at position 1016 on $flatten\dut.$procdff$1251 ($dff) from module lsc1_packet_frontend_arch_reset_idle.
Setting constant 0-bit at position 1017 on $flatten\dut.$procdff$1251 ($dff) from module lsc1_packet_frontend_arch_reset_idle.
Setting constant 0-bit at position 1018 on $flatten\dut.$procdff$1251 ($dff) from module lsc1_packet_frontend_arch_reset_idle.
Setting constant 0-bit at position 1019 on $flatten\dut.$procdff$1251 ($dff) from module lsc1_packet_frontend_arch_reset_idle.
Setting constant 0-bit at position 1020 on $flatten\dut.$procdff$1251 ($dff) from module lsc1_packet_frontend_arch_reset_idle.
Setting constant 0-bit at position 1021 on $flatten\dut.$procdff$1251 ($dff) from module lsc1_packet_frontend_arch_reset_idle.
Setting constant 0-bit at position 1022 on $flatten\dut.$procdff$1251 ($dff) from module lsc1_packet_frontend_arch_reset_idle.
Setting constant 0-bit at position 1023 on $flatten\dut.$procdff$1251 ($dff) from module lsc1_packet_frontend_arch_reset_idle.
Setting constant 0-bit at position 1024 on $flatten\dut.$procdff$1251 ($dff) from module lsc1_packet_frontend_arch_reset_idle.
Setting constant 0-bit at position 1025 on $flatten\dut.$procdff$1251 ($dff) from module lsc1_packet_frontend_arch_reset_idle.
Setting constant 0-bit at position 1026 on $flatten\dut.$procdff$1251 ($dff) from module lsc1_packet_frontend_arch_reset_idle.
Setting constant 0-bit at position 1027 on $flatten\dut.$procdff$1251 ($dff) from module lsc1_packet_frontend_arch_reset_idle.
Setting constant 0-bit at position 1028 on $flatten\dut.$procdff$1251 ($dff) from module lsc1_packet_frontend_arch_reset_idle.
Setting constant 0-bit at position 1029 on $flatten\dut.$procdff$1251 ($dff) from module lsc1_packet_frontend_arch_reset_idle.
Setting constant 0-bit at position 1030 on $flatten\dut.$procdff$1251 ($dff) from module lsc1_packet_frontend_arch_reset_idle.
Setting constant 0-bit at position 1031 on $flatten\dut.$procdff$1251 ($dff) from module lsc1_packet_frontend_arch_reset_idle.
Setting constant 0-bit at position 1032 on $flatten\dut.$procdff$1251 ($dff) from module lsc1_packet_frontend_arch_reset_idle.
Setting constant 0-bit at position 1033 on $flatten\dut.$procdff$1251 ($dff) from module lsc1_packet_frontend_arch_reset_idle.
Setting constant 0-bit at position 1034 on $flatten\dut.$procdff$1251 ($dff) from module lsc1_packet_frontend_arch_reset_idle.
Setting constant 0-bit at position 1035 on $flatten\dut.$procdff$1251 ($dff) from module lsc1_packet_frontend_arch_reset_idle.
Setting constant 0-bit at position 1036 on $flatten\dut.$procdff$1251 ($dff) from module lsc1_packet_frontend_arch_reset_idle.
Setting constant 0-bit at position 1037 on $flatten\dut.$procdff$1251 ($dff) from module lsc1_packet_frontend_arch_reset_idle.
Setting constant 0-bit at position 1038 on $flatten\dut.$procdff$1251 ($dff) from module lsc1_packet_frontend_arch_reset_idle.
Setting constant 0-bit at position 1039 on $flatten\dut.$procdff$1251 ($dff) from module lsc1_packet_frontend_arch_reset_idle.
Setting constant 0-bit at position 1040 on $flatten\dut.$procdff$1251 ($dff) from module lsc1_packet_frontend_arch_reset_idle.
Setting constant 0-bit at position 1041 on $flatten\dut.$procdff$1251 ($dff) from module lsc1_packet_frontend_arch_reset_idle.
Setting constant 0-bit at position 1042 on $flatten\dut.$procdff$1251 ($dff) from module lsc1_packet_frontend_arch_reset_idle.
Setting constant 0-bit at position 1043 on $flatten\dut.$procdff$1251 ($dff) from module lsc1_packet_frontend_arch_reset_idle.
Setting constant 0-bit at position 1044 on $flatten\dut.$procdff$1251 ($dff) from module lsc1_packet_frontend_arch_reset_idle.
Setting constant 0-bit at position 1045 on $flatten\dut.$procdff$1251 ($dff) from module lsc1_packet_frontend_arch_reset_idle.
Setting constant 0-bit at position 1046 on $flatten\dut.$procdff$1251 ($dff) from module lsc1_packet_frontend_arch_reset_idle.
Setting constant 0-bit at position 1047 on $flatten\dut.$procdff$1251 ($dff) from module lsc1_packet_frontend_arch_reset_idle.
Setting constant 0-bit at position 1048 on $flatten\dut.$procdff$1251 ($dff) from module lsc1_packet_frontend_arch_reset_idle.
Setting constant 0-bit at position 1049 on $flatten\dut.$procdff$1251 ($dff) from module lsc1_packet_frontend_arch_reset_idle.
Setting constant 0-bit at position 1050 on $flatten\dut.$procdff$1251 ($dff) from module lsc1_packet_frontend_arch_reset_idle.
Setting constant 0-bit at position 1051 on $flatten\dut.$procdff$1251 ($dff) from module lsc1_packet_frontend_arch_reset_idle.
Setting constant 0-bit at position 1052 on $flatten\dut.$procdff$1251 ($dff) from module lsc1_packet_frontend_arch_reset_idle.
Setting constant 0-bit at position 1053 on $flatten\dut.$procdff$1251 ($dff) from module lsc1_packet_frontend_arch_reset_idle.
Setting constant 0-bit at position 1054 on $flatten\dut.$procdff$1251 ($dff) from module lsc1_packet_frontend_arch_reset_idle.
Setting constant 0-bit at position 1055 on $flatten\dut.$procdff$1251 ($dff) from module lsc1_packet_frontend_arch_reset_idle.
Setting constant 0-bit at position 1056 on $flatten\dut.$procdff$1251 ($dff) from module lsc1_packet_frontend_arch_reset_idle.
Setting constant 0-bit at position 1057 on $flatten\dut.$procdff$1251 ($dff) from module lsc1_packet_frontend_arch_reset_idle.
Setting constant 0-bit at position 1058 on $flatten\dut.$procdff$1251 ($dff) from module lsc1_packet_frontend_arch_reset_idle.
Setting constant 0-bit at position 1059 on $flatten\dut.$procdff$1251 ($dff) from module lsc1_packet_frontend_arch_reset_idle.
Setting constant 0-bit at position 1060 on $flatten\dut.$procdff$1251 ($dff) from module lsc1_packet_frontend_arch_reset_idle.
Setting constant 0-bit at position 1061 on $flatten\dut.$procdff$1251 ($dff) from module lsc1_packet_frontend_arch_reset_idle.
Setting constant 0-bit at position 1062 on $flatten\dut.$procdff$1251 ($dff) from module lsc1_packet_frontend_arch_reset_idle.
Setting constant 0-bit at position 1063 on $flatten\dut.$procdff$1251 ($dff) from module lsc1_packet_frontend_arch_reset_idle.
Setting constant 0-bit at position 1064 on $flatten\dut.$procdff$1251 ($dff) from module lsc1_packet_frontend_arch_reset_idle.
Setting constant 0-bit at position 1065 on $flatten\dut.$procdff$1251 ($dff) from module lsc1_packet_frontend_arch_reset_idle.
Setting constant 0-bit at position 1066 on $flatten\dut.$procdff$1251 ($dff) from module lsc1_packet_frontend_arch_reset_idle.
Setting constant 0-bit at position 1067 on $flatten\dut.$procdff$1251 ($dff) from module lsc1_packet_frontend_arch_reset_idle.
Setting constant 0-bit at position 1068 on $flatten\dut.$procdff$1251 ($dff) from module lsc1_packet_frontend_arch_reset_idle.
Setting constant 0-bit at position 1069 on $flatten\dut.$procdff$1251 ($dff) from module lsc1_packet_frontend_arch_reset_idle.
Setting constant 0-bit at position 1070 on $flatten\dut.$procdff$1251 ($dff) from module lsc1_packet_frontend_arch_reset_idle.
Setting constant 0-bit at position 1071 on $flatten\dut.$procdff$1251 ($dff) from module lsc1_packet_frontend_arch_reset_idle.
Setting constant 0-bit at position 1072 on $flatten\dut.$procdff$1251 ($dff) from module lsc1_packet_frontend_arch_reset_idle.
Setting constant 0-bit at position 1073 on $flatten\dut.$procdff$1251 ($dff) from module lsc1_packet_frontend_arch_reset_idle.
Setting constant 0-bit at position 1074 on $flatten\dut.$procdff$1251 ($dff) from module lsc1_packet_frontend_arch_reset_idle.
Setting constant 0-bit at position 1075 on $flatten\dut.$procdff$1251 ($dff) from module lsc1_packet_frontend_arch_reset_idle.
Setting constant 0-bit at position 1076 on $flatten\dut.$procdff$1251 ($dff) from module lsc1_packet_frontend_arch_reset_idle.
Setting constant 0-bit at position 1077 on $flatten\dut.$procdff$1251 ($dff) from module lsc1_packet_frontend_arch_reset_idle.
Setting constant 0-bit at position 1078 on $flatten\dut.$procdff$1251 ($dff) from module lsc1_packet_frontend_arch_reset_idle.
Setting constant 0-bit at position 1079 on $flatten\dut.$procdff$1251 ($dff) from module lsc1_packet_frontend_arch_reset_idle.
Setting constant 0-bit at position 1080 on $flatten\dut.$procdff$1251 ($dff) from module lsc1_packet_frontend_arch_reset_idle.
Setting constant 0-bit at position 1081 on $flatten\dut.$procdff$1251 ($dff) from module lsc1_packet_frontend_arch_reset_idle.
Setting constant 0-bit at position 1082 on $flatten\dut.$procdff$1251 ($dff) from module lsc1_packet_frontend_arch_reset_idle.
Setting constant 0-bit at position 1083 on $flatten\dut.$procdff$1251 ($dff) from module lsc1_packet_frontend_arch_reset_idle.
Setting constant 0-bit at position 1084 on $flatten\dut.$procdff$1251 ($dff) from module lsc1_packet_frontend_arch_reset_idle.
Setting constant 0-bit at position 1085 on $flatten\dut.$procdff$1251 ($dff) from module lsc1_packet_frontend_arch_reset_idle.
Setting constant 0-bit at position 1086 on $flatten\dut.$procdff$1251 ($dff) from module lsc1_packet_frontend_arch_reset_idle.
Setting constant 0-bit at position 1087 on $flatten\dut.$procdff$1251 ($dff) from module lsc1_packet_frontend_arch_reset_idle.
Setting constant 0-bit at position 1088 on $flatten\dut.$procdff$1251 ($dff) from module lsc1_packet_frontend_arch_reset_idle.
Setting constant 0-bit at position 1089 on $flatten\dut.$procdff$1251 ($dff) from module lsc1_packet_frontend_arch_reset_idle.
Setting constant 0-bit at position 1090 on $flatten\dut.$procdff$1251 ($dff) from module lsc1_packet_frontend_arch_reset_idle.
Setting constant 0-bit at position 1091 on $flatten\dut.$procdff$1251 ($dff) from module lsc1_packet_frontend_arch_reset_idle.
Setting constant 0-bit at position 1092 on $flatten\dut.$procdff$1251 ($dff) from module lsc1_packet_frontend_arch_reset_idle.
Setting constant 0-bit at position 1093 on $flatten\dut.$procdff$1251 ($dff) from module lsc1_packet_frontend_arch_reset_idle.
Setting constant 0-bit at position 1094 on $flatten\dut.$procdff$1251 ($dff) from module lsc1_packet_frontend_arch_reset_idle.
Setting constant 0-bit at position 1095 on $flatten\dut.$procdff$1251 ($dff) from module lsc1_packet_frontend_arch_reset_idle.
Setting constant 0-bit at position 1096 on $flatten\dut.$procdff$1251 ($dff) from module lsc1_packet_frontend_arch_reset_idle.
Setting constant 0-bit at position 1097 on $flatten\dut.$procdff$1251 ($dff) from module lsc1_packet_frontend_arch_reset_idle.
Setting constant 0-bit at position 1098 on $flatten\dut.$procdff$1251 ($dff) from module lsc1_packet_frontend_arch_reset_idle.
Setting constant 0-bit at position 1099 on $flatten\dut.$procdff$1251 ($dff) from module lsc1_packet_frontend_arch_reset_idle.
Setting constant 0-bit at position 1100 on $flatten\dut.$procdff$1251 ($dff) from module lsc1_packet_frontend_arch_reset_idle.
Setting constant 0-bit at position 1101 on $flatten\dut.$procdff$1251 ($dff) from module lsc1_packet_frontend_arch_reset_idle.
Setting constant 0-bit at position 1102 on $flatten\dut.$procdff$1251 ($dff) from module lsc1_packet_frontend_arch_reset_idle.
Setting constant 0-bit at position 1103 on $flatten\dut.$procdff$1251 ($dff) from module lsc1_packet_frontend_arch_reset_idle.
Setting constant 0-bit at position 1104 on $flatten\dut.$procdff$1251 ($dff) from module lsc1_packet_frontend_arch_reset_idle.
Setting constant 0-bit at position 1105 on $flatten\dut.$procdff$1251 ($dff) from module lsc1_packet_frontend_arch_reset_idle.
Setting constant 0-bit at position 1106 on $flatten\dut.$procdff$1251 ($dff) from module lsc1_packet_frontend_arch_reset_idle.
Setting constant 0-bit at position 1107 on $flatten\dut.$procdff$1251 ($dff) from module lsc1_packet_frontend_arch_reset_idle.
Setting constant 0-bit at position 1108 on $flatten\dut.$procdff$1251 ($dff) from module lsc1_packet_frontend_arch_reset_idle.
Setting constant 0-bit at position 1109 on $flatten\dut.$procdff$1251 ($dff) from module lsc1_packet_frontend_arch_reset_idle.
Setting constant 0-bit at position 1110 on $flatten\dut.$procdff$1251 ($dff) from module lsc1_packet_frontend_arch_reset_idle.
Setting constant 0-bit at position 1111 on $flatten\dut.$procdff$1251 ($dff) from module lsc1_packet_frontend_arch_reset_idle.
Setting constant 0-bit at position 1112 on $flatten\dut.$procdff$1251 ($dff) from module lsc1_packet_frontend_arch_reset_idle.
Setting constant 0-bit at position 1113 on $flatten\dut.$procdff$1251 ($dff) from module lsc1_packet_frontend_arch_reset_idle.
Setting constant 0-bit at position 1114 on $flatten\dut.$procdff$1251 ($dff) from module lsc1_packet_frontend_arch_reset_idle.
Setting constant 0-bit at position 1115 on $flatten\dut.$procdff$1251 ($dff) from module lsc1_packet_frontend_arch_reset_idle.
Setting constant 0-bit at position 1116 on $flatten\dut.$procdff$1251 ($dff) from module lsc1_packet_frontend_arch_reset_idle.
Setting constant 0-bit at position 1117 on $flatten\dut.$procdff$1251 ($dff) from module lsc1_packet_frontend_arch_reset_idle.
Setting constant 0-bit at position 1118 on $flatten\dut.$procdff$1251 ($dff) from module lsc1_packet_frontend_arch_reset_idle.
Setting constant 0-bit at position 1119 on $flatten\dut.$procdff$1251 ($dff) from module lsc1_packet_frontend_arch_reset_idle.
Setting constant 0-bit at position 1120 on $flatten\dut.$procdff$1251 ($dff) from module lsc1_packet_frontend_arch_reset_idle.
Setting constant 0-bit at position 1121 on $flatten\dut.$procdff$1251 ($dff) from module lsc1_packet_frontend_arch_reset_idle.
Setting constant 0-bit at position 1122 on $flatten\dut.$procdff$1251 ($dff) from module lsc1_packet_frontend_arch_reset_idle.
Setting constant 0-bit at position 1123 on $flatten\dut.$procdff$1251 ($dff) from module lsc1_packet_frontend_arch_reset_idle.
Setting constant 0-bit at position 1124 on $flatten\dut.$procdff$1251 ($dff) from module lsc1_packet_frontend_arch_reset_idle.
Setting constant 0-bit at position 1125 on $flatten\dut.$procdff$1251 ($dff) from module lsc1_packet_frontend_arch_reset_idle.
Setting constant 0-bit at position 1126 on $flatten\dut.$procdff$1251 ($dff) from module lsc1_packet_frontend_arch_reset_idle.
Setting constant 0-bit at position 1127 on $flatten\dut.$procdff$1251 ($dff) from module lsc1_packet_frontend_arch_reset_idle.
Setting constant 0-bit at position 1128 on $flatten\dut.$procdff$1251 ($dff) from module lsc1_packet_frontend_arch_reset_idle.
Setting constant 0-bit at position 1129 on $flatten\dut.$procdff$1251 ($dff) from module lsc1_packet_frontend_arch_reset_idle.
Setting constant 0-bit at position 1130 on $flatten\dut.$procdff$1251 ($dff) from module lsc1_packet_frontend_arch_reset_idle.
Setting constant 0-bit at position 1131 on $flatten\dut.$procdff$1251 ($dff) from module lsc1_packet_frontend_arch_reset_idle.
Setting constant 0-bit at position 1132 on $flatten\dut.$procdff$1251 ($dff) from module lsc1_packet_frontend_arch_reset_idle.
Setting constant 0-bit at position 1133 on $flatten\dut.$procdff$1251 ($dff) from module lsc1_packet_frontend_arch_reset_idle.
Setting constant 0-bit at position 1134 on $flatten\dut.$procdff$1251 ($dff) from module lsc1_packet_frontend_arch_reset_idle.
Setting constant 0-bit at position 1135 on $flatten\dut.$procdff$1251 ($dff) from module lsc1_packet_frontend_arch_reset_idle.
Setting constant 0-bit at position 1136 on $flatten\dut.$procdff$1251 ($dff) from module lsc1_packet_frontend_arch_reset_idle.
Setting constant 0-bit at position 1137 on $flatten\dut.$procdff$1251 ($dff) from module lsc1_packet_frontend_arch_reset_idle.
Setting constant 0-bit at position 1138 on $flatten\dut.$procdff$1251 ($dff) from module lsc1_packet_frontend_arch_reset_idle.
Setting constant 0-bit at position 1139 on $flatten\dut.$procdff$1251 ($dff) from module lsc1_packet_frontend_arch_reset_idle.
Setting constant 0-bit at position 1140 on $flatten\dut.$procdff$1251 ($dff) from module lsc1_packet_frontend_arch_reset_idle.
Setting constant 0-bit at position 1141 on $flatten\dut.$procdff$1251 ($dff) from module lsc1_packet_frontend_arch_reset_idle.
Setting constant 0-bit at position 1142 on $flatten\dut.$procdff$1251 ($dff) from module lsc1_packet_frontend_arch_reset_idle.
Setting constant 0-bit at position 1143 on $flatten\dut.$procdff$1251 ($dff) from module lsc1_packet_frontend_arch_reset_idle.
Setting constant 0-bit at position 1144 on $flatten\dut.$procdff$1251 ($dff) from module lsc1_packet_frontend_arch_reset_idle.
Setting constant 0-bit at position 1145 on $flatten\dut.$procdff$1251 ($dff) from module lsc1_packet_frontend_arch_reset_idle.
Setting constant 0-bit at position 1146 on $flatten\dut.$procdff$1251 ($dff) from module lsc1_packet_frontend_arch_reset_idle.
Setting constant 0-bit at position 1147 on $flatten\dut.$procdff$1251 ($dff) from module lsc1_packet_frontend_arch_reset_idle.
Setting constant 0-bit at position 1148 on $flatten\dut.$procdff$1251 ($dff) from module lsc1_packet_frontend_arch_reset_idle.
Setting constant 0-bit at position 1149 on $flatten\dut.$procdff$1251 ($dff) from module lsc1_packet_frontend_arch_reset_idle.
Setting constant 0-bit at position 1150 on $flatten\dut.$procdff$1251 ($dff) from module lsc1_packet_frontend_arch_reset_idle.
Setting constant 0-bit at position 1151 on $flatten\dut.$procdff$1251 ($dff) from module lsc1_packet_frontend_arch_reset_idle.
Setting constant 0-bit at position 1152 on $flatten\dut.$procdff$1251 ($dff) from module lsc1_packet_frontend_arch_reset_idle.
Setting constant 0-bit at position 1153 on $flatten\dut.$procdff$1251 ($dff) from module lsc1_packet_frontend_arch_reset_idle.
Setting constant 0-bit at position 1154 on $flatten\dut.$procdff$1251 ($dff) from module lsc1_packet_frontend_arch_reset_idle.
Setting constant 0-bit at position 1155 on $flatten\dut.$procdff$1251 ($dff) from module lsc1_packet_frontend_arch_reset_idle.
Setting constant 0-bit at position 1156 on $flatten\dut.$procdff$1251 ($dff) from module lsc1_packet_frontend_arch_reset_idle.
Setting constant 0-bit at position 1157 on $flatten\dut.$procdff$1251 ($dff) from module lsc1_packet_frontend_arch_reset_idle.
Setting constant 0-bit at position 1158 on $flatten\dut.$procdff$1251 ($dff) from module lsc1_packet_frontend_arch_reset_idle.
Setting constant 0-bit at position 1159 on $flatten\dut.$procdff$1251 ($dff) from module lsc1_packet_frontend_arch_reset_idle.
Setting constant 0-bit at position 1160 on $flatten\dut.$procdff$1251 ($dff) from module lsc1_packet_frontend_arch_reset_idle.
Setting constant 0-bit at position 1161 on $flatten\dut.$procdff$1251 ($dff) from module lsc1_packet_frontend_arch_reset_idle.
Setting constant 0-bit at position 1162 on $flatten\dut.$procdff$1251 ($dff) from module lsc1_packet_frontend_arch_reset_idle.
Setting constant 0-bit at position 1163 on $flatten\dut.$procdff$1251 ($dff) from module lsc1_packet_frontend_arch_reset_idle.
Setting constant 0-bit at position 1164 on $flatten\dut.$procdff$1251 ($dff) from module lsc1_packet_frontend_arch_reset_idle.
Setting constant 0-bit at position 1165 on $flatten\dut.$procdff$1251 ($dff) from module lsc1_packet_frontend_arch_reset_idle.
Setting constant 0-bit at position 1166 on $flatten\dut.$procdff$1251 ($dff) from module lsc1_packet_frontend_arch_reset_idle.
Setting constant 0-bit at position 1167 on $flatten\dut.$procdff$1251 ($dff) from module lsc1_packet_frontend_arch_reset_idle.
Setting constant 0-bit at position 1168 on $flatten\dut.$procdff$1251 ($dff) from module lsc1_packet_frontend_arch_reset_idle.
Setting constant 0-bit at position 1169 on $flatten\dut.$procdff$1251 ($dff) from module lsc1_packet_frontend_arch_reset_idle.
Setting constant 0-bit at position 1170 on $flatten\dut.$procdff$1251 ($dff) from module lsc1_packet_frontend_arch_reset_idle.
Setting constant 0-bit at position 1171 on $flatten\dut.$procdff$1251 ($dff) from module lsc1_packet_frontend_arch_reset_idle.
Setting constant 0-bit at position 1172 on $flatten\dut.$procdff$1251 ($dff) from module lsc1_packet_frontend_arch_reset_idle.
Setting constant 0-bit at position 1173 on $flatten\dut.$procdff$1251 ($dff) from module lsc1_packet_frontend_arch_reset_idle.
Setting constant 0-bit at position 1174 on $flatten\dut.$procdff$1251 ($dff) from module lsc1_packet_frontend_arch_reset_idle.
Setting constant 0-bit at position 1175 on $flatten\dut.$procdff$1251 ($dff) from module lsc1_packet_frontend_arch_reset_idle.
Setting constant 0-bit at position 1176 on $flatten\dut.$procdff$1251 ($dff) from module lsc1_packet_frontend_arch_reset_idle.
Setting constant 0-bit at position 1177 on $flatten\dut.$procdff$1251 ($dff) from module lsc1_packet_frontend_arch_reset_idle.
Setting constant 0-bit at position 1178 on $flatten\dut.$procdff$1251 ($dff) from module lsc1_packet_frontend_arch_reset_idle.
Setting constant 0-bit at position 1179 on $flatten\dut.$procdff$1251 ($dff) from module lsc1_packet_frontend_arch_reset_idle.
Setting constant 0-bit at position 1180 on $flatten\dut.$procdff$1251 ($dff) from module lsc1_packet_frontend_arch_reset_idle.
Setting constant 0-bit at position 1181 on $flatten\dut.$procdff$1251 ($dff) from module lsc1_packet_frontend_arch_reset_idle.
Setting constant 0-bit at position 1182 on $flatten\dut.$procdff$1251 ($dff) from module lsc1_packet_frontend_arch_reset_idle.
Setting constant 0-bit at position 1183 on $flatten\dut.$procdff$1251 ($dff) from module lsc1_packet_frontend_arch_reset_idle.
Setting constant 0-bit at position 1184 on $flatten\dut.$procdff$1251 ($dff) from module lsc1_packet_frontend_arch_reset_idle.
Setting constant 0-bit at position 1185 on $flatten\dut.$procdff$1251 ($dff) from module lsc1_packet_frontend_arch_reset_idle.
Setting constant 0-bit at position 1186 on $flatten\dut.$procdff$1251 ($dff) from module lsc1_packet_frontend_arch_reset_idle.
Setting constant 0-bit at position 1187 on $flatten\dut.$procdff$1251 ($dff) from module lsc1_packet_frontend_arch_reset_idle.
Setting constant 0-bit at position 1188 on $flatten\dut.$procdff$1251 ($dff) from module lsc1_packet_frontend_arch_reset_idle.
Setting constant 0-bit at position 1189 on $flatten\dut.$procdff$1251 ($dff) from module lsc1_packet_frontend_arch_reset_idle.
Setting constant 0-bit at position 1190 on $flatten\dut.$procdff$1251 ($dff) from module lsc1_packet_frontend_arch_reset_idle.
Setting constant 0-bit at position 1191 on $flatten\dut.$procdff$1251 ($dff) from module lsc1_packet_frontend_arch_reset_idle.
Setting constant 0-bit at position 1192 on $flatten\dut.$procdff$1251 ($dff) from module lsc1_packet_frontend_arch_reset_idle.
Setting constant 0-bit at position 1193 on $flatten\dut.$procdff$1251 ($dff) from module lsc1_packet_frontend_arch_reset_idle.
Setting constant 0-bit at position 1194 on $flatten\dut.$procdff$1251 ($dff) from module lsc1_packet_frontend_arch_reset_idle.
Setting constant 0-bit at position 1195 on $flatten\dut.$procdff$1251 ($dff) from module lsc1_packet_frontend_arch_reset_idle.
Setting constant 0-bit at position 1196 on $flatten\dut.$procdff$1251 ($dff) from module lsc1_packet_frontend_arch_reset_idle.
Setting constant 0-bit at position 1197 on $flatten\dut.$procdff$1251 ($dff) from module lsc1_packet_frontend_arch_reset_idle.
Setting constant 0-bit at position 1198 on $flatten\dut.$procdff$1251 ($dff) from module lsc1_packet_frontend_arch_reset_idle.
Setting constant 0-bit at position 1199 on $flatten\dut.$procdff$1251 ($dff) from module lsc1_packet_frontend_arch_reset_idle.
Setting constant 0-bit at position 1200 on $flatten\dut.$procdff$1251 ($dff) from module lsc1_packet_frontend_arch_reset_idle.
Setting constant 0-bit at position 1201 on $flatten\dut.$procdff$1251 ($dff) from module lsc1_packet_frontend_arch_reset_idle.
Setting constant 0-bit at position 1202 on $flatten\dut.$procdff$1251 ($dff) from module lsc1_packet_frontend_arch_reset_idle.
Setting constant 0-bit at position 1203 on $flatten\dut.$procdff$1251 ($dff) from module lsc1_packet_frontend_arch_reset_idle.
Setting constant 0-bit at position 1204 on $flatten\dut.$procdff$1251 ($dff) from module lsc1_packet_frontend_arch_reset_idle.
Setting constant 0-bit at position 1205 on $flatten\dut.$procdff$1251 ($dff) from module lsc1_packet_frontend_arch_reset_idle.
Setting constant 0-bit at position 1206 on $flatten\dut.$procdff$1251 ($dff) from module lsc1_packet_frontend_arch_reset_idle.
Setting constant 0-bit at position 1207 on $flatten\dut.$procdff$1251 ($dff) from module lsc1_packet_frontend_arch_reset_idle.
Setting constant 0-bit at position 1208 on $flatten\dut.$procdff$1251 ($dff) from module lsc1_packet_frontend_arch_reset_idle.
Setting constant 0-bit at position 1209 on $flatten\dut.$procdff$1251 ($dff) from module lsc1_packet_frontend_arch_reset_idle.
Setting constant 0-bit at position 1210 on $flatten\dut.$procdff$1251 ($dff) from module lsc1_packet_frontend_arch_reset_idle.
Setting constant 0-bit at position 1211 on $flatten\dut.$procdff$1251 ($dff) from module lsc1_packet_frontend_arch_reset_idle.
Setting constant 0-bit at position 1212 on $flatten\dut.$procdff$1251 ($dff) from module lsc1_packet_frontend_arch_reset_idle.
Setting constant 0-bit at position 1213 on $flatten\dut.$procdff$1251 ($dff) from module lsc1_packet_frontend_arch_reset_idle.
Setting constant 0-bit at position 1214 on $flatten\dut.$procdff$1251 ($dff) from module lsc1_packet_frontend_arch_reset_idle.
Setting constant 0-bit at position 1215 on $flatten\dut.$procdff$1251 ($dff) from module lsc1_packet_frontend_arch_reset_idle.
Setting constant 0-bit at position 1216 on $flatten\dut.$procdff$1251 ($dff) from module lsc1_packet_frontend_arch_reset_idle.
Setting constant 0-bit at position 1217 on $flatten\dut.$procdff$1251 ($dff) from module lsc1_packet_frontend_arch_reset_idle.
Setting constant 0-bit at position 1218 on $flatten\dut.$procdff$1251 ($dff) from module lsc1_packet_frontend_arch_reset_idle.
Setting constant 0-bit at position 1219 on $flatten\dut.$procdff$1251 ($dff) from module lsc1_packet_frontend_arch_reset_idle.
Setting constant 0-bit at position 1220 on $flatten\dut.$procdff$1251 ($dff) from module lsc1_packet_frontend_arch_reset_idle.
Setting constant 0-bit at position 1221 on $flatten\dut.$procdff$1251 ($dff) from module lsc1_packet_frontend_arch_reset_idle.
Setting constant 0-bit at position 1222 on $flatten\dut.$procdff$1251 ($dff) from module lsc1_packet_frontend_arch_reset_idle.
Setting constant 0-bit at position 1223 on $flatten\dut.$procdff$1251 ($dff) from module lsc1_packet_frontend_arch_reset_idle.
Setting constant 0-bit at position 1224 on $flatten\dut.$procdff$1251 ($dff) from module lsc1_packet_frontend_arch_reset_idle.
Setting constant 0-bit at position 1225 on $flatten\dut.$procdff$1251 ($dff) from module lsc1_packet_frontend_arch_reset_idle.
Setting constant 0-bit at position 1226 on $flatten\dut.$procdff$1251 ($dff) from module lsc1_packet_frontend_arch_reset_idle.
Setting constant 0-bit at position 1227 on $flatten\dut.$procdff$1251 ($dff) from module lsc1_packet_frontend_arch_reset_idle.
Setting constant 0-bit at position 1228 on $flatten\dut.$procdff$1251 ($dff) from module lsc1_packet_frontend_arch_reset_idle.
Setting constant 0-bit at position 1229 on $flatten\dut.$procdff$1251 ($dff) from module lsc1_packet_frontend_arch_reset_idle.
Setting constant 0-bit at position 1230 on $flatten\dut.$procdff$1251 ($dff) from module lsc1_packet_frontend_arch_reset_idle.
Setting constant 0-bit at position 1231 on $flatten\dut.$procdff$1251 ($dff) from module lsc1_packet_frontend_arch_reset_idle.
Setting constant 0-bit at position 1232 on $flatten\dut.$procdff$1251 ($dff) from module lsc1_packet_frontend_arch_reset_idle.
Setting constant 0-bit at position 1233 on $flatten\dut.$procdff$1251 ($dff) from module lsc1_packet_frontend_arch_reset_idle.
Setting constant 0-bit at position 1234 on $flatten\dut.$procdff$1251 ($dff) from module lsc1_packet_frontend_arch_reset_idle.
Setting constant 0-bit at position 1235 on $flatten\dut.$procdff$1251 ($dff) from module lsc1_packet_frontend_arch_reset_idle.
Setting constant 0-bit at position 1236 on $flatten\dut.$procdff$1251 ($dff) from module lsc1_packet_frontend_arch_reset_idle.
Setting constant 0-bit at position 1237 on $flatten\dut.$procdff$1251 ($dff) from module lsc1_packet_frontend_arch_reset_idle.
Setting constant 0-bit at position 1238 on $flatten\dut.$procdff$1251 ($dff) from module lsc1_packet_frontend_arch_reset_idle.
Setting constant 0-bit at position 1239 on $flatten\dut.$procdff$1251 ($dff) from module lsc1_packet_frontend_arch_reset_idle.
Setting constant 0-bit at position 1240 on $flatten\dut.$procdff$1251 ($dff) from module lsc1_packet_frontend_arch_reset_idle.
Setting constant 0-bit at position 1241 on $flatten\dut.$procdff$1251 ($dff) from module lsc1_packet_frontend_arch_reset_idle.
Setting constant 0-bit at position 1242 on $flatten\dut.$procdff$1251 ($dff) from module lsc1_packet_frontend_arch_reset_idle.
Setting constant 0-bit at position 1243 on $flatten\dut.$procdff$1251 ($dff) from module lsc1_packet_frontend_arch_reset_idle.
Setting constant 0-bit at position 1244 on $flatten\dut.$procdff$1251 ($dff) from module lsc1_packet_frontend_arch_reset_idle.
Setting constant 0-bit at position 1245 on $flatten\dut.$procdff$1251 ($dff) from module lsc1_packet_frontend_arch_reset_idle.
Setting constant 0-bit at position 1246 on $flatten\dut.$procdff$1251 ($dff) from module lsc1_packet_frontend_arch_reset_idle.
Setting constant 0-bit at position 1247 on $flatten\dut.$procdff$1251 ($dff) from module lsc1_packet_frontend_arch_reset_idle.
Setting constant 0-bit at position 1248 on $flatten\dut.$procdff$1251 ($dff) from module lsc1_packet_frontend_arch_reset_idle.
Setting constant 0-bit at position 1249 on $flatten\dut.$procdff$1251 ($dff) from module lsc1_packet_frontend_arch_reset_idle.
Setting constant 0-bit at position 1250 on $flatten\dut.$procdff$1251 ($dff) from module lsc1_packet_frontend_arch_reset_idle.
Setting constant 0-bit at position 1251 on $flatten\dut.$procdff$1251 ($dff) from module lsc1_packet_frontend_arch_reset_idle.
Setting constant 0-bit at position 1252 on $flatten\dut.$procdff$1251 ($dff) from module lsc1_packet_frontend_arch_reset_idle.
Setting constant 0-bit at position 1253 on $flatten\dut.$procdff$1251 ($dff) from module lsc1_packet_frontend_arch_reset_idle.
Setting constant 0-bit at position 1254 on $flatten\dut.$procdff$1251 ($dff) from module lsc1_packet_frontend_arch_reset_idle.
Setting constant 0-bit at position 1255 on $flatten\dut.$procdff$1251 ($dff) from module lsc1_packet_frontend_arch_reset_idle.
Setting constant 0-bit at position 1256 on $flatten\dut.$procdff$1251 ($dff) from module lsc1_packet_frontend_arch_reset_idle.
Setting constant 0-bit at position 1257 on $flatten\dut.$procdff$1251 ($dff) from module lsc1_packet_frontend_arch_reset_idle.
Setting constant 0-bit at position 1258 on $flatten\dut.$procdff$1251 ($dff) from module lsc1_packet_frontend_arch_reset_idle.
Setting constant 0-bit at position 1259 on $flatten\dut.$procdff$1251 ($dff) from module lsc1_packet_frontend_arch_reset_idle.
Setting constant 0-bit at position 1260 on $flatten\dut.$procdff$1251 ($dff) from module lsc1_packet_frontend_arch_reset_idle.
Setting constant 0-bit at position 1261 on $flatten\dut.$procdff$1251 ($dff) from module lsc1_packet_frontend_arch_reset_idle.
Setting constant 0-bit at position 1262 on $flatten\dut.$procdff$1251 ($dff) from module lsc1_packet_frontend_arch_reset_idle.
Setting constant 0-bit at position 1263 on $flatten\dut.$procdff$1251 ($dff) from module lsc1_packet_frontend_arch_reset_idle.
Setting constant 0-bit at position 1264 on $flatten\dut.$procdff$1251 ($dff) from module lsc1_packet_frontend_arch_reset_idle.
Setting constant 0-bit at position 1265 on $flatten\dut.$procdff$1251 ($dff) from module lsc1_packet_frontend_arch_reset_idle.
Setting constant 0-bit at position 1266 on $flatten\dut.$procdff$1251 ($dff) from module lsc1_packet_frontend_arch_reset_idle.
Setting constant 0-bit at position 1267 on $flatten\dut.$procdff$1251 ($dff) from module lsc1_packet_frontend_arch_reset_idle.
Setting constant 0-bit at position 1268 on $flatten\dut.$procdff$1251 ($dff) from module lsc1_packet_frontend_arch_reset_idle.
Setting constant 0-bit at position 1269 on $flatten\dut.$procdff$1251 ($dff) from module lsc1_packet_frontend_arch_reset_idle.
Setting constant 0-bit at position 1270 on $flatten\dut.$procdff$1251 ($dff) from module lsc1_packet_frontend_arch_reset_idle.
Setting constant 0-bit at position 1271 on $flatten\dut.$procdff$1251 ($dff) from module lsc1_packet_frontend_arch_reset_idle.
Setting constant 0-bit at position 1272 on $flatten\dut.$procdff$1251 ($dff) from module lsc1_packet_frontend_arch_reset_idle.
Setting constant 0-bit at position 1273 on $flatten\dut.$procdff$1251 ($dff) from module lsc1_packet_frontend_arch_reset_idle.
Setting constant 0-bit at position 1274 on $flatten\dut.$procdff$1251 ($dff) from module lsc1_packet_frontend_arch_reset_idle.
Setting constant 0-bit at position 1275 on $flatten\dut.$procdff$1251 ($dff) from module lsc1_packet_frontend_arch_reset_idle.
Setting constant 0-bit at position 1276 on $flatten\dut.$procdff$1251 ($dff) from module lsc1_packet_frontend_arch_reset_idle.
Setting constant 0-bit at position 1277 on $flatten\dut.$procdff$1251 ($dff) from module lsc1_packet_frontend_arch_reset_idle.
Setting constant 0-bit at position 1278 on $flatten\dut.$procdff$1251 ($dff) from module lsc1_packet_frontend_arch_reset_idle.
Setting constant 0-bit at position 1279 on $flatten\dut.$procdff$1251 ($dff) from module lsc1_packet_frontend_arch_reset_idle.
Setting constant 0-bit at position 1280 on $flatten\dut.$procdff$1251 ($dff) from module lsc1_packet_frontend_arch_reset_idle.
Setting constant 0-bit at position 1281 on $flatten\dut.$procdff$1251 ($dff) from module lsc1_packet_frontend_arch_reset_idle.
Setting constant 0-bit at position 1282 on $flatten\dut.$procdff$1251 ($dff) from module lsc1_packet_frontend_arch_reset_idle.
Setting constant 0-bit at position 1283 on $flatten\dut.$procdff$1251 ($dff) from module lsc1_packet_frontend_arch_reset_idle.
Setting constant 0-bit at position 1284 on $flatten\dut.$procdff$1251 ($dff) from module lsc1_packet_frontend_arch_reset_idle.
Setting constant 0-bit at position 1285 on $flatten\dut.$procdff$1251 ($dff) from module lsc1_packet_frontend_arch_reset_idle.
Setting constant 0-bit at position 1286 on $flatten\dut.$procdff$1251 ($dff) from module lsc1_packet_frontend_arch_reset_idle.
Setting constant 0-bit at position 1287 on $flatten\dut.$procdff$1251 ($dff) from module lsc1_packet_frontend_arch_reset_idle.
Setting constant 0-bit at position 1288 on $flatten\dut.$procdff$1251 ($dff) from module lsc1_packet_frontend_arch_reset_idle.
Setting constant 0-bit at position 1289 on $flatten\dut.$procdff$1251 ($dff) from module lsc1_packet_frontend_arch_reset_idle.
Setting constant 0-bit at position 1290 on $flatten\dut.$procdff$1251 ($dff) from module lsc1_packet_frontend_arch_reset_idle.
Setting constant 0-bit at position 1291 on $flatten\dut.$procdff$1251 ($dff) from module lsc1_packet_frontend_arch_reset_idle.
Setting constant 0-bit at position 1292 on $flatten\dut.$procdff$1251 ($dff) from module lsc1_packet_frontend_arch_reset_idle.
Setting constant 0-bit at position 1293 on $flatten\dut.$procdff$1251 ($dff) from module lsc1_packet_frontend_arch_reset_idle.
Setting constant 0-bit at position 1294 on $flatten\dut.$procdff$1251 ($dff) from module lsc1_packet_frontend_arch_reset_idle.
Setting constant 0-bit at position 1295 on $flatten\dut.$procdff$1251 ($dff) from module lsc1_packet_frontend_arch_reset_idle.
Setting constant 0-bit at position 1296 on $flatten\dut.$procdff$1251 ($dff) from module lsc1_packet_frontend_arch_reset_idle.
Setting constant 0-bit at position 1297 on $flatten\dut.$procdff$1251 ($dff) from module lsc1_packet_frontend_arch_reset_idle.
Setting constant 0-bit at position 1298 on $flatten\dut.$procdff$1251 ($dff) from module lsc1_packet_frontend_arch_reset_idle.
Setting constant 0-bit at position 1299 on $flatten\dut.$procdff$1251 ($dff) from module lsc1_packet_frontend_arch_reset_idle.
Setting constant 0-bit at position 1300 on $flatten\dut.$procdff$1251 ($dff) from module lsc1_packet_frontend_arch_reset_idle.
Setting constant 0-bit at position 1301 on $flatten\dut.$procdff$1251 ($dff) from module lsc1_packet_frontend_arch_reset_idle.
Setting constant 0-bit at position 1302 on $flatten\dut.$procdff$1251 ($dff) from module lsc1_packet_frontend_arch_reset_idle.
Setting constant 0-bit at position 1303 on $flatten\dut.$procdff$1251 ($dff) from module lsc1_packet_frontend_arch_reset_idle.
Setting constant 0-bit at position 1304 on $flatten\dut.$procdff$1251 ($dff) from module lsc1_packet_frontend_arch_reset_idle.
Setting constant 0-bit at position 1305 on $flatten\dut.$procdff$1251 ($dff) from module lsc1_packet_frontend_arch_reset_idle.
Setting constant 0-bit at position 1306 on $flatten\dut.$procdff$1251 ($dff) from module lsc1_packet_frontend_arch_reset_idle.
Setting constant 0-bit at position 1307 on $flatten\dut.$procdff$1251 ($dff) from module lsc1_packet_frontend_arch_reset_idle.
Setting constant 0-bit at position 1308 on $flatten\dut.$procdff$1251 ($dff) from module lsc1_packet_frontend_arch_reset_idle.
Setting constant 0-bit at position 1309 on $flatten\dut.$procdff$1251 ($dff) from module lsc1_packet_frontend_arch_reset_idle.
Setting constant 0-bit at position 1310 on $flatten\dut.$procdff$1251 ($dff) from module lsc1_packet_frontend_arch_reset_idle.
Setting constant 0-bit at position 1311 on $flatten\dut.$procdff$1251 ($dff) from module lsc1_packet_frontend_arch_reset_idle.
Setting constant 0-bit at position 1312 on $flatten\dut.$procdff$1251 ($dff) from module lsc1_packet_frontend_arch_reset_idle.
Setting constant 0-bit at position 1313 on $flatten\dut.$procdff$1251 ($dff) from module lsc1_packet_frontend_arch_reset_idle.
Setting constant 0-bit at position 1314 on $flatten\dut.$procdff$1251 ($dff) from module lsc1_packet_frontend_arch_reset_idle.
Setting constant 0-bit at position 1315 on $flatten\dut.$procdff$1251 ($dff) from module lsc1_packet_frontend_arch_reset_idle.
Setting constant 0-bit at position 1316 on $flatten\dut.$procdff$1251 ($dff) from module lsc1_packet_frontend_arch_reset_idle.
Setting constant 0-bit at position 1317 on $flatten\dut.$procdff$1251 ($dff) from module lsc1_packet_frontend_arch_reset_idle.
Setting constant 0-bit at position 1318 on $flatten\dut.$procdff$1251 ($dff) from module lsc1_packet_frontend_arch_reset_idle.
Setting constant 0-bit at position 1319 on $flatten\dut.$procdff$1251 ($dff) from module lsc1_packet_frontend_arch_reset_idle.
Setting constant 0-bit at position 1320 on $flatten\dut.$procdff$1251 ($dff) from module lsc1_packet_frontend_arch_reset_idle.
Setting constant 0-bit at position 1321 on $flatten\dut.$procdff$1251 ($dff) from module lsc1_packet_frontend_arch_reset_idle.
Setting constant 0-bit at position 1322 on $flatten\dut.$procdff$1251 ($dff) from module lsc1_packet_frontend_arch_reset_idle.
Setting constant 0-bit at position 1323 on $flatten\dut.$procdff$1251 ($dff) from module lsc1_packet_frontend_arch_reset_idle.
Setting constant 0-bit at position 1324 on $flatten\dut.$procdff$1251 ($dff) from module lsc1_packet_frontend_arch_reset_idle.
Setting constant 0-bit at position 1325 on $flatten\dut.$procdff$1251 ($dff) from module lsc1_packet_frontend_arch_reset_idle.
Setting constant 0-bit at position 1326 on $flatten\dut.$procdff$1251 ($dff) from module lsc1_packet_frontend_arch_reset_idle.
Setting constant 0-bit at position 1327 on $flatten\dut.$procdff$1251 ($dff) from module lsc1_packet_frontend_arch_reset_idle.
Setting constant 0-bit at position 1328 on $flatten\dut.$procdff$1251 ($dff) from module lsc1_packet_frontend_arch_reset_idle.
Setting constant 0-bit at position 1329 on $flatten\dut.$procdff$1251 ($dff) from module lsc1_packet_frontend_arch_reset_idle.
Setting constant 0-bit at position 1330 on $flatten\dut.$procdff$1251 ($dff) from module lsc1_packet_frontend_arch_reset_idle.
Setting constant 0-bit at position 1331 on $flatten\dut.$procdff$1251 ($dff) from module lsc1_packet_frontend_arch_reset_idle.
Setting constant 0-bit at position 1332 on $flatten\dut.$procdff$1251 ($dff) from module lsc1_packet_frontend_arch_reset_idle.
Setting constant 0-bit at position 1333 on $flatten\dut.$procdff$1251 ($dff) from module lsc1_packet_frontend_arch_reset_idle.
Setting constant 0-bit at position 1334 on $flatten\dut.$procdff$1251 ($dff) from module lsc1_packet_frontend_arch_reset_idle.
Setting constant 0-bit at position 1335 on $flatten\dut.$procdff$1251 ($dff) from module lsc1_packet_frontend_arch_reset_idle.
Setting constant 0-bit at position 1336 on $flatten\dut.$procdff$1251 ($dff) from module lsc1_packet_frontend_arch_reset_idle.
Setting constant 0-bit at position 1337 on $flatten\dut.$procdff$1251 ($dff) from module lsc1_packet_frontend_arch_reset_idle.
Setting constant 0-bit at position 1338 on $flatten\dut.$procdff$1251 ($dff) from module lsc1_packet_frontend_arch_reset_idle.
Setting constant 0-bit at position 1339 on $flatten\dut.$procdff$1251 ($dff) from module lsc1_packet_frontend_arch_reset_idle.
Setting constant 0-bit at position 1340 on $flatten\dut.$procdff$1251 ($dff) from module lsc1_packet_frontend_arch_reset_idle.
Setting constant 0-bit at position 1341 on $flatten\dut.$procdff$1251 ($dff) from module lsc1_packet_frontend_arch_reset_idle.
Setting constant 0-bit at position 1342 on $flatten\dut.$procdff$1251 ($dff) from module lsc1_packet_frontend_arch_reset_idle.
Setting constant 0-bit at position 1343 on $flatten\dut.$procdff$1251 ($dff) from module lsc1_packet_frontend_arch_reset_idle.
Setting constant 0-bit at position 1344 on $flatten\dut.$procdff$1251 ($dff) from module lsc1_packet_frontend_arch_reset_idle.
Setting constant 0-bit at position 1345 on $flatten\dut.$procdff$1251 ($dff) from module lsc1_packet_frontend_arch_reset_idle.
Setting constant 0-bit at position 1346 on $flatten\dut.$procdff$1251 ($dff) from module lsc1_packet_frontend_arch_reset_idle.
Setting constant 0-bit at position 1347 on $flatten\dut.$procdff$1251 ($dff) from module lsc1_packet_frontend_arch_reset_idle.
Setting constant 0-bit at position 1348 on $flatten\dut.$procdff$1251 ($dff) from module lsc1_packet_frontend_arch_reset_idle.
Setting constant 0-bit at position 1349 on $flatten\dut.$procdff$1251 ($dff) from module lsc1_packet_frontend_arch_reset_idle.
Setting constant 0-bit at position 1350 on $flatten\dut.$procdff$1251 ($dff) from module lsc1_packet_frontend_arch_reset_idle.
Setting constant 0-bit at position 1351 on $flatten\dut.$procdff$1251 ($dff) from module lsc1_packet_frontend_arch_reset_idle.
Setting constant 0-bit at position 1352 on $flatten\dut.$procdff$1251 ($dff) from module lsc1_packet_frontend_arch_reset_idle.
Setting constant 0-bit at position 1353 on $flatten\dut.$procdff$1251 ($dff) from module lsc1_packet_frontend_arch_reset_idle.
Setting constant 0-bit at position 1354 on $flatten\dut.$procdff$1251 ($dff) from module lsc1_packet_frontend_arch_reset_idle.
Setting constant 0-bit at position 1355 on $flatten\dut.$procdff$1251 ($dff) from module lsc1_packet_frontend_arch_reset_idle.
Setting constant 0-bit at position 1356 on $flatten\dut.$procdff$1251 ($dff) from module lsc1_packet_frontend_arch_reset_idle.
Setting constant 0-bit at position 1357 on $flatten\dut.$procdff$1251 ($dff) from module lsc1_packet_frontend_arch_reset_idle.
Setting constant 0-bit at position 1358 on $flatten\dut.$procdff$1251 ($dff) from module lsc1_packet_frontend_arch_reset_idle.
Setting constant 0-bit at position 1359 on $flatten\dut.$procdff$1251 ($dff) from module lsc1_packet_frontend_arch_reset_idle.
Setting constant 0-bit at position 1360 on $flatten\dut.$procdff$1251 ($dff) from module lsc1_packet_frontend_arch_reset_idle.
Setting constant 0-bit at position 1361 on $flatten\dut.$procdff$1251 ($dff) from module lsc1_packet_frontend_arch_reset_idle.
Setting constant 0-bit at position 1362 on $flatten\dut.$procdff$1251 ($dff) from module lsc1_packet_frontend_arch_reset_idle.
Setting constant 0-bit at position 1363 on $flatten\dut.$procdff$1251 ($dff) from module lsc1_packet_frontend_arch_reset_idle.
Setting constant 0-bit at position 1364 on $flatten\dut.$procdff$1251 ($dff) from module lsc1_packet_frontend_arch_reset_idle.
Setting constant 0-bit at position 1365 on $flatten\dut.$procdff$1251 ($dff) from module lsc1_packet_frontend_arch_reset_idle.
Setting constant 0-bit at position 1366 on $flatten\dut.$procdff$1251 ($dff) from module lsc1_packet_frontend_arch_reset_idle.
Setting constant 0-bit at position 1367 on $flatten\dut.$procdff$1251 ($dff) from module lsc1_packet_frontend_arch_reset_idle.
Setting constant 0-bit at position 1368 on $flatten\dut.$procdff$1251 ($dff) from module lsc1_packet_frontend_arch_reset_idle.
Setting constant 0-bit at position 1369 on $flatten\dut.$procdff$1251 ($dff) from module lsc1_packet_frontend_arch_reset_idle.
Setting constant 0-bit at position 1370 on $flatten\dut.$procdff$1251 ($dff) from module lsc1_packet_frontend_arch_reset_idle.
Setting constant 0-bit at position 1371 on $flatten\dut.$procdff$1251 ($dff) from module lsc1_packet_frontend_arch_reset_idle.
Setting constant 0-bit at position 1372 on $flatten\dut.$procdff$1251 ($dff) from module lsc1_packet_frontend_arch_reset_idle.
Setting constant 0-bit at position 1373 on $flatten\dut.$procdff$1251 ($dff) from module lsc1_packet_frontend_arch_reset_idle.
Setting constant 0-bit at position 1374 on $flatten\dut.$procdff$1251 ($dff) from module lsc1_packet_frontend_arch_reset_idle.
Setting constant 0-bit at position 1375 on $flatten\dut.$procdff$1251 ($dff) from module lsc1_packet_frontend_arch_reset_idle.
Setting constant 0-bit at position 1376 on $flatten\dut.$procdff$1251 ($dff) from module lsc1_packet_frontend_arch_reset_idle.
Setting constant 0-bit at position 1377 on $flatten\dut.$procdff$1251 ($dff) from module lsc1_packet_frontend_arch_reset_idle.
Setting constant 0-bit at position 1378 on $flatten\dut.$procdff$1251 ($dff) from module lsc1_packet_frontend_arch_reset_idle.
Setting constant 0-bit at position 1379 on $flatten\dut.$procdff$1251 ($dff) from module lsc1_packet_frontend_arch_reset_idle.
Setting constant 0-bit at position 1380 on $flatten\dut.$procdff$1251 ($dff) from module lsc1_packet_frontend_arch_reset_idle.
Setting constant 0-bit at position 1381 on $flatten\dut.$procdff$1251 ($dff) from module lsc1_packet_frontend_arch_reset_idle.
Setting constant 0-bit at position 1382 on $flatten\dut.$procdff$1251 ($dff) from module lsc1_packet_frontend_arch_reset_idle.
Setting constant 0-bit at position 1383 on $flatten\dut.$procdff$1251 ($dff) from module lsc1_packet_frontend_arch_reset_idle.
Setting constant 0-bit at position 1384 on $flatten\dut.$procdff$1251 ($dff) from module lsc1_packet_frontend_arch_reset_idle.
Setting constant 0-bit at position 1385 on $flatten\dut.$procdff$1251 ($dff) from module lsc1_packet_frontend_arch_reset_idle.
Setting constant 0-bit at position 1386 on $flatten\dut.$procdff$1251 ($dff) from module lsc1_packet_frontend_arch_reset_idle.
Setting constant 0-bit at position 1387 on $flatten\dut.$procdff$1251 ($dff) from module lsc1_packet_frontend_arch_reset_idle.
Setting constant 0-bit at position 1388 on $flatten\dut.$procdff$1251 ($dff) from module lsc1_packet_frontend_arch_reset_idle.
Setting constant 0-bit at position 1389 on $flatten\dut.$procdff$1251 ($dff) from module lsc1_packet_frontend_arch_reset_idle.
Setting constant 0-bit at position 1390 on $flatten\dut.$procdff$1251 ($dff) from module lsc1_packet_frontend_arch_reset_idle.
Setting constant 0-bit at position 1391 on $flatten\dut.$procdff$1251 ($dff) from module lsc1_packet_frontend_arch_reset_idle.
Setting constant 0-bit at position 1392 on $flatten\dut.$procdff$1251 ($dff) from module lsc1_packet_frontend_arch_reset_idle.
Setting constant 0-bit at position 1393 on $flatten\dut.$procdff$1251 ($dff) from module lsc1_packet_frontend_arch_reset_idle.
Setting constant 0-bit at position 1394 on $flatten\dut.$procdff$1251 ($dff) from module lsc1_packet_frontend_arch_reset_idle.
Setting constant 0-bit at position 1395 on $flatten\dut.$procdff$1251 ($dff) from module lsc1_packet_frontend_arch_reset_idle.
Setting constant 0-bit at position 1396 on $flatten\dut.$procdff$1251 ($dff) from module lsc1_packet_frontend_arch_reset_idle.
Setting constant 0-bit at position 1397 on $flatten\dut.$procdff$1251 ($dff) from module lsc1_packet_frontend_arch_reset_idle.
Setting constant 0-bit at position 1398 on $flatten\dut.$procdff$1251 ($dff) from module lsc1_packet_frontend_arch_reset_idle.
Setting constant 0-bit at position 1399 on $flatten\dut.$procdff$1251 ($dff) from module lsc1_packet_frontend_arch_reset_idle.
Setting constant 0-bit at position 1400 on $flatten\dut.$procdff$1251 ($dff) from module lsc1_packet_frontend_arch_reset_idle.
Setting constant 0-bit at position 1401 on $flatten\dut.$procdff$1251 ($dff) from module lsc1_packet_frontend_arch_reset_idle.
Setting constant 0-bit at position 1402 on $flatten\dut.$procdff$1251 ($dff) from module lsc1_packet_frontend_arch_reset_idle.
Setting constant 0-bit at position 1403 on $flatten\dut.$procdff$1251 ($dff) from module lsc1_packet_frontend_arch_reset_idle.
Setting constant 0-bit at position 1404 on $flatten\dut.$procdff$1251 ($dff) from module lsc1_packet_frontend_arch_reset_idle.
Setting constant 0-bit at position 1405 on $flatten\dut.$procdff$1251 ($dff) from module lsc1_packet_frontend_arch_reset_idle.
Setting constant 0-bit at position 1406 on $flatten\dut.$procdff$1251 ($dff) from module lsc1_packet_frontend_arch_reset_idle.
Setting constant 0-bit at position 1407 on $flatten\dut.$procdff$1251 ($dff) from module lsc1_packet_frontend_arch_reset_idle.
Setting constant 0-bit at position 1408 on $flatten\dut.$procdff$1251 ($dff) from module lsc1_packet_frontend_arch_reset_idle.
Setting constant 0-bit at position 1409 on $flatten\dut.$procdff$1251 ($dff) from module lsc1_packet_frontend_arch_reset_idle.
Setting constant 0-bit at position 1410 on $flatten\dut.$procdff$1251 ($dff) from module lsc1_packet_frontend_arch_reset_idle.
Setting constant 0-bit at position 1411 on $flatten\dut.$procdff$1251 ($dff) from module lsc1_packet_frontend_arch_reset_idle.
Setting constant 0-bit at position 1412 on $flatten\dut.$procdff$1251 ($dff) from module lsc1_packet_frontend_arch_reset_idle.
Setting constant 0-bit at position 1413 on $flatten\dut.$procdff$1251 ($dff) from module lsc1_packet_frontend_arch_reset_idle.
Setting constant 0-bit at position 1414 on $flatten\dut.$procdff$1251 ($dff) from module lsc1_packet_frontend_arch_reset_idle.
Setting constant 0-bit at position 1415 on $flatten\dut.$procdff$1251 ($dff) from module lsc1_packet_frontend_arch_reset_idle.
Setting constant 0-bit at position 1416 on $flatten\dut.$procdff$1251 ($dff) from module lsc1_packet_frontend_arch_reset_idle.
Setting constant 0-bit at position 1417 on $flatten\dut.$procdff$1251 ($dff) from module lsc1_packet_frontend_arch_reset_idle.
Setting constant 0-bit at position 1418 on $flatten\dut.$procdff$1251 ($dff) from module lsc1_packet_frontend_arch_reset_idle.
Setting constant 0-bit at position 1419 on $flatten\dut.$procdff$1251 ($dff) from module lsc1_packet_frontend_arch_reset_idle.
Setting constant 0-bit at position 1420 on $flatten\dut.$procdff$1251 ($dff) from module lsc1_packet_frontend_arch_reset_idle.
Setting constant 0-bit at position 1421 on $flatten\dut.$procdff$1251 ($dff) from module lsc1_packet_frontend_arch_reset_idle.
Setting constant 0-bit at position 1422 on $flatten\dut.$procdff$1251 ($dff) from module lsc1_packet_frontend_arch_reset_idle.
Setting constant 0-bit at position 1423 on $flatten\dut.$procdff$1251 ($dff) from module lsc1_packet_frontend_arch_reset_idle.
Setting constant 0-bit at position 1424 on $flatten\dut.$procdff$1251 ($dff) from module lsc1_packet_frontend_arch_reset_idle.
Setting constant 0-bit at position 1425 on $flatten\dut.$procdff$1251 ($dff) from module lsc1_packet_frontend_arch_reset_idle.
Setting constant 0-bit at position 1426 on $flatten\dut.$procdff$1251 ($dff) from module lsc1_packet_frontend_arch_reset_idle.
Setting constant 0-bit at position 1427 on $flatten\dut.$procdff$1251 ($dff) from module lsc1_packet_frontend_arch_reset_idle.
Setting constant 0-bit at position 1428 on $flatten\dut.$procdff$1251 ($dff) from module lsc1_packet_frontend_arch_reset_idle.
Setting constant 0-bit at position 1429 on $flatten\dut.$procdff$1251 ($dff) from module lsc1_packet_frontend_arch_reset_idle.
Setting constant 0-bit at position 1430 on $flatten\dut.$procdff$1251 ($dff) from module lsc1_packet_frontend_arch_reset_idle.
Setting constant 0-bit at position 1431 on $flatten\dut.$procdff$1251 ($dff) from module lsc1_packet_frontend_arch_reset_idle.
Setting constant 0-bit at position 1432 on $flatten\dut.$procdff$1251 ($dff) from module lsc1_packet_frontend_arch_reset_idle.
Setting constant 0-bit at position 1433 on $flatten\dut.$procdff$1251 ($dff) from module lsc1_packet_frontend_arch_reset_idle.
Setting constant 0-bit at position 1434 on $flatten\dut.$procdff$1251 ($dff) from module lsc1_packet_frontend_arch_reset_idle.
Setting constant 0-bit at position 1435 on $flatten\dut.$procdff$1251 ($dff) from module lsc1_packet_frontend_arch_reset_idle.
Setting constant 0-bit at position 1436 on $flatten\dut.$procdff$1251 ($dff) from module lsc1_packet_frontend_arch_reset_idle.
Setting constant 0-bit at position 1437 on $flatten\dut.$procdff$1251 ($dff) from module lsc1_packet_frontend_arch_reset_idle.
Setting constant 0-bit at position 1438 on $flatten\dut.$procdff$1251 ($dff) from module lsc1_packet_frontend_arch_reset_idle.
Setting constant 0-bit at position 1439 on $flatten\dut.$procdff$1251 ($dff) from module lsc1_packet_frontend_arch_reset_idle.
Setting constant 0-bit at position 1440 on $flatten\dut.$procdff$1251 ($dff) from module lsc1_packet_frontend_arch_reset_idle.
Setting constant 0-bit at position 1441 on $flatten\dut.$procdff$1251 ($dff) from module lsc1_packet_frontend_arch_reset_idle.
Setting constant 0-bit at position 1442 on $flatten\dut.$procdff$1251 ($dff) from module lsc1_packet_frontend_arch_reset_idle.
Setting constant 0-bit at position 1443 on $flatten\dut.$procdff$1251 ($dff) from module lsc1_packet_frontend_arch_reset_idle.
Setting constant 0-bit at position 1444 on $flatten\dut.$procdff$1251 ($dff) from module lsc1_packet_frontend_arch_reset_idle.
Setting constant 0-bit at position 1445 on $flatten\dut.$procdff$1251 ($dff) from module lsc1_packet_frontend_arch_reset_idle.
Setting constant 0-bit at position 1446 on $flatten\dut.$procdff$1251 ($dff) from module lsc1_packet_frontend_arch_reset_idle.
Setting constant 0-bit at position 1447 on $flatten\dut.$procdff$1251 ($dff) from module lsc1_packet_frontend_arch_reset_idle.
Setting constant 0-bit at position 1448 on $flatten\dut.$procdff$1251 ($dff) from module lsc1_packet_frontend_arch_reset_idle.
Setting constant 0-bit at position 1449 on $flatten\dut.$procdff$1251 ($dff) from module lsc1_packet_frontend_arch_reset_idle.
Setting constant 0-bit at position 1450 on $flatten\dut.$procdff$1251 ($dff) from module lsc1_packet_frontend_arch_reset_idle.
Setting constant 0-bit at position 1451 on $flatten\dut.$procdff$1251 ($dff) from module lsc1_packet_frontend_arch_reset_idle.
Setting constant 0-bit at position 1452 on $flatten\dut.$procdff$1251 ($dff) from module lsc1_packet_frontend_arch_reset_idle.
Setting constant 0-bit at position 1453 on $flatten\dut.$procdff$1251 ($dff) from module lsc1_packet_frontend_arch_reset_idle.
Setting constant 0-bit at position 1454 on $flatten\dut.$procdff$1251 ($dff) from module lsc1_packet_frontend_arch_reset_idle.
Setting constant 0-bit at position 1455 on $flatten\dut.$procdff$1251 ($dff) from module lsc1_packet_frontend_arch_reset_idle.
Setting constant 0-bit at position 1456 on $flatten\dut.$procdff$1251 ($dff) from module lsc1_packet_frontend_arch_reset_idle.
Setting constant 0-bit at position 1457 on $flatten\dut.$procdff$1251 ($dff) from module lsc1_packet_frontend_arch_reset_idle.
Setting constant 0-bit at position 1458 on $flatten\dut.$procdff$1251 ($dff) from module lsc1_packet_frontend_arch_reset_idle.
Setting constant 0-bit at position 1459 on $flatten\dut.$procdff$1251 ($dff) from module lsc1_packet_frontend_arch_reset_idle.
Setting constant 0-bit at position 1460 on $flatten\dut.$procdff$1251 ($dff) from module lsc1_packet_frontend_arch_reset_idle.
Setting constant 0-bit at position 1461 on $flatten\dut.$procdff$1251 ($dff) from module lsc1_packet_frontend_arch_reset_idle.
Setting constant 0-bit at position 1462 on $flatten\dut.$procdff$1251 ($dff) from module lsc1_packet_frontend_arch_reset_idle.
Setting constant 0-bit at position 1463 on $flatten\dut.$procdff$1251 ($dff) from module lsc1_packet_frontend_arch_reset_idle.
Setting constant 0-bit at position 1464 on $flatten\dut.$procdff$1251 ($dff) from module lsc1_packet_frontend_arch_reset_idle.
Setting constant 0-bit at position 1465 on $flatten\dut.$procdff$1251 ($dff) from module lsc1_packet_frontend_arch_reset_idle.
Setting constant 0-bit at position 1466 on $flatten\dut.$procdff$1251 ($dff) from module lsc1_packet_frontend_arch_reset_idle.
Setting constant 0-bit at position 1467 on $flatten\dut.$procdff$1251 ($dff) from module lsc1_packet_frontend_arch_reset_idle.
Setting constant 0-bit at position 1468 on $flatten\dut.$procdff$1251 ($dff) from module lsc1_packet_frontend_arch_reset_idle.
Setting constant 0-bit at position 1469 on $flatten\dut.$procdff$1251 ($dff) from module lsc1_packet_frontend_arch_reset_idle.
Setting constant 0-bit at position 1470 on $flatten\dut.$procdff$1251 ($dff) from module lsc1_packet_frontend_arch_reset_idle.
Setting constant 0-bit at position 1471 on $flatten\dut.$procdff$1251 ($dff) from module lsc1_packet_frontend_arch_reset_idle.
Setting constant 0-bit at position 1472 on $flatten\dut.$procdff$1251 ($dff) from module lsc1_packet_frontend_arch_reset_idle.
Setting constant 0-bit at position 1473 on $flatten\dut.$procdff$1251 ($dff) from module lsc1_packet_frontend_arch_reset_idle.
Setting constant 0-bit at position 1474 on $flatten\dut.$procdff$1251 ($dff) from module lsc1_packet_frontend_arch_reset_idle.
Setting constant 0-bit at position 1475 on $flatten\dut.$procdff$1251 ($dff) from module lsc1_packet_frontend_arch_reset_idle.
Setting constant 0-bit at position 1476 on $flatten\dut.$procdff$1251 ($dff) from module lsc1_packet_frontend_arch_reset_idle.
Setting constant 0-bit at position 1477 on $flatten\dut.$procdff$1251 ($dff) from module lsc1_packet_frontend_arch_reset_idle.
Setting constant 0-bit at position 1478 on $flatten\dut.$procdff$1251 ($dff) from module lsc1_packet_frontend_arch_reset_idle.
Setting constant 0-bit at position 1479 on $flatten\dut.$procdff$1251 ($dff) from module lsc1_packet_frontend_arch_reset_idle.
Setting constant 0-bit at position 1480 on $flatten\dut.$procdff$1251 ($dff) from module lsc1_packet_frontend_arch_reset_idle.
Setting constant 0-bit at position 1481 on $flatten\dut.$procdff$1251 ($dff) from module lsc1_packet_frontend_arch_reset_idle.
Setting constant 0-bit at position 1482 on $flatten\dut.$procdff$1251 ($dff) from module lsc1_packet_frontend_arch_reset_idle.
Setting constant 0-bit at position 1483 on $flatten\dut.$procdff$1251 ($dff) from module lsc1_packet_frontend_arch_reset_idle.
Setting constant 0-bit at position 1484 on $flatten\dut.$procdff$1251 ($dff) from module lsc1_packet_frontend_arch_reset_idle.
Setting constant 0-bit at position 1485 on $flatten\dut.$procdff$1251 ($dff) from module lsc1_packet_frontend_arch_reset_idle.
Setting constant 0-bit at position 1486 on $flatten\dut.$procdff$1251 ($dff) from module lsc1_packet_frontend_arch_reset_idle.
Setting constant 0-bit at position 1487 on $flatten\dut.$procdff$1251 ($dff) from module lsc1_packet_frontend_arch_reset_idle.
Setting constant 0-bit at position 1488 on $flatten\dut.$procdff$1251 ($dff) from module lsc1_packet_frontend_arch_reset_idle.
Setting constant 0-bit at position 1489 on $flatten\dut.$procdff$1251 ($dff) from module lsc1_packet_frontend_arch_reset_idle.
Setting constant 0-bit at position 1490 on $flatten\dut.$procdff$1251 ($dff) from module lsc1_packet_frontend_arch_reset_idle.
Setting constant 0-bit at position 1491 on $flatten\dut.$procdff$1251 ($dff) from module lsc1_packet_frontend_arch_reset_idle.
Setting constant 0-bit at position 1492 on $flatten\dut.$procdff$1251 ($dff) from module lsc1_packet_frontend_arch_reset_idle.
Setting constant 0-bit at position 1493 on $flatten\dut.$procdff$1251 ($dff) from module lsc1_packet_frontend_arch_reset_idle.
Setting constant 0-bit at position 1494 on $flatten\dut.$procdff$1251 ($dff) from module lsc1_packet_frontend_arch_reset_idle.
Setting constant 0-bit at position 1495 on $flatten\dut.$procdff$1251 ($dff) from module lsc1_packet_frontend_arch_reset_idle.
Setting constant 0-bit at position 1496 on $flatten\dut.$procdff$1251 ($dff) from module lsc1_packet_frontend_arch_reset_idle.
Setting constant 0-bit at position 1497 on $flatten\dut.$procdff$1251 ($dff) from module lsc1_packet_frontend_arch_reset_idle.
Setting constant 0-bit at position 1498 on $flatten\dut.$procdff$1251 ($dff) from module lsc1_packet_frontend_arch_reset_idle.
Setting constant 0-bit at position 1499 on $flatten\dut.$procdff$1251 ($dff) from module lsc1_packet_frontend_arch_reset_idle.
Setting constant 0-bit at position 1500 on $flatten\dut.$procdff$1251 ($dff) from module lsc1_packet_frontend_arch_reset_idle.
Setting constant 0-bit at position 1501 on $flatten\dut.$procdff$1251 ($dff) from module lsc1_packet_frontend_arch_reset_idle.
Setting constant 0-bit at position 1502 on $flatten\dut.$procdff$1251 ($dff) from module lsc1_packet_frontend_arch_reset_idle.
Setting constant 0-bit at position 1503 on $flatten\dut.$procdff$1251 ($dff) from module lsc1_packet_frontend_arch_reset_idle.
Setting constant 0-bit at position 1504 on $flatten\dut.$procdff$1251 ($dff) from module lsc1_packet_frontend_arch_reset_idle.
Setting constant 0-bit at position 1505 on $flatten\dut.$procdff$1251 ($dff) from module lsc1_packet_frontend_arch_reset_idle.
Setting constant 0-bit at position 1506 on $flatten\dut.$procdff$1251 ($dff) from module lsc1_packet_frontend_arch_reset_idle.
Setting constant 0-bit at position 1507 on $flatten\dut.$procdff$1251 ($dff) from module lsc1_packet_frontend_arch_reset_idle.
Setting constant 0-bit at position 1508 on $flatten\dut.$procdff$1251 ($dff) from module lsc1_packet_frontend_arch_reset_idle.
Setting constant 0-bit at position 1509 on $flatten\dut.$procdff$1251 ($dff) from module lsc1_packet_frontend_arch_reset_idle.
Setting constant 0-bit at position 1510 on $flatten\dut.$procdff$1251 ($dff) from module lsc1_packet_frontend_arch_reset_idle.
Setting constant 0-bit at position 1511 on $flatten\dut.$procdff$1251 ($dff) from module lsc1_packet_frontend_arch_reset_idle.
Setting constant 0-bit at position 1512 on $flatten\dut.$procdff$1251 ($dff) from module lsc1_packet_frontend_arch_reset_idle.
Setting constant 0-bit at position 1513 on $flatten\dut.$procdff$1251 ($dff) from module lsc1_packet_frontend_arch_reset_idle.
Setting constant 0-bit at position 1514 on $flatten\dut.$procdff$1251 ($dff) from module lsc1_packet_frontend_arch_reset_idle.
Setting constant 0-bit at position 1515 on $flatten\dut.$procdff$1251 ($dff) from module lsc1_packet_frontend_arch_reset_idle.
Setting constant 0-bit at position 1516 on $flatten\dut.$procdff$1251 ($dff) from module lsc1_packet_frontend_arch_reset_idle.
Setting constant 0-bit at position 1517 on $flatten\dut.$procdff$1251 ($dff) from module lsc1_packet_frontend_arch_reset_idle.
Setting constant 0-bit at position 1518 on $flatten\dut.$procdff$1251 ($dff) from module lsc1_packet_frontend_arch_reset_idle.
Setting constant 0-bit at position 1519 on $flatten\dut.$procdff$1251 ($dff) from module lsc1_packet_frontend_arch_reset_idle.
Setting constant 0-bit at position 1520 on $flatten\dut.$procdff$1251 ($dff) from module lsc1_packet_frontend_arch_reset_idle.
Setting constant 0-bit at position 1521 on $flatten\dut.$procdff$1251 ($dff) from module lsc1_packet_frontend_arch_reset_idle.
Setting constant 0-bit at position 1522 on $flatten\dut.$procdff$1251 ($dff) from module lsc1_packet_frontend_arch_reset_idle.
Setting constant 0-bit at position 1523 on $flatten\dut.$procdff$1251 ($dff) from module lsc1_packet_frontend_arch_reset_idle.
Setting constant 0-bit at position 1524 on $flatten\dut.$procdff$1251 ($dff) from module lsc1_packet_frontend_arch_reset_idle.
Setting constant 0-bit at position 1525 on $flatten\dut.$procdff$1251 ($dff) from module lsc1_packet_frontend_arch_reset_idle.
Setting constant 0-bit at position 1526 on $flatten\dut.$procdff$1251 ($dff) from module lsc1_packet_frontend_arch_reset_idle.
Setting constant 0-bit at position 1527 on $flatten\dut.$procdff$1251 ($dff) from module lsc1_packet_frontend_arch_reset_idle.
Setting constant 0-bit at position 1528 on $flatten\dut.$procdff$1251 ($dff) from module lsc1_packet_frontend_arch_reset_idle.
Setting constant 0-bit at position 1529 on $flatten\dut.$procdff$1251 ($dff) from module lsc1_packet_frontend_arch_reset_idle.
Setting constant 0-bit at position 1530 on $flatten\dut.$procdff$1251 ($dff) from module lsc1_packet_frontend_arch_reset_idle.
Setting constant 0-bit at position 1531 on $flatten\dut.$procdff$1251 ($dff) from module lsc1_packet_frontend_arch_reset_idle.
Setting constant 0-bit at position 1532 on $flatten\dut.$procdff$1251 ($dff) from module lsc1_packet_frontend_arch_reset_idle.
Setting constant 0-bit at position 1533 on $flatten\dut.$procdff$1251 ($dff) from module lsc1_packet_frontend_arch_reset_idle.
Setting constant 0-bit at position 1534 on $flatten\dut.$procdff$1251 ($dff) from module lsc1_packet_frontend_arch_reset_idle.
Setting constant 0-bit at position 1535 on $flatten\dut.$procdff$1251 ($dff) from module lsc1_packet_frontend_arch_reset_idle.
Setting constant 0-bit at position 1536 on $flatten\dut.$procdff$1251 ($dff) from module lsc1_packet_frontend_arch_reset_idle.
Setting constant 0-bit at position 1537 on $flatten\dut.$procdff$1251 ($dff) from module lsc1_packet_frontend_arch_reset_idle.
Setting constant 0-bit at position 1538 on $flatten\dut.$procdff$1251 ($dff) from module lsc1_packet_frontend_arch_reset_idle.
Setting constant 0-bit at position 1539 on $flatten\dut.$procdff$1251 ($dff) from module lsc1_packet_frontend_arch_reset_idle.
Setting constant 0-bit at position 1540 on $flatten\dut.$procdff$1251 ($dff) from module lsc1_packet_frontend_arch_reset_idle.
Setting constant 0-bit at position 1541 on $flatten\dut.$procdff$1251 ($dff) from module lsc1_packet_frontend_arch_reset_idle.
Setting constant 0-bit at position 1542 on $flatten\dut.$procdff$1251 ($dff) from module lsc1_packet_frontend_arch_reset_idle.
Setting constant 0-bit at position 1543 on $flatten\dut.$procdff$1251 ($dff) from module lsc1_packet_frontend_arch_reset_idle.
Setting constant 0-bit at position 1544 on $flatten\dut.$procdff$1251 ($dff) from module lsc1_packet_frontend_arch_reset_idle.
Setting constant 0-bit at position 1545 on $flatten\dut.$procdff$1251 ($dff) from module lsc1_packet_frontend_arch_reset_idle.
Setting constant 0-bit at position 1546 on $flatten\dut.$procdff$1251 ($dff) from module lsc1_packet_frontend_arch_reset_idle.
Setting constant 0-bit at position 1547 on $flatten\dut.$procdff$1251 ($dff) from module lsc1_packet_frontend_arch_reset_idle.
Setting constant 0-bit at position 1548 on $flatten\dut.$procdff$1251 ($dff) from module lsc1_packet_frontend_arch_reset_idle.
Setting constant 0-bit at position 1549 on $flatten\dut.$procdff$1251 ($dff) from module lsc1_packet_frontend_arch_reset_idle.
Setting constant 0-bit at position 1550 on $flatten\dut.$procdff$1251 ($dff) from module lsc1_packet_frontend_arch_reset_idle.
Setting constant 0-bit at position 1551 on $flatten\dut.$procdff$1251 ($dff) from module lsc1_packet_frontend_arch_reset_idle.
Setting constant 0-bit at position 1552 on $flatten\dut.$procdff$1251 ($dff) from module lsc1_packet_frontend_arch_reset_idle.
Setting constant 0-bit at position 1553 on $flatten\dut.$procdff$1251 ($dff) from module lsc1_packet_frontend_arch_reset_idle.
Setting constant 0-bit at position 1554 on $flatten\dut.$procdff$1251 ($dff) from module lsc1_packet_frontend_arch_reset_idle.
Setting constant 0-bit at position 1555 on $flatten\dut.$procdff$1251 ($dff) from module lsc1_packet_frontend_arch_reset_idle.
Setting constant 0-bit at position 1556 on $flatten\dut.$procdff$1251 ($dff) from module lsc1_packet_frontend_arch_reset_idle.
Setting constant 0-bit at position 1557 on $flatten\dut.$procdff$1251 ($dff) from module lsc1_packet_frontend_arch_reset_idle.
Setting constant 0-bit at position 1558 on $flatten\dut.$procdff$1251 ($dff) from module lsc1_packet_frontend_arch_reset_idle.
Setting constant 0-bit at position 1559 on $flatten\dut.$procdff$1251 ($dff) from module lsc1_packet_frontend_arch_reset_idle.
Setting constant 0-bit at position 1560 on $flatten\dut.$procdff$1251 ($dff) from module lsc1_packet_frontend_arch_reset_idle.
Setting constant 0-bit at position 1561 on $flatten\dut.$procdff$1251 ($dff) from module lsc1_packet_frontend_arch_reset_idle.
Setting constant 0-bit at position 1562 on $flatten\dut.$procdff$1251 ($dff) from module lsc1_packet_frontend_arch_reset_idle.
Setting constant 0-bit at position 1563 on $flatten\dut.$procdff$1251 ($dff) from module lsc1_packet_frontend_arch_reset_idle.
Setting constant 0-bit at position 1564 on $flatten\dut.$procdff$1251 ($dff) from module lsc1_packet_frontend_arch_reset_idle.
Setting constant 0-bit at position 1565 on $flatten\dut.$procdff$1251 ($dff) from module lsc1_packet_frontend_arch_reset_idle.
Setting constant 0-bit at position 1566 on $flatten\dut.$procdff$1251 ($dff) from module lsc1_packet_frontend_arch_reset_idle.
Setting constant 0-bit at position 1567 on $flatten\dut.$procdff$1251 ($dff) from module lsc1_packet_frontend_arch_reset_idle.
Setting constant 0-bit at position 1568 on $flatten\dut.$procdff$1251 ($dff) from module lsc1_packet_frontend_arch_reset_idle.
Setting constant 0-bit at position 1569 on $flatten\dut.$procdff$1251 ($dff) from module lsc1_packet_frontend_arch_reset_idle.
Setting constant 0-bit at position 1570 on $flatten\dut.$procdff$1251 ($dff) from module lsc1_packet_frontend_arch_reset_idle.
Setting constant 0-bit at position 1571 on $flatten\dut.$procdff$1251 ($dff) from module lsc1_packet_frontend_arch_reset_idle.
Setting constant 0-bit at position 1572 on $flatten\dut.$procdff$1251 ($dff) from module lsc1_packet_frontend_arch_reset_idle.
Setting constant 0-bit at position 1573 on $flatten\dut.$procdff$1251 ($dff) from module lsc1_packet_frontend_arch_reset_idle.
Setting constant 0-bit at position 1574 on $flatten\dut.$procdff$1251 ($dff) from module lsc1_packet_frontend_arch_reset_idle.
Setting constant 0-bit at position 1575 on $flatten\dut.$procdff$1251 ($dff) from module lsc1_packet_frontend_arch_reset_idle.
Setting constant 0-bit at position 1576 on $flatten\dut.$procdff$1251 ($dff) from module lsc1_packet_frontend_arch_reset_idle.
Setting constant 0-bit at position 1577 on $flatten\dut.$procdff$1251 ($dff) from module lsc1_packet_frontend_arch_reset_idle.
Setting constant 0-bit at position 1578 on $flatten\dut.$procdff$1251 ($dff) from module lsc1_packet_frontend_arch_reset_idle.
Setting constant 0-bit at position 1579 on $flatten\dut.$procdff$1251 ($dff) from module lsc1_packet_frontend_arch_reset_idle.
Setting constant 0-bit at position 1580 on $flatten\dut.$procdff$1251 ($dff) from module lsc1_packet_frontend_arch_reset_idle.
Setting constant 0-bit at position 1581 on $flatten\dut.$procdff$1251 ($dff) from module lsc1_packet_frontend_arch_reset_idle.
Setting constant 0-bit at position 1582 on $flatten\dut.$procdff$1251 ($dff) from module lsc1_packet_frontend_arch_reset_idle.
Setting constant 0-bit at position 1583 on $flatten\dut.$procdff$1251 ($dff) from module lsc1_packet_frontend_arch_reset_idle.
Setting constant 0-bit at position 1584 on $flatten\dut.$procdff$1251 ($dff) from module lsc1_packet_frontend_arch_reset_idle.
Setting constant 0-bit at position 1585 on $flatten\dut.$procdff$1251 ($dff) from module lsc1_packet_frontend_arch_reset_idle.
Setting constant 0-bit at position 1586 on $flatten\dut.$procdff$1251 ($dff) from module lsc1_packet_frontend_arch_reset_idle.
Setting constant 0-bit at position 1587 on $flatten\dut.$procdff$1251 ($dff) from module lsc1_packet_frontend_arch_reset_idle.
Setting constant 0-bit at position 1588 on $flatten\dut.$procdff$1251 ($dff) from module lsc1_packet_frontend_arch_reset_idle.
Setting constant 0-bit at position 1589 on $flatten\dut.$procdff$1251 ($dff) from module lsc1_packet_frontend_arch_reset_idle.
Setting constant 0-bit at position 1590 on $flatten\dut.$procdff$1251 ($dff) from module lsc1_packet_frontend_arch_reset_idle.
Setting constant 0-bit at position 1591 on $flatten\dut.$procdff$1251 ($dff) from module lsc1_packet_frontend_arch_reset_idle.
Setting constant 0-bit at position 1592 on $flatten\dut.$procdff$1251 ($dff) from module lsc1_packet_frontend_arch_reset_idle.
Setting constant 0-bit at position 1593 on $flatten\dut.$procdff$1251 ($dff) from module lsc1_packet_frontend_arch_reset_idle.
Setting constant 0-bit at position 1594 on $flatten\dut.$procdff$1251 ($dff) from module lsc1_packet_frontend_arch_reset_idle.
Setting constant 0-bit at position 1595 on $flatten\dut.$procdff$1251 ($dff) from module lsc1_packet_frontend_arch_reset_idle.
Setting constant 0-bit at position 1596 on $flatten\dut.$procdff$1251 ($dff) from module lsc1_packet_frontend_arch_reset_idle.
Setting constant 0-bit at position 1597 on $flatten\dut.$procdff$1251 ($dff) from module lsc1_packet_frontend_arch_reset_idle.
Setting constant 0-bit at position 1598 on $flatten\dut.$procdff$1251 ($dff) from module lsc1_packet_frontend_arch_reset_idle.
Setting constant 0-bit at position 1599 on $flatten\dut.$procdff$1251 ($dff) from module lsc1_packet_frontend_arch_reset_idle.
Setting constant 0-bit at position 1600 on $flatten\dut.$procdff$1251 ($dff) from module lsc1_packet_frontend_arch_reset_idle.
Setting constant 0-bit at position 1601 on $flatten\dut.$procdff$1251 ($dff) from module lsc1_packet_frontend_arch_reset_idle.
Setting constant 0-bit at position 1602 on $flatten\dut.$procdff$1251 ($dff) from module lsc1_packet_frontend_arch_reset_idle.
Setting constant 0-bit at position 1603 on $flatten\dut.$procdff$1251 ($dff) from module lsc1_packet_frontend_arch_reset_idle.
Setting constant 0-bit at position 1604 on $flatten\dut.$procdff$1251 ($dff) from module lsc1_packet_frontend_arch_reset_idle.
Setting constant 0-bit at position 1605 on $flatten\dut.$procdff$1251 ($dff) from module lsc1_packet_frontend_arch_reset_idle.
Setting constant 0-bit at position 1606 on $flatten\dut.$procdff$1251 ($dff) from module lsc1_packet_frontend_arch_reset_idle.
Setting constant 0-bit at position 1607 on $flatten\dut.$procdff$1251 ($dff) from module lsc1_packet_frontend_arch_reset_idle.
Setting constant 0-bit at position 1608 on $flatten\dut.$procdff$1251 ($dff) from module lsc1_packet_frontend_arch_reset_idle.
Setting constant 0-bit at position 1609 on $flatten\dut.$procdff$1251 ($dff) from module lsc1_packet_frontend_arch_reset_idle.
Setting constant 0-bit at position 1610 on $flatten\dut.$procdff$1251 ($dff) from module lsc1_packet_frontend_arch_reset_idle.
Setting constant 0-bit at position 1611 on $flatten\dut.$procdff$1251 ($dff) from module lsc1_packet_frontend_arch_reset_idle.
Setting constant 0-bit at position 1612 on $flatten\dut.$procdff$1251 ($dff) from module lsc1_packet_frontend_arch_reset_idle.
Setting constant 0-bit at position 1613 on $flatten\dut.$procdff$1251 ($dff) from module lsc1_packet_frontend_arch_reset_idle.
Setting constant 0-bit at position 1614 on $flatten\dut.$procdff$1251 ($dff) from module lsc1_packet_frontend_arch_reset_idle.
Setting constant 0-bit at position 1615 on $flatten\dut.$procdff$1251 ($dff) from module lsc1_packet_frontend_arch_reset_idle.
Setting constant 0-bit at position 1616 on $flatten\dut.$procdff$1251 ($dff) from module lsc1_packet_frontend_arch_reset_idle.
Setting constant 0-bit at position 1617 on $flatten\dut.$procdff$1251 ($dff) from module lsc1_packet_frontend_arch_reset_idle.
Setting constant 0-bit at position 1618 on $flatten\dut.$procdff$1251 ($dff) from module lsc1_packet_frontend_arch_reset_idle.
Setting constant 0-bit at position 1619 on $flatten\dut.$procdff$1251 ($dff) from module lsc1_packet_frontend_arch_reset_idle.
Setting constant 0-bit at position 1620 on $flatten\dut.$procdff$1251 ($dff) from module lsc1_packet_frontend_arch_reset_idle.
Setting constant 0-bit at position 1621 on $flatten\dut.$procdff$1251 ($dff) from module lsc1_packet_frontend_arch_reset_idle.
Setting constant 0-bit at position 1622 on $flatten\dut.$procdff$1251 ($dff) from module lsc1_packet_frontend_arch_reset_idle.
Setting constant 0-bit at position 1623 on $flatten\dut.$procdff$1251 ($dff) from module lsc1_packet_frontend_arch_reset_idle.
Setting constant 0-bit at position 1624 on $flatten\dut.$procdff$1251 ($dff) from module lsc1_packet_frontend_arch_reset_idle.
Setting constant 0-bit at position 1625 on $flatten\dut.$procdff$1251 ($dff) from module lsc1_packet_frontend_arch_reset_idle.
Setting constant 0-bit at position 1626 on $flatten\dut.$procdff$1251 ($dff) from module lsc1_packet_frontend_arch_reset_idle.
Setting constant 0-bit at position 1627 on $flatten\dut.$procdff$1251 ($dff) from module lsc1_packet_frontend_arch_reset_idle.
Setting constant 0-bit at position 1628 on $flatten\dut.$procdff$1251 ($dff) from module lsc1_packet_frontend_arch_reset_idle.
Setting constant 0-bit at position 1629 on $flatten\dut.$procdff$1251 ($dff) from module lsc1_packet_frontend_arch_reset_idle.
Setting constant 0-bit at position 1630 on $flatten\dut.$procdff$1251 ($dff) from module lsc1_packet_frontend_arch_reset_idle.
Setting constant 0-bit at position 1631 on $flatten\dut.$procdff$1251 ($dff) from module lsc1_packet_frontend_arch_reset_idle.
Setting constant 0-bit at position 1632 on $flatten\dut.$procdff$1251 ($dff) from module lsc1_packet_frontend_arch_reset_idle.
Setting constant 0-bit at position 1633 on $flatten\dut.$procdff$1251 ($dff) from module lsc1_packet_frontend_arch_reset_idle.
Setting constant 0-bit at position 1634 on $flatten\dut.$procdff$1251 ($dff) from module lsc1_packet_frontend_arch_reset_idle.
Setting constant 0-bit at position 1635 on $flatten\dut.$procdff$1251 ($dff) from module lsc1_packet_frontend_arch_reset_idle.
Setting constant 0-bit at position 1636 on $flatten\dut.$procdff$1251 ($dff) from module lsc1_packet_frontend_arch_reset_idle.
Setting constant 0-bit at position 1637 on $flatten\dut.$procdff$1251 ($dff) from module lsc1_packet_frontend_arch_reset_idle.
Setting constant 0-bit at position 1638 on $flatten\dut.$procdff$1251 ($dff) from module lsc1_packet_frontend_arch_reset_idle.
Setting constant 0-bit at position 1639 on $flatten\dut.$procdff$1251 ($dff) from module lsc1_packet_frontend_arch_reset_idle.
Setting constant 0-bit at position 1640 on $flatten\dut.$procdff$1251 ($dff) from module lsc1_packet_frontend_arch_reset_idle.
Setting constant 0-bit at position 1641 on $flatten\dut.$procdff$1251 ($dff) from module lsc1_packet_frontend_arch_reset_idle.
Setting constant 0-bit at position 1642 on $flatten\dut.$procdff$1251 ($dff) from module lsc1_packet_frontend_arch_reset_idle.
Setting constant 0-bit at position 1643 on $flatten\dut.$procdff$1251 ($dff) from module lsc1_packet_frontend_arch_reset_idle.
Setting constant 0-bit at position 1644 on $flatten\dut.$procdff$1251 ($dff) from module lsc1_packet_frontend_arch_reset_idle.
Setting constant 0-bit at position 1645 on $flatten\dut.$procdff$1251 ($dff) from module lsc1_packet_frontend_arch_reset_idle.
Setting constant 0-bit at position 1646 on $flatten\dut.$procdff$1251 ($dff) from module lsc1_packet_frontend_arch_reset_idle.
Setting constant 0-bit at position 1647 on $flatten\dut.$procdff$1251 ($dff) from module lsc1_packet_frontend_arch_reset_idle.
Setting constant 0-bit at position 1648 on $flatten\dut.$procdff$1251 ($dff) from module lsc1_packet_frontend_arch_reset_idle.
Setting constant 0-bit at position 1649 on $flatten\dut.$procdff$1251 ($dff) from module lsc1_packet_frontend_arch_reset_idle.
Setting constant 0-bit at position 1650 on $flatten\dut.$procdff$1251 ($dff) from module lsc1_packet_frontend_arch_reset_idle.
Setting constant 0-bit at position 1651 on $flatten\dut.$procdff$1251 ($dff) from module lsc1_packet_frontend_arch_reset_idle.
Setting constant 0-bit at position 1652 on $flatten\dut.$procdff$1251 ($dff) from module lsc1_packet_frontend_arch_reset_idle.
Setting constant 0-bit at position 1653 on $flatten\dut.$procdff$1251 ($dff) from module lsc1_packet_frontend_arch_reset_idle.
Setting constant 0-bit at position 1654 on $flatten\dut.$procdff$1251 ($dff) from module lsc1_packet_frontend_arch_reset_idle.
Setting constant 0-bit at position 1655 on $flatten\dut.$procdff$1251 ($dff) from module lsc1_packet_frontend_arch_reset_idle.
Setting constant 0-bit at position 1656 on $flatten\dut.$procdff$1251 ($dff) from module lsc1_packet_frontend_arch_reset_idle.
Setting constant 0-bit at position 1657 on $flatten\dut.$procdff$1251 ($dff) from module lsc1_packet_frontend_arch_reset_idle.
Setting constant 0-bit at position 1658 on $flatten\dut.$procdff$1251 ($dff) from module lsc1_packet_frontend_arch_reset_idle.
Setting constant 0-bit at position 1659 on $flatten\dut.$procdff$1251 ($dff) from module lsc1_packet_frontend_arch_reset_idle.
Setting constant 0-bit at position 1660 on $flatten\dut.$procdff$1251 ($dff) from module lsc1_packet_frontend_arch_reset_idle.
Setting constant 0-bit at position 1661 on $flatten\dut.$procdff$1251 ($dff) from module lsc1_packet_frontend_arch_reset_idle.
Setting constant 0-bit at position 1662 on $flatten\dut.$procdff$1251 ($dff) from module lsc1_packet_frontend_arch_reset_idle.
Setting constant 0-bit at position 1663 on $flatten\dut.$procdff$1251 ($dff) from module lsc1_packet_frontend_arch_reset_idle.
Setting constant 0-bit at position 1664 on $flatten\dut.$procdff$1251 ($dff) from module lsc1_packet_frontend_arch_reset_idle.
Setting constant 0-bit at position 1665 on $flatten\dut.$procdff$1251 ($dff) from module lsc1_packet_frontend_arch_reset_idle.
Setting constant 0-bit at position 1666 on $flatten\dut.$procdff$1251 ($dff) from module lsc1_packet_frontend_arch_reset_idle.
Setting constant 0-bit at position 1667 on $flatten\dut.$procdff$1251 ($dff) from module lsc1_packet_frontend_arch_reset_idle.
Setting constant 0-bit at position 1668 on $flatten\dut.$procdff$1251 ($dff) from module lsc1_packet_frontend_arch_reset_idle.
Setting constant 0-bit at position 1669 on $flatten\dut.$procdff$1251 ($dff) from module lsc1_packet_frontend_arch_reset_idle.
Setting constant 0-bit at position 1670 on $flatten\dut.$procdff$1251 ($dff) from module lsc1_packet_frontend_arch_reset_idle.
Setting constant 0-bit at position 1671 on $flatten\dut.$procdff$1251 ($dff) from module lsc1_packet_frontend_arch_reset_idle.
Setting constant 0-bit at position 1672 on $flatten\dut.$procdff$1251 ($dff) from module lsc1_packet_frontend_arch_reset_idle.
Setting constant 0-bit at position 1673 on $flatten\dut.$procdff$1251 ($dff) from module lsc1_packet_frontend_arch_reset_idle.
Setting constant 0-bit at position 1674 on $flatten\dut.$procdff$1251 ($dff) from module lsc1_packet_frontend_arch_reset_idle.
Setting constant 0-bit at position 1675 on $flatten\dut.$procdff$1251 ($dff) from module lsc1_packet_frontend_arch_reset_idle.
Setting constant 0-bit at position 1676 on $flatten\dut.$procdff$1251 ($dff) from module lsc1_packet_frontend_arch_reset_idle.
Setting constant 0-bit at position 1677 on $flatten\dut.$procdff$1251 ($dff) from module lsc1_packet_frontend_arch_reset_idle.
Setting constant 0-bit at position 1678 on $flatten\dut.$procdff$1251 ($dff) from module lsc1_packet_frontend_arch_reset_idle.
Setting constant 0-bit at position 1679 on $flatten\dut.$procdff$1251 ($dff) from module lsc1_packet_frontend_arch_reset_idle.
Setting constant 0-bit at position 1680 on $flatten\dut.$procdff$1251 ($dff) from module lsc1_packet_frontend_arch_reset_idle.
Setting constant 0-bit at position 1681 on $flatten\dut.$procdff$1251 ($dff) from module lsc1_packet_frontend_arch_reset_idle.
Setting constant 0-bit at position 1682 on $flatten\dut.$procdff$1251 ($dff) from module lsc1_packet_frontend_arch_reset_idle.
Setting constant 0-bit at position 1683 on $flatten\dut.$procdff$1251 ($dff) from module lsc1_packet_frontend_arch_reset_idle.
Setting constant 0-bit at position 1684 on $flatten\dut.$procdff$1251 ($dff) from module lsc1_packet_frontend_arch_reset_idle.
Setting constant 0-bit at position 1685 on $flatten\dut.$procdff$1251 ($dff) from module lsc1_packet_frontend_arch_reset_idle.
Setting constant 0-bit at position 1686 on $flatten\dut.$procdff$1251 ($dff) from module lsc1_packet_frontend_arch_reset_idle.
Setting constant 0-bit at position 1687 on $flatten\dut.$procdff$1251 ($dff) from module lsc1_packet_frontend_arch_reset_idle.
Setting constant 0-bit at position 1688 on $flatten\dut.$procdff$1251 ($dff) from module lsc1_packet_frontend_arch_reset_idle.
Setting constant 0-bit at position 1689 on $flatten\dut.$procdff$1251 ($dff) from module lsc1_packet_frontend_arch_reset_idle.
Setting constant 0-bit at position 1690 on $flatten\dut.$procdff$1251 ($dff) from module lsc1_packet_frontend_arch_reset_idle.
Setting constant 0-bit at position 1691 on $flatten\dut.$procdff$1251 ($dff) from module lsc1_packet_frontend_arch_reset_idle.
Setting constant 0-bit at position 1692 on $flatten\dut.$procdff$1251 ($dff) from module lsc1_packet_frontend_arch_reset_idle.
Setting constant 0-bit at position 1693 on $flatten\dut.$procdff$1251 ($dff) from module lsc1_packet_frontend_arch_reset_idle.
Setting constant 0-bit at position 1694 on $flatten\dut.$procdff$1251 ($dff) from module lsc1_packet_frontend_arch_reset_idle.
Setting constant 0-bit at position 1695 on $flatten\dut.$procdff$1251 ($dff) from module lsc1_packet_frontend_arch_reset_idle.
Setting constant 0-bit at position 1696 on $flatten\dut.$procdff$1251 ($dff) from module lsc1_packet_frontend_arch_reset_idle.
Setting constant 0-bit at position 1697 on $flatten\dut.$procdff$1251 ($dff) from module lsc1_packet_frontend_arch_reset_idle.
Setting constant 0-bit at position 1698 on $flatten\dut.$procdff$1251 ($dff) from module lsc1_packet_frontend_arch_reset_idle.
Setting constant 0-bit at position 1699 on $flatten\dut.$procdff$1251 ($dff) from module lsc1_packet_frontend_arch_reset_idle.
Setting constant 0-bit at position 1700 on $flatten\dut.$procdff$1251 ($dff) from module lsc1_packet_frontend_arch_reset_idle.
Setting constant 0-bit at position 1701 on $flatten\dut.$procdff$1251 ($dff) from module lsc1_packet_frontend_arch_reset_idle.
Setting constant 0-bit at position 1702 on $flatten\dut.$procdff$1251 ($dff) from module lsc1_packet_frontend_arch_reset_idle.
Setting constant 0-bit at position 1703 on $flatten\dut.$procdff$1251 ($dff) from module lsc1_packet_frontend_arch_reset_idle.
Setting constant 0-bit at position 1704 on $flatten\dut.$procdff$1251 ($dff) from module lsc1_packet_frontend_arch_reset_idle.
Setting constant 0-bit at position 1705 on $flatten\dut.$procdff$1251 ($dff) from module lsc1_packet_frontend_arch_reset_idle.
Setting constant 0-bit at position 1706 on $flatten\dut.$procdff$1251 ($dff) from module lsc1_packet_frontend_arch_reset_idle.
Setting constant 0-bit at position 1707 on $flatten\dut.$procdff$1251 ($dff) from module lsc1_packet_frontend_arch_reset_idle.
Setting constant 0-bit at position 1708 on $flatten\dut.$procdff$1251 ($dff) from module lsc1_packet_frontend_arch_reset_idle.
Setting constant 0-bit at position 1709 on $flatten\dut.$procdff$1251 ($dff) from module lsc1_packet_frontend_arch_reset_idle.
Setting constant 0-bit at position 1710 on $flatten\dut.$procdff$1251 ($dff) from module lsc1_packet_frontend_arch_reset_idle.
Setting constant 0-bit at position 1711 on $flatten\dut.$procdff$1251 ($dff) from module lsc1_packet_frontend_arch_reset_idle.
Setting constant 0-bit at position 1712 on $flatten\dut.$procdff$1251 ($dff) from module lsc1_packet_frontend_arch_reset_idle.
Setting constant 0-bit at position 1713 on $flatten\dut.$procdff$1251 ($dff) from module lsc1_packet_frontend_arch_reset_idle.
Setting constant 0-bit at position 1714 on $flatten\dut.$procdff$1251 ($dff) from module lsc1_packet_frontend_arch_reset_idle.
Setting constant 0-bit at position 1715 on $flatten\dut.$procdff$1251 ($dff) from module lsc1_packet_frontend_arch_reset_idle.
Setting constant 0-bit at position 1716 on $flatten\dut.$procdff$1251 ($dff) from module lsc1_packet_frontend_arch_reset_idle.
Setting constant 0-bit at position 1717 on $flatten\dut.$procdff$1251 ($dff) from module lsc1_packet_frontend_arch_reset_idle.
Setting constant 0-bit at position 1718 on $flatten\dut.$procdff$1251 ($dff) from module lsc1_packet_frontend_arch_reset_idle.
Setting constant 0-bit at position 1719 on $flatten\dut.$procdff$1251 ($dff) from module lsc1_packet_frontend_arch_reset_idle.
Setting constant 0-bit at position 1720 on $flatten\dut.$procdff$1251 ($dff) from module lsc1_packet_frontend_arch_reset_idle.
Setting constant 0-bit at position 1721 on $flatten\dut.$procdff$1251 ($dff) from module lsc1_packet_frontend_arch_reset_idle.
Setting constant 0-bit at position 1722 on $flatten\dut.$procdff$1251 ($dff) from module lsc1_packet_frontend_arch_reset_idle.
Setting constant 0-bit at position 1723 on $flatten\dut.$procdff$1251 ($dff) from module lsc1_packet_frontend_arch_reset_idle.
Setting constant 0-bit at position 1724 on $flatten\dut.$procdff$1251 ($dff) from module lsc1_packet_frontend_arch_reset_idle.
Setting constant 0-bit at position 1725 on $flatten\dut.$procdff$1251 ($dff) from module lsc1_packet_frontend_arch_reset_idle.
Setting constant 0-bit at position 1726 on $flatten\dut.$procdff$1251 ($dff) from module lsc1_packet_frontend_arch_reset_idle.
Setting constant 0-bit at position 1727 on $flatten\dut.$procdff$1251 ($dff) from module lsc1_packet_frontend_arch_reset_idle.
Setting constant 0-bit at position 1728 on $flatten\dut.$procdff$1251 ($dff) from module lsc1_packet_frontend_arch_reset_idle.
Setting constant 0-bit at position 1729 on $flatten\dut.$procdff$1251 ($dff) from module lsc1_packet_frontend_arch_reset_idle.
Setting constant 0-bit at position 1730 on $flatten\dut.$procdff$1251 ($dff) from module lsc1_packet_frontend_arch_reset_idle.
Setting constant 0-bit at position 1731 on $flatten\dut.$procdff$1251 ($dff) from module lsc1_packet_frontend_arch_reset_idle.
Setting constant 0-bit at position 1732 on $flatten\dut.$procdff$1251 ($dff) from module lsc1_packet_frontend_arch_reset_idle.
Setting constant 0-bit at position 1733 on $flatten\dut.$procdff$1251 ($dff) from module lsc1_packet_frontend_arch_reset_idle.
Setting constant 0-bit at position 1734 on $flatten\dut.$procdff$1251 ($dff) from module lsc1_packet_frontend_arch_reset_idle.
Setting constant 0-bit at position 1735 on $flatten\dut.$procdff$1251 ($dff) from module lsc1_packet_frontend_arch_reset_idle.
Setting constant 0-bit at position 1736 on $flatten\dut.$procdff$1251 ($dff) from module lsc1_packet_frontend_arch_reset_idle.
Setting constant 0-bit at position 1737 on $flatten\dut.$procdff$1251 ($dff) from module lsc1_packet_frontend_arch_reset_idle.
Setting constant 0-bit at position 1738 on $flatten\dut.$procdff$1251 ($dff) from module lsc1_packet_frontend_arch_reset_idle.
Setting constant 0-bit at position 1739 on $flatten\dut.$procdff$1251 ($dff) from module lsc1_packet_frontend_arch_reset_idle.
Setting constant 0-bit at position 1740 on $flatten\dut.$procdff$1251 ($dff) from module lsc1_packet_frontend_arch_reset_idle.
Setting constant 0-bit at position 1741 on $flatten\dut.$procdff$1251 ($dff) from module lsc1_packet_frontend_arch_reset_idle.
Setting constant 0-bit at position 1742 on $flatten\dut.$procdff$1251 ($dff) from module lsc1_packet_frontend_arch_reset_idle.
Setting constant 0-bit at position 1743 on $flatten\dut.$procdff$1251 ($dff) from module lsc1_packet_frontend_arch_reset_idle.
Setting constant 0-bit at position 1744 on $flatten\dut.$procdff$1251 ($dff) from module lsc1_packet_frontend_arch_reset_idle.
Setting constant 0-bit at position 1745 on $flatten\dut.$procdff$1251 ($dff) from module lsc1_packet_frontend_arch_reset_idle.
Setting constant 0-bit at position 1746 on $flatten\dut.$procdff$1251 ($dff) from module lsc1_packet_frontend_arch_reset_idle.
Setting constant 0-bit at position 1747 on $flatten\dut.$procdff$1251 ($dff) from module lsc1_packet_frontend_arch_reset_idle.
Setting constant 0-bit at position 1748 on $flatten\dut.$procdff$1251 ($dff) from module lsc1_packet_frontend_arch_reset_idle.
Setting constant 0-bit at position 1749 on $flatten\dut.$procdff$1251 ($dff) from module lsc1_packet_frontend_arch_reset_idle.
Setting constant 0-bit at position 1750 on $flatten\dut.$procdff$1251 ($dff) from module lsc1_packet_frontend_arch_reset_idle.
Setting constant 0-bit at position 1751 on $flatten\dut.$procdff$1251 ($dff) from module lsc1_packet_frontend_arch_reset_idle.
Setting constant 0-bit at position 1752 on $flatten\dut.$procdff$1251 ($dff) from module lsc1_packet_frontend_arch_reset_idle.
Setting constant 0-bit at position 1753 on $flatten\dut.$procdff$1251 ($dff) from module lsc1_packet_frontend_arch_reset_idle.
Setting constant 0-bit at position 1754 on $flatten\dut.$procdff$1251 ($dff) from module lsc1_packet_frontend_arch_reset_idle.
Setting constant 0-bit at position 1755 on $flatten\dut.$procdff$1251 ($dff) from module lsc1_packet_frontend_arch_reset_idle.
Setting constant 0-bit at position 1756 on $flatten\dut.$procdff$1251 ($dff) from module lsc1_packet_frontend_arch_reset_idle.
Setting constant 0-bit at position 1757 on $flatten\dut.$procdff$1251 ($dff) from module lsc1_packet_frontend_arch_reset_idle.
Setting constant 0-bit at position 1758 on $flatten\dut.$procdff$1251 ($dff) from module lsc1_packet_frontend_arch_reset_idle.
Setting constant 0-bit at position 1759 on $flatten\dut.$procdff$1251 ($dff) from module lsc1_packet_frontend_arch_reset_idle.
Setting constant 0-bit at position 1760 on $flatten\dut.$procdff$1251 ($dff) from module lsc1_packet_frontend_arch_reset_idle.
Setting constant 0-bit at position 1761 on $flatten\dut.$procdff$1251 ($dff) from module lsc1_packet_frontend_arch_reset_idle.
Setting constant 0-bit at position 1762 on $flatten\dut.$procdff$1251 ($dff) from module lsc1_packet_frontend_arch_reset_idle.
Setting constant 0-bit at position 1763 on $flatten\dut.$procdff$1251 ($dff) from module lsc1_packet_frontend_arch_reset_idle.
Setting constant 0-bit at position 1764 on $flatten\dut.$procdff$1251 ($dff) from module lsc1_packet_frontend_arch_reset_idle.
Setting constant 0-bit at position 1765 on $flatten\dut.$procdff$1251 ($dff) from module lsc1_packet_frontend_arch_reset_idle.
Setting constant 0-bit at position 1766 on $flatten\dut.$procdff$1251 ($dff) from module lsc1_packet_frontend_arch_reset_idle.
Setting constant 0-bit at position 1767 on $flatten\dut.$procdff$1251 ($dff) from module lsc1_packet_frontend_arch_reset_idle.
Setting constant 0-bit at position 1768 on $flatten\dut.$procdff$1251 ($dff) from module lsc1_packet_frontend_arch_reset_idle.
Setting constant 0-bit at position 1769 on $flatten\dut.$procdff$1251 ($dff) from module lsc1_packet_frontend_arch_reset_idle.
Setting constant 0-bit at position 1770 on $flatten\dut.$procdff$1251 ($dff) from module lsc1_packet_frontend_arch_reset_idle.
Setting constant 0-bit at position 1771 on $flatten\dut.$procdff$1251 ($dff) from module lsc1_packet_frontend_arch_reset_idle.
Setting constant 0-bit at position 1772 on $flatten\dut.$procdff$1251 ($dff) from module lsc1_packet_frontend_arch_reset_idle.
Setting constant 0-bit at position 1773 on $flatten\dut.$procdff$1251 ($dff) from module lsc1_packet_frontend_arch_reset_idle.
Setting constant 0-bit at position 1774 on $flatten\dut.$procdff$1251 ($dff) from module lsc1_packet_frontend_arch_reset_idle.
Setting constant 0-bit at position 1775 on $flatten\dut.$procdff$1251 ($dff) from module lsc1_packet_frontend_arch_reset_idle.
Setting constant 0-bit at position 1776 on $flatten\dut.$procdff$1251 ($dff) from module lsc1_packet_frontend_arch_reset_idle.
Setting constant 0-bit at position 1777 on $flatten\dut.$procdff$1251 ($dff) from module lsc1_packet_frontend_arch_reset_idle.
Setting constant 0-bit at position 1778 on $flatten\dut.$procdff$1251 ($dff) from module lsc1_packet_frontend_arch_reset_idle.
Setting constant 0-bit at position 1779 on $flatten\dut.$procdff$1251 ($dff) from module lsc1_packet_frontend_arch_reset_idle.
Setting constant 0-bit at position 1780 on $flatten\dut.$procdff$1251 ($dff) from module lsc1_packet_frontend_arch_reset_idle.
Setting constant 0-bit at position 1781 on $flatten\dut.$procdff$1251 ($dff) from module lsc1_packet_frontend_arch_reset_idle.
Setting constant 0-bit at position 1782 on $flatten\dut.$procdff$1251 ($dff) from module lsc1_packet_frontend_arch_reset_idle.
Setting constant 0-bit at position 1783 on $flatten\dut.$procdff$1251 ($dff) from module lsc1_packet_frontend_arch_reset_idle.
Setting constant 0-bit at position 1784 on $flatten\dut.$procdff$1251 ($dff) from module lsc1_packet_frontend_arch_reset_idle.
Setting constant 0-bit at position 1785 on $flatten\dut.$procdff$1251 ($dff) from module lsc1_packet_frontend_arch_reset_idle.
Setting constant 0-bit at position 1786 on $flatten\dut.$procdff$1251 ($dff) from module lsc1_packet_frontend_arch_reset_idle.
Setting constant 0-bit at position 1787 on $flatten\dut.$procdff$1251 ($dff) from module lsc1_packet_frontend_arch_reset_idle.
Setting constant 0-bit at position 1788 on $flatten\dut.$procdff$1251 ($dff) from module lsc1_packet_frontend_arch_reset_idle.
Setting constant 0-bit at position 1789 on $flatten\dut.$procdff$1251 ($dff) from module lsc1_packet_frontend_arch_reset_idle.
Setting constant 0-bit at position 1790 on $flatten\dut.$procdff$1251 ($dff) from module lsc1_packet_frontend_arch_reset_idle.
Setting constant 0-bit at position 1791 on $flatten\dut.$procdff$1251 ($dff) from module lsc1_packet_frontend_arch_reset_idle.
Setting constant 0-bit at position 1792 on $flatten\dut.$procdff$1251 ($dff) from module lsc1_packet_frontend_arch_reset_idle.
Setting constant 0-bit at position 1793 on $flatten\dut.$procdff$1251 ($dff) from module lsc1_packet_frontend_arch_reset_idle.
Setting constant 0-bit at position 1794 on $flatten\dut.$procdff$1251 ($dff) from module lsc1_packet_frontend_arch_reset_idle.
Setting constant 0-bit at position 1795 on $flatten\dut.$procdff$1251 ($dff) from module lsc1_packet_frontend_arch_reset_idle.
Setting constant 0-bit at position 1796 on $flatten\dut.$procdff$1251 ($dff) from module lsc1_packet_frontend_arch_reset_idle.
Setting constant 0-bit at position 1797 on $flatten\dut.$procdff$1251 ($dff) from module lsc1_packet_frontend_arch_reset_idle.
Setting constant 0-bit at position 1798 on $flatten\dut.$procdff$1251 ($dff) from module lsc1_packet_frontend_arch_reset_idle.
Setting constant 0-bit at position 1799 on $flatten\dut.$procdff$1251 ($dff) from module lsc1_packet_frontend_arch_reset_idle.
Setting constant 0-bit at position 1800 on $flatten\dut.$procdff$1251 ($dff) from module lsc1_packet_frontend_arch_reset_idle.
Setting constant 0-bit at position 1801 on $flatten\dut.$procdff$1251 ($dff) from module lsc1_packet_frontend_arch_reset_idle.
Setting constant 0-bit at position 1802 on $flatten\dut.$procdff$1251 ($dff) from module lsc1_packet_frontend_arch_reset_idle.
Setting constant 0-bit at position 1803 on $flatten\dut.$procdff$1251 ($dff) from module lsc1_packet_frontend_arch_reset_idle.
Setting constant 0-bit at position 1804 on $flatten\dut.$procdff$1251 ($dff) from module lsc1_packet_frontend_arch_reset_idle.
Setting constant 0-bit at position 1805 on $flatten\dut.$procdff$1251 ($dff) from module lsc1_packet_frontend_arch_reset_idle.
Setting constant 0-bit at position 1806 on $flatten\dut.$procdff$1251 ($dff) from module lsc1_packet_frontend_arch_reset_idle.
Setting constant 0-bit at position 1807 on $flatten\dut.$procdff$1251 ($dff) from module lsc1_packet_frontend_arch_reset_idle.
Setting constant 0-bit at position 1808 on $flatten\dut.$procdff$1251 ($dff) from module lsc1_packet_frontend_arch_reset_idle.
Setting constant 0-bit at position 1809 on $flatten\dut.$procdff$1251 ($dff) from module lsc1_packet_frontend_arch_reset_idle.
Setting constant 0-bit at position 1810 on $flatten\dut.$procdff$1251 ($dff) from module lsc1_packet_frontend_arch_reset_idle.
Setting constant 0-bit at position 1811 on $flatten\dut.$procdff$1251 ($dff) from module lsc1_packet_frontend_arch_reset_idle.
Setting constant 0-bit at position 1812 on $flatten\dut.$procdff$1251 ($dff) from module lsc1_packet_frontend_arch_reset_idle.
Setting constant 0-bit at position 1813 on $flatten\dut.$procdff$1251 ($dff) from module lsc1_packet_frontend_arch_reset_idle.
Setting constant 0-bit at position 1814 on $flatten\dut.$procdff$1251 ($dff) from module lsc1_packet_frontend_arch_reset_idle.
Setting constant 0-bit at position 1815 on $flatten\dut.$procdff$1251 ($dff) from module lsc1_packet_frontend_arch_reset_idle.
Setting constant 0-bit at position 1816 on $flatten\dut.$procdff$1251 ($dff) from module lsc1_packet_frontend_arch_reset_idle.
Setting constant 0-bit at position 1817 on $flatten\dut.$procdff$1251 ($dff) from module lsc1_packet_frontend_arch_reset_idle.
Setting constant 0-bit at position 1818 on $flatten\dut.$procdff$1251 ($dff) from module lsc1_packet_frontend_arch_reset_idle.
Setting constant 0-bit at position 1819 on $flatten\dut.$procdff$1251 ($dff) from module lsc1_packet_frontend_arch_reset_idle.
Setting constant 0-bit at position 1820 on $flatten\dut.$procdff$1251 ($dff) from module lsc1_packet_frontend_arch_reset_idle.
Setting constant 0-bit at position 1821 on $flatten\dut.$procdff$1251 ($dff) from module lsc1_packet_frontend_arch_reset_idle.
Setting constant 0-bit at position 1822 on $flatten\dut.$procdff$1251 ($dff) from module lsc1_packet_frontend_arch_reset_idle.
Setting constant 0-bit at position 1823 on $flatten\dut.$procdff$1251 ($dff) from module lsc1_packet_frontend_arch_reset_idle.
Setting constant 0-bit at position 1824 on $flatten\dut.$procdff$1251 ($dff) from module lsc1_packet_frontend_arch_reset_idle.
Setting constant 0-bit at position 1825 on $flatten\dut.$procdff$1251 ($dff) from module lsc1_packet_frontend_arch_reset_idle.
Setting constant 0-bit at position 1826 on $flatten\dut.$procdff$1251 ($dff) from module lsc1_packet_frontend_arch_reset_idle.
Setting constant 0-bit at position 1827 on $flatten\dut.$procdff$1251 ($dff) from module lsc1_packet_frontend_arch_reset_idle.
Setting constant 0-bit at position 1828 on $flatten\dut.$procdff$1251 ($dff) from module lsc1_packet_frontend_arch_reset_idle.
Setting constant 0-bit at position 1829 on $flatten\dut.$procdff$1251 ($dff) from module lsc1_packet_frontend_arch_reset_idle.
Setting constant 0-bit at position 1830 on $flatten\dut.$procdff$1251 ($dff) from module lsc1_packet_frontend_arch_reset_idle.
Setting constant 0-bit at position 1831 on $flatten\dut.$procdff$1251 ($dff) from module lsc1_packet_frontend_arch_reset_idle.
Setting constant 0-bit at position 1832 on $flatten\dut.$procdff$1251 ($dff) from module lsc1_packet_frontend_arch_reset_idle.
Setting constant 0-bit at position 1833 on $flatten\dut.$procdff$1251 ($dff) from module lsc1_packet_frontend_arch_reset_idle.
Setting constant 0-bit at position 1834 on $flatten\dut.$procdff$1251 ($dff) from module lsc1_packet_frontend_arch_reset_idle.
Setting constant 0-bit at position 1835 on $flatten\dut.$procdff$1251 ($dff) from module lsc1_packet_frontend_arch_reset_idle.
Setting constant 0-bit at position 1836 on $flatten\dut.$procdff$1251 ($dff) from module lsc1_packet_frontend_arch_reset_idle.
Setting constant 0-bit at position 1837 on $flatten\dut.$procdff$1251 ($dff) from module lsc1_packet_frontend_arch_reset_idle.
Setting constant 0-bit at position 1838 on $flatten\dut.$procdff$1251 ($dff) from module lsc1_packet_frontend_arch_reset_idle.
Setting constant 0-bit at position 1839 on $flatten\dut.$procdff$1251 ($dff) from module lsc1_packet_frontend_arch_reset_idle.
Setting constant 0-bit at position 1840 on $flatten\dut.$procdff$1251 ($dff) from module lsc1_packet_frontend_arch_reset_idle.
Setting constant 0-bit at position 1841 on $flatten\dut.$procdff$1251 ($dff) from module lsc1_packet_frontend_arch_reset_idle.
Setting constant 0-bit at position 1842 on $flatten\dut.$procdff$1251 ($dff) from module lsc1_packet_frontend_arch_reset_idle.
Setting constant 0-bit at position 1843 on $flatten\dut.$procdff$1251 ($dff) from module lsc1_packet_frontend_arch_reset_idle.
Setting constant 0-bit at position 1844 on $flatten\dut.$procdff$1251 ($dff) from module lsc1_packet_frontend_arch_reset_idle.
Setting constant 0-bit at position 1845 on $flatten\dut.$procdff$1251 ($dff) from module lsc1_packet_frontend_arch_reset_idle.
Setting constant 0-bit at position 1846 on $flatten\dut.$procdff$1251 ($dff) from module lsc1_packet_frontend_arch_reset_idle.
Setting constant 0-bit at position 1847 on $flatten\dut.$procdff$1251 ($dff) from module lsc1_packet_frontend_arch_reset_idle.
Setting constant 0-bit at position 1848 on $flatten\dut.$procdff$1251 ($dff) from module lsc1_packet_frontend_arch_reset_idle.
Setting constant 0-bit at position 1849 on $flatten\dut.$procdff$1251 ($dff) from module lsc1_packet_frontend_arch_reset_idle.
Setting constant 0-bit at position 1850 on $flatten\dut.$procdff$1251 ($dff) from module lsc1_packet_frontend_arch_reset_idle.
Setting constant 0-bit at position 1851 on $flatten\dut.$procdff$1251 ($dff) from module lsc1_packet_frontend_arch_reset_idle.
Setting constant 0-bit at position 1852 on $flatten\dut.$procdff$1251 ($dff) from module lsc1_packet_frontend_arch_reset_idle.
Setting constant 0-bit at position 1853 on $flatten\dut.$procdff$1251 ($dff) from module lsc1_packet_frontend_arch_reset_idle.
Setting constant 0-bit at position 1854 on $flatten\dut.$procdff$1251 ($dff) from module lsc1_packet_frontend_arch_reset_idle.
Setting constant 0-bit at position 1855 on $flatten\dut.$procdff$1251 ($dff) from module lsc1_packet_frontend_arch_reset_idle.
Setting constant 0-bit at position 1856 on $flatten\dut.$procdff$1251 ($dff) from module lsc1_packet_frontend_arch_reset_idle.
Setting constant 0-bit at position 1857 on $flatten\dut.$procdff$1251 ($dff) from module lsc1_packet_frontend_arch_reset_idle.
Setting constant 0-bit at position 1858 on $flatten\dut.$procdff$1251 ($dff) from module lsc1_packet_frontend_arch_reset_idle.
Setting constant 0-bit at position 1859 on $flatten\dut.$procdff$1251 ($dff) from module lsc1_packet_frontend_arch_reset_idle.
Setting constant 0-bit at position 1860 on $flatten\dut.$procdff$1251 ($dff) from module lsc1_packet_frontend_arch_reset_idle.
Setting constant 0-bit at position 1861 on $flatten\dut.$procdff$1251 ($dff) from module lsc1_packet_frontend_arch_reset_idle.
Setting constant 0-bit at position 1862 on $flatten\dut.$procdff$1251 ($dff) from module lsc1_packet_frontend_arch_reset_idle.
Setting constant 0-bit at position 1863 on $flatten\dut.$procdff$1251 ($dff) from module lsc1_packet_frontend_arch_reset_idle.
Setting constant 0-bit at position 1864 on $flatten\dut.$procdff$1251 ($dff) from module lsc1_packet_frontend_arch_reset_idle.
Setting constant 0-bit at position 1865 on $flatten\dut.$procdff$1251 ($dff) from module lsc1_packet_frontend_arch_reset_idle.
Setting constant 0-bit at position 1866 on $flatten\dut.$procdff$1251 ($dff) from module lsc1_packet_frontend_arch_reset_idle.
Setting constant 0-bit at position 1867 on $flatten\dut.$procdff$1251 ($dff) from module lsc1_packet_frontend_arch_reset_idle.
Setting constant 0-bit at position 1868 on $flatten\dut.$procdff$1251 ($dff) from module lsc1_packet_frontend_arch_reset_idle.
Setting constant 0-bit at position 1869 on $flatten\dut.$procdff$1251 ($dff) from module lsc1_packet_frontend_arch_reset_idle.
Setting constant 0-bit at position 1870 on $flatten\dut.$procdff$1251 ($dff) from module lsc1_packet_frontend_arch_reset_idle.
Setting constant 0-bit at position 1871 on $flatten\dut.$procdff$1251 ($dff) from module lsc1_packet_frontend_arch_reset_idle.
Setting constant 0-bit at position 1872 on $flatten\dut.$procdff$1251 ($dff) from module lsc1_packet_frontend_arch_reset_idle.
Setting constant 0-bit at position 1873 on $flatten\dut.$procdff$1251 ($dff) from module lsc1_packet_frontend_arch_reset_idle.
Setting constant 0-bit at position 1874 on $flatten\dut.$procdff$1251 ($dff) from module lsc1_packet_frontend_arch_reset_idle.
Setting constant 0-bit at position 1875 on $flatten\dut.$procdff$1251 ($dff) from module lsc1_packet_frontend_arch_reset_idle.
Setting constant 0-bit at position 1876 on $flatten\dut.$procdff$1251 ($dff) from module lsc1_packet_frontend_arch_reset_idle.
Setting constant 0-bit at position 1877 on $flatten\dut.$procdff$1251 ($dff) from module lsc1_packet_frontend_arch_reset_idle.
Setting constant 0-bit at position 1878 on $flatten\dut.$procdff$1251 ($dff) from module lsc1_packet_frontend_arch_reset_idle.
Setting constant 0-bit at position 1879 on $flatten\dut.$procdff$1251 ($dff) from module lsc1_packet_frontend_arch_reset_idle.
Setting constant 0-bit at position 1880 on $flatten\dut.$procdff$1251 ($dff) from module lsc1_packet_frontend_arch_reset_idle.
Setting constant 0-bit at position 1881 on $flatten\dut.$procdff$1251 ($dff) from module lsc1_packet_frontend_arch_reset_idle.
Setting constant 0-bit at position 1882 on $flatten\dut.$procdff$1251 ($dff) from module lsc1_packet_frontend_arch_reset_idle.
Setting constant 0-bit at position 1883 on $flatten\dut.$procdff$1251 ($dff) from module lsc1_packet_frontend_arch_reset_idle.
Setting constant 0-bit at position 1884 on $flatten\dut.$procdff$1251 ($dff) from module lsc1_packet_frontend_arch_reset_idle.
Setting constant 0-bit at position 1885 on $flatten\dut.$procdff$1251 ($dff) from module lsc1_packet_frontend_arch_reset_idle.
Setting constant 0-bit at position 1886 on $flatten\dut.$procdff$1251 ($dff) from module lsc1_packet_frontend_arch_reset_idle.
Setting constant 0-bit at position 1887 on $flatten\dut.$procdff$1251 ($dff) from module lsc1_packet_frontend_arch_reset_idle.
Setting constant 0-bit at position 1888 on $flatten\dut.$procdff$1251 ($dff) from module lsc1_packet_frontend_arch_reset_idle.
Setting constant 0-bit at position 1889 on $flatten\dut.$procdff$1251 ($dff) from module lsc1_packet_frontend_arch_reset_idle.
Setting constant 0-bit at position 1890 on $flatten\dut.$procdff$1251 ($dff) from module lsc1_packet_frontend_arch_reset_idle.
Setting constant 0-bit at position 1891 on $flatten\dut.$procdff$1251 ($dff) from module lsc1_packet_frontend_arch_reset_idle.
Setting constant 0-bit at position 1892 on $flatten\dut.$procdff$1251 ($dff) from module lsc1_packet_frontend_arch_reset_idle.
Setting constant 0-bit at position 1893 on $flatten\dut.$procdff$1251 ($dff) from module lsc1_packet_frontend_arch_reset_idle.
Setting constant 0-bit at position 1894 on $flatten\dut.$procdff$1251 ($dff) from module lsc1_packet_frontend_arch_reset_idle.
Setting constant 0-bit at position 1895 on $flatten\dut.$procdff$1251 ($dff) from module lsc1_packet_frontend_arch_reset_idle.
Setting constant 0-bit at position 1896 on $flatten\dut.$procdff$1251 ($dff) from module lsc1_packet_frontend_arch_reset_idle.
Setting constant 0-bit at position 1897 on $flatten\dut.$procdff$1251 ($dff) from module lsc1_packet_frontend_arch_reset_idle.
Setting constant 0-bit at position 1898 on $flatten\dut.$procdff$1251 ($dff) from module lsc1_packet_frontend_arch_reset_idle.
Setting constant 0-bit at position 1899 on $flatten\dut.$procdff$1251 ($dff) from module lsc1_packet_frontend_arch_reset_idle.
Setting constant 0-bit at position 1900 on $flatten\dut.$procdff$1251 ($dff) from module lsc1_packet_frontend_arch_reset_idle.
Setting constant 0-bit at position 1901 on $flatten\dut.$procdff$1251 ($dff) from module lsc1_packet_frontend_arch_reset_idle.
Setting constant 0-bit at position 1902 on $flatten\dut.$procdff$1251 ($dff) from module lsc1_packet_frontend_arch_reset_idle.
Setting constant 0-bit at position 1903 on $flatten\dut.$procdff$1251 ($dff) from module lsc1_packet_frontend_arch_reset_idle.
Setting constant 0-bit at position 1904 on $flatten\dut.$procdff$1251 ($dff) from module lsc1_packet_frontend_arch_reset_idle.
Setting constant 0-bit at position 1905 on $flatten\dut.$procdff$1251 ($dff) from module lsc1_packet_frontend_arch_reset_idle.
Setting constant 0-bit at position 1906 on $flatten\dut.$procdff$1251 ($dff) from module lsc1_packet_frontend_arch_reset_idle.
Setting constant 0-bit at position 1907 on $flatten\dut.$procdff$1251 ($dff) from module lsc1_packet_frontend_arch_reset_idle.
Setting constant 0-bit at position 1908 on $flatten\dut.$procdff$1251 ($dff) from module lsc1_packet_frontend_arch_reset_idle.
Setting constant 0-bit at position 1909 on $flatten\dut.$procdff$1251 ($dff) from module lsc1_packet_frontend_arch_reset_idle.
Setting constant 0-bit at position 1910 on $flatten\dut.$procdff$1251 ($dff) from module lsc1_packet_frontend_arch_reset_idle.
Setting constant 0-bit at position 1911 on $flatten\dut.$procdff$1251 ($dff) from module lsc1_packet_frontend_arch_reset_idle.
Setting constant 0-bit at position 1912 on $flatten\dut.$procdff$1251 ($dff) from module lsc1_packet_frontend_arch_reset_idle.
Setting constant 0-bit at position 1913 on $flatten\dut.$procdff$1251 ($dff) from module lsc1_packet_frontend_arch_reset_idle.
Setting constant 0-bit at position 1914 on $flatten\dut.$procdff$1251 ($dff) from module lsc1_packet_frontend_arch_reset_idle.
Setting constant 0-bit at position 1915 on $flatten\dut.$procdff$1251 ($dff) from module lsc1_packet_frontend_arch_reset_idle.
Setting constant 0-bit at position 1916 on $flatten\dut.$procdff$1251 ($dff) from module lsc1_packet_frontend_arch_reset_idle.
Setting constant 0-bit at position 1917 on $flatten\dut.$procdff$1251 ($dff) from module lsc1_packet_frontend_arch_reset_idle.
Setting constant 0-bit at position 1918 on $flatten\dut.$procdff$1251 ($dff) from module lsc1_packet_frontend_arch_reset_idle.
Setting constant 0-bit at position 1919 on $flatten\dut.$procdff$1251 ($dff) from module lsc1_packet_frontend_arch_reset_idle.
Setting constant 0-bit at position 1920 on $flatten\dut.$procdff$1251 ($dff) from module lsc1_packet_frontend_arch_reset_idle.
Setting constant 0-bit at position 1921 on $flatten\dut.$procdff$1251 ($dff) from module lsc1_packet_frontend_arch_reset_idle.
Setting constant 0-bit at position 1922 on $flatten\dut.$procdff$1251 ($dff) from module lsc1_packet_frontend_arch_reset_idle.
Setting constant 0-bit at position 1923 on $flatten\dut.$procdff$1251 ($dff) from module lsc1_packet_frontend_arch_reset_idle.
Setting constant 0-bit at position 1924 on $flatten\dut.$procdff$1251 ($dff) from module lsc1_packet_frontend_arch_reset_idle.
Setting constant 0-bit at position 1925 on $flatten\dut.$procdff$1251 ($dff) from module lsc1_packet_frontend_arch_reset_idle.
Setting constant 0-bit at position 1926 on $flatten\dut.$procdff$1251 ($dff) from module lsc1_packet_frontend_arch_reset_idle.
Setting constant 0-bit at position 1927 on $flatten\dut.$procdff$1251 ($dff) from module lsc1_packet_frontend_arch_reset_idle.
Setting constant 0-bit at position 1928 on $flatten\dut.$procdff$1251 ($dff) from module lsc1_packet_frontend_arch_reset_idle.
Setting constant 0-bit at position 1929 on $flatten\dut.$procdff$1251 ($dff) from module lsc1_packet_frontend_arch_reset_idle.
Setting constant 0-bit at position 1930 on $flatten\dut.$procdff$1251 ($dff) from module lsc1_packet_frontend_arch_reset_idle.
Setting constant 0-bit at position 1931 on $flatten\dut.$procdff$1251 ($dff) from module lsc1_packet_frontend_arch_reset_idle.
Setting constant 0-bit at position 1932 on $flatten\dut.$procdff$1251 ($dff) from module lsc1_packet_frontend_arch_reset_idle.
Setting constant 0-bit at position 1933 on $flatten\dut.$procdff$1251 ($dff) from module lsc1_packet_frontend_arch_reset_idle.
Setting constant 0-bit at position 1934 on $flatten\dut.$procdff$1251 ($dff) from module lsc1_packet_frontend_arch_reset_idle.
Setting constant 0-bit at position 1935 on $flatten\dut.$procdff$1251 ($dff) from module lsc1_packet_frontend_arch_reset_idle.
Setting constant 0-bit at position 1936 on $flatten\dut.$procdff$1251 ($dff) from module lsc1_packet_frontend_arch_reset_idle.
Setting constant 0-bit at position 1937 on $flatten\dut.$procdff$1251 ($dff) from module lsc1_packet_frontend_arch_reset_idle.
Setting constant 0-bit at position 1938 on $flatten\dut.$procdff$1251 ($dff) from module lsc1_packet_frontend_arch_reset_idle.
Setting constant 0-bit at position 1939 on $flatten\dut.$procdff$1251 ($dff) from module lsc1_packet_frontend_arch_reset_idle.
Setting constant 0-bit at position 1940 on $flatten\dut.$procdff$1251 ($dff) from module lsc1_packet_frontend_arch_reset_idle.
Setting constant 0-bit at position 1941 on $flatten\dut.$procdff$1251 ($dff) from module lsc1_packet_frontend_arch_reset_idle.
Setting constant 0-bit at position 1942 on $flatten\dut.$procdff$1251 ($dff) from module lsc1_packet_frontend_arch_reset_idle.
Setting constant 0-bit at position 1943 on $flatten\dut.$procdff$1251 ($dff) from module lsc1_packet_frontend_arch_reset_idle.
Setting constant 0-bit at position 1944 on $flatten\dut.$procdff$1251 ($dff) from module lsc1_packet_frontend_arch_reset_idle.
Setting constant 0-bit at position 1945 on $flatten\dut.$procdff$1251 ($dff) from module lsc1_packet_frontend_arch_reset_idle.
Setting constant 0-bit at position 1946 on $flatten\dut.$procdff$1251 ($dff) from module lsc1_packet_frontend_arch_reset_idle.
Setting constant 0-bit at position 1947 on $flatten\dut.$procdff$1251 ($dff) from module lsc1_packet_frontend_arch_reset_idle.
Setting constant 0-bit at position 1948 on $flatten\dut.$procdff$1251 ($dff) from module lsc1_packet_frontend_arch_reset_idle.
Setting constant 0-bit at position 1949 on $flatten\dut.$procdff$1251 ($dff) from module lsc1_packet_frontend_arch_reset_idle.
Setting constant 0-bit at position 1950 on $flatten\dut.$procdff$1251 ($dff) from module lsc1_packet_frontend_arch_reset_idle.
Setting constant 0-bit at position 1951 on $flatten\dut.$procdff$1251 ($dff) from module lsc1_packet_frontend_arch_reset_idle.
Setting constant 0-bit at position 1952 on $flatten\dut.$procdff$1251 ($dff) from module lsc1_packet_frontend_arch_reset_idle.
Setting constant 0-bit at position 1953 on $flatten\dut.$procdff$1251 ($dff) from module lsc1_packet_frontend_arch_reset_idle.
Setting constant 0-bit at position 1954 on $flatten\dut.$procdff$1251 ($dff) from module lsc1_packet_frontend_arch_reset_idle.
Setting constant 0-bit at position 1955 on $flatten\dut.$procdff$1251 ($dff) from module lsc1_packet_frontend_arch_reset_idle.
Setting constant 0-bit at position 1956 on $flatten\dut.$procdff$1251 ($dff) from module lsc1_packet_frontend_arch_reset_idle.
Setting constant 0-bit at position 1957 on $flatten\dut.$procdff$1251 ($dff) from module lsc1_packet_frontend_arch_reset_idle.
Setting constant 0-bit at position 1958 on $flatten\dut.$procdff$1251 ($dff) from module lsc1_packet_frontend_arch_reset_idle.
Setting constant 0-bit at position 1959 on $flatten\dut.$procdff$1251 ($dff) from module lsc1_packet_frontend_arch_reset_idle.
Setting constant 0-bit at position 1960 on $flatten\dut.$procdff$1251 ($dff) from module lsc1_packet_frontend_arch_reset_idle.
Setting constant 0-bit at position 1961 on $flatten\dut.$procdff$1251 ($dff) from module lsc1_packet_frontend_arch_reset_idle.
Setting constant 0-bit at position 1962 on $flatten\dut.$procdff$1251 ($dff) from module lsc1_packet_frontend_arch_reset_idle.
Setting constant 0-bit at position 1963 on $flatten\dut.$procdff$1251 ($dff) from module lsc1_packet_frontend_arch_reset_idle.
Setting constant 0-bit at position 1964 on $flatten\dut.$procdff$1251 ($dff) from module lsc1_packet_frontend_arch_reset_idle.
Setting constant 0-bit at position 1965 on $flatten\dut.$procdff$1251 ($dff) from module lsc1_packet_frontend_arch_reset_idle.
Setting constant 0-bit at position 1966 on $flatten\dut.$procdff$1251 ($dff) from module lsc1_packet_frontend_arch_reset_idle.
Setting constant 0-bit at position 1967 on $flatten\dut.$procdff$1251 ($dff) from module lsc1_packet_frontend_arch_reset_idle.
Setting constant 0-bit at position 1968 on $flatten\dut.$procdff$1251 ($dff) from module lsc1_packet_frontend_arch_reset_idle.
Setting constant 0-bit at position 1969 on $flatten\dut.$procdff$1251 ($dff) from module lsc1_packet_frontend_arch_reset_idle.
Setting constant 0-bit at position 1970 on $flatten\dut.$procdff$1251 ($dff) from module lsc1_packet_frontend_arch_reset_idle.
Setting constant 0-bit at position 1971 on $flatten\dut.$procdff$1251 ($dff) from module lsc1_packet_frontend_arch_reset_idle.
Setting constant 0-bit at position 1972 on $flatten\dut.$procdff$1251 ($dff) from module lsc1_packet_frontend_arch_reset_idle.
Setting constant 0-bit at position 1973 on $flatten\dut.$procdff$1251 ($dff) from module lsc1_packet_frontend_arch_reset_idle.
Setting constant 0-bit at position 1974 on $flatten\dut.$procdff$1251 ($dff) from module lsc1_packet_frontend_arch_reset_idle.
Setting constant 0-bit at position 1975 on $flatten\dut.$procdff$1251 ($dff) from module lsc1_packet_frontend_arch_reset_idle.
Setting constant 0-bit at position 1976 on $flatten\dut.$procdff$1251 ($dff) from module lsc1_packet_frontend_arch_reset_idle.
Setting constant 0-bit at position 1977 on $flatten\dut.$procdff$1251 ($dff) from module lsc1_packet_frontend_arch_reset_idle.
Setting constant 0-bit at position 1978 on $flatten\dut.$procdff$1251 ($dff) from module lsc1_packet_frontend_arch_reset_idle.
Setting constant 0-bit at position 1979 on $flatten\dut.$procdff$1251 ($dff) from module lsc1_packet_frontend_arch_reset_idle.
Setting constant 0-bit at position 1980 on $flatten\dut.$procdff$1251 ($dff) from module lsc1_packet_frontend_arch_reset_idle.
Setting constant 0-bit at position 1981 on $flatten\dut.$procdff$1251 ($dff) from module lsc1_packet_frontend_arch_reset_idle.
Setting constant 0-bit at position 1982 on $flatten\dut.$procdff$1251 ($dff) from module lsc1_packet_frontend_arch_reset_idle.
Setting constant 0-bit at position 1983 on $flatten\dut.$procdff$1251 ($dff) from module lsc1_packet_frontend_arch_reset_idle.
Setting constant 0-bit at position 1984 on $flatten\dut.$procdff$1251 ($dff) from module lsc1_packet_frontend_arch_reset_idle.
Setting constant 0-bit at position 1985 on $flatten\dut.$procdff$1251 ($dff) from module lsc1_packet_frontend_arch_reset_idle.
Setting constant 0-bit at position 1986 on $flatten\dut.$procdff$1251 ($dff) from module lsc1_packet_frontend_arch_reset_idle.
Setting constant 0-bit at position 1987 on $flatten\dut.$procdff$1251 ($dff) from module lsc1_packet_frontend_arch_reset_idle.
Setting constant 0-bit at position 1988 on $flatten\dut.$procdff$1251 ($dff) from module lsc1_packet_frontend_arch_reset_idle.
Setting constant 0-bit at position 1989 on $flatten\dut.$procdff$1251 ($dff) from module lsc1_packet_frontend_arch_reset_idle.
Setting constant 0-bit at position 1990 on $flatten\dut.$procdff$1251 ($dff) from module lsc1_packet_frontend_arch_reset_idle.
Setting constant 0-bit at position 1991 on $flatten\dut.$procdff$1251 ($dff) from module lsc1_packet_frontend_arch_reset_idle.
Setting constant 0-bit at position 1992 on $flatten\dut.$procdff$1251 ($dff) from module lsc1_packet_frontend_arch_reset_idle.
Setting constant 0-bit at position 1993 on $flatten\dut.$procdff$1251 ($dff) from module lsc1_packet_frontend_arch_reset_idle.
Setting constant 0-bit at position 1994 on $flatten\dut.$procdff$1251 ($dff) from module lsc1_packet_frontend_arch_reset_idle.
Setting constant 0-bit at position 1995 on $flatten\dut.$procdff$1251 ($dff) from module lsc1_packet_frontend_arch_reset_idle.
Setting constant 0-bit at position 1996 on $flatten\dut.$procdff$1251 ($dff) from module lsc1_packet_frontend_arch_reset_idle.
Setting constant 0-bit at position 1997 on $flatten\dut.$procdff$1251 ($dff) from module lsc1_packet_frontend_arch_reset_idle.
Setting constant 0-bit at position 1998 on $flatten\dut.$procdff$1251 ($dff) from module lsc1_packet_frontend_arch_reset_idle.
Setting constant 0-bit at position 1999 on $flatten\dut.$procdff$1251 ($dff) from module lsc1_packet_frontend_arch_reset_idle.
Setting constant 0-bit at position 2000 on $flatten\dut.$procdff$1251 ($dff) from module lsc1_packet_frontend_arch_reset_idle.
Setting constant 0-bit at position 2001 on $flatten\dut.$procdff$1251 ($dff) from module lsc1_packet_frontend_arch_reset_idle.
Setting constant 0-bit at position 2002 on $flatten\dut.$procdff$1251 ($dff) from module lsc1_packet_frontend_arch_reset_idle.
Setting constant 0-bit at position 2003 on $flatten\dut.$procdff$1251 ($dff) from module lsc1_packet_frontend_arch_reset_idle.
Setting constant 0-bit at position 2004 on $flatten\dut.$procdff$1251 ($dff) from module lsc1_packet_frontend_arch_reset_idle.
Setting constant 0-bit at position 2005 on $flatten\dut.$procdff$1251 ($dff) from module lsc1_packet_frontend_arch_reset_idle.
Setting constant 0-bit at position 2006 on $flatten\dut.$procdff$1251 ($dff) from module lsc1_packet_frontend_arch_reset_idle.
Setting constant 0-bit at position 2007 on $flatten\dut.$procdff$1251 ($dff) from module lsc1_packet_frontend_arch_reset_idle.
Setting constant 0-bit at position 2008 on $flatten\dut.$procdff$1251 ($dff) from module lsc1_packet_frontend_arch_reset_idle.
Setting constant 0-bit at position 2009 on $flatten\dut.$procdff$1251 ($dff) from module lsc1_packet_frontend_arch_reset_idle.
Setting constant 0-bit at position 2010 on $flatten\dut.$procdff$1251 ($dff) from module lsc1_packet_frontend_arch_reset_idle.
Setting constant 0-bit at position 2011 on $flatten\dut.$procdff$1251 ($dff) from module lsc1_packet_frontend_arch_reset_idle.
Setting constant 0-bit at position 2012 on $flatten\dut.$procdff$1251 ($dff) from module lsc1_packet_frontend_arch_reset_idle.
Setting constant 0-bit at position 2013 on $flatten\dut.$procdff$1251 ($dff) from module lsc1_packet_frontend_arch_reset_idle.
Setting constant 0-bit at position 2014 on $flatten\dut.$procdff$1251 ($dff) from module lsc1_packet_frontend_arch_reset_idle.
Setting constant 0-bit at position 2015 on $flatten\dut.$procdff$1251 ($dff) from module lsc1_packet_frontend_arch_reset_idle.
Setting constant 0-bit at position 2016 on $flatten\dut.$procdff$1251 ($dff) from module lsc1_packet_frontend_arch_reset_idle.
Setting constant 0-bit at position 2017 on $flatten\dut.$procdff$1251 ($dff) from module lsc1_packet_frontend_arch_reset_idle.
Setting constant 0-bit at position 2018 on $flatten\dut.$procdff$1251 ($dff) from module lsc1_packet_frontend_arch_reset_idle.
Setting constant 0-bit at position 2019 on $flatten\dut.$procdff$1251 ($dff) from module lsc1_packet_frontend_arch_reset_idle.
Setting constant 0-bit at position 2020 on $flatten\dut.$procdff$1251 ($dff) from module lsc1_packet_frontend_arch_reset_idle.
Setting constant 0-bit at position 2021 on $flatten\dut.$procdff$1251 ($dff) from module lsc1_packet_frontend_arch_reset_idle.
Setting constant 0-bit at position 2022 on $flatten\dut.$procdff$1251 ($dff) from module lsc1_packet_frontend_arch_reset_idle.
Setting constant 0-bit at position 2023 on $flatten\dut.$procdff$1251 ($dff) from module lsc1_packet_frontend_arch_reset_idle.
Setting constant 0-bit at position 2024 on $flatten\dut.$procdff$1251 ($dff) from module lsc1_packet_frontend_arch_reset_idle.
Setting constant 0-bit at position 2025 on $flatten\dut.$procdff$1251 ($dff) from module lsc1_packet_frontend_arch_reset_idle.
Setting constant 0-bit at position 2026 on $flatten\dut.$procdff$1251 ($dff) from module lsc1_packet_frontend_arch_reset_idle.
Setting constant 0-bit at position 2027 on $flatten\dut.$procdff$1251 ($dff) from module lsc1_packet_frontend_arch_reset_idle.
Setting constant 0-bit at position 2028 on $flatten\dut.$procdff$1251 ($dff) from module lsc1_packet_frontend_arch_reset_idle.
Setting constant 0-bit at position 2029 on $flatten\dut.$procdff$1251 ($dff) from module lsc1_packet_frontend_arch_reset_idle.
Setting constant 0-bit at position 2030 on $flatten\dut.$procdff$1251 ($dff) from module lsc1_packet_frontend_arch_reset_idle.
Setting constant 0-bit at position 2031 on $flatten\dut.$procdff$1251 ($dff) from module lsc1_packet_frontend_arch_reset_idle.
Setting constant 0-bit at position 2032 on $flatten\dut.$procdff$1251 ($dff) from module lsc1_packet_frontend_arch_reset_idle.
Setting constant 0-bit at position 2033 on $flatten\dut.$procdff$1251 ($dff) from module lsc1_packet_frontend_arch_reset_idle.
Setting constant 0-bit at position 2034 on $flatten\dut.$procdff$1251 ($dff) from module lsc1_packet_frontend_arch_reset_idle.
Setting constant 0-bit at position 2035 on $flatten\dut.$procdff$1251 ($dff) from module lsc1_packet_frontend_arch_reset_idle.
Setting constant 0-bit at position 2036 on $flatten\dut.$procdff$1251 ($dff) from module lsc1_packet_frontend_arch_reset_idle.
Setting constant 0-bit at position 2037 on $flatten\dut.$procdff$1251 ($dff) from module lsc1_packet_frontend_arch_reset_idle.
Setting constant 0-bit at position 2038 on $flatten\dut.$procdff$1251 ($dff) from module lsc1_packet_frontend_arch_reset_idle.
Setting constant 0-bit at position 2039 on $flatten\dut.$procdff$1251 ($dff) from module lsc1_packet_frontend_arch_reset_idle.
Setting constant 0-bit at position 2040 on $flatten\dut.$procdff$1251 ($dff) from module lsc1_packet_frontend_arch_reset_idle.
Setting constant 0-bit at position 2041 on $flatten\dut.$procdff$1251 ($dff) from module lsc1_packet_frontend_arch_reset_idle.
Setting constant 0-bit at position 2042 on $flatten\dut.$procdff$1251 ($dff) from module lsc1_packet_frontend_arch_reset_idle.
Setting constant 0-bit at position 2043 on $flatten\dut.$procdff$1251 ($dff) from module lsc1_packet_frontend_arch_reset_idle.
Setting constant 0-bit at position 2044 on $flatten\dut.$procdff$1251 ($dff) from module lsc1_packet_frontend_arch_reset_idle.
Setting constant 0-bit at position 2045 on $flatten\dut.$procdff$1251 ($dff) from module lsc1_packet_frontend_arch_reset_idle.
Setting constant 0-bit at position 2046 on $flatten\dut.$procdff$1251 ($dff) from module lsc1_packet_frontend_arch_reset_idle.
Setting constant 0-bit at position 2047 on $flatten\dut.$procdff$1251 ($dff) from module lsc1_packet_frontend_arch_reset_idle.

5.7. Executing OPT_CLEAN pass (remove unused cells and wires).
Finding unused cells or wires in module \lsc1_packet_frontend_arch_reset_idle..
Removed 67 unused cells and 218 unused wires.
<suppressed ~81 debug messages>

5.8. Executing OPT_EXPR pass (perform const folding).
Optimizing module lsc1_packet_frontend_arch_reset_idle.
<suppressed ~18 debug messages>

5.9. Rerunning OPT passes. (Maybe there is more to do..)

5.10. Executing OPT_MUXTREE pass (detect dead branches in mux trees).
Running muxtree optimizer on module \lsc1_packet_frontend_arch_reset_idle..
  Creating internal representation of mux trees.
  No muxes found in this module.
Removed 0 multiplexer ports.

5.11. Executing OPT_REDUCE pass (consolidate $*mux and $reduce_* inputs).
  Optimizing cells in module \lsc1_packet_frontend_arch_reset_idle.
Performed a total of 0 changes.

5.12. Executing OPT_MERGE pass (detect identical cells).
Finding identical cells in module `\lsc1_packet_frontend_arch_reset_idle'.
<suppressed ~15 debug messages>
Removed a total of 6 cells.

5.13. Executing OPT_DFF pass (perform DFF optimizations).
Setting constant 1-bit at position 0 on $procdff$1240 ($dff) from module lsc1_packet_frontend_arch_reset_idle.

5.14. Executing OPT_CLEAN pass (remove unused cells and wires).
Finding unused cells or wires in module \lsc1_packet_frontend_arch_reset_idle..
Removed 0 unused cells and 21 unused wires.
<suppressed ~1 debug messages>

5.15. Executing OPT_EXPR pass (perform const folding).
Optimizing module lsc1_packet_frontend_arch_reset_idle.

5.16. Rerunning OPT passes. (Maybe there is more to do..)

5.17. Executing OPT_MUXTREE pass (detect dead branches in mux trees).
Running muxtree optimizer on module \lsc1_packet_frontend_arch_reset_idle..
  Creating internal representation of mux trees.
  No muxes found in this module.
Removed 0 multiplexer ports.

5.18. Executing OPT_REDUCE pass (consolidate $*mux and $reduce_* inputs).
  Optimizing cells in module \lsc1_packet_frontend_arch_reset_idle.
Performed a total of 0 changes.

5.19. Executing OPT_MERGE pass (detect identical cells).
Finding identical cells in module `\lsc1_packet_frontend_arch_reset_idle'.
Removed a total of 0 cells.

5.20. Executing OPT_DFF pass (perform DFF optimizations).

5.21. Executing OPT_CLEAN pass (remove unused cells and wires).
Finding unused cells or wires in module \lsc1_packet_frontend_arch_reset_idle..

5.22. Executing OPT_EXPR pass (perform const folding).
Optimizing module lsc1_packet_frontend_arch_reset_idle.

5.23. Finished OPT passes. (There is nothing left to do.)

6. Executing SAT pass (solving SAT problems in the circuit).

Setting up time step 1:
Final constraint equation: { } = { }
Imported 4 cells to SAT database.
Import constraint from assume cell: \clk when 1'1.
Import set-constraint from init attribute: $formal$formal/lsc1_packet_frontend_arch_reset_idle.sv:20$240_EN = 1'0
Final init constraint equation: $formal$formal/lsc1_packet_frontend_arch_reset_idle.sv:20$240_EN = 1'0
Import proof for assert: 1'1 when $formal$formal/lsc1_packet_frontend_arch_reset_idle.sv:20$240_EN.

Setting up time step 2:
Final constraint equation: { } = { }
Imported 4 cells to SAT database.
Import constraint from assume cell: \clk when 1'1.
Import proof for assert: 1'1 when $formal$formal/lsc1_packet_frontend_arch_reset_idle.sv:20$240_EN.

Setting up time step 3:
Final constraint equation: { } = { }
Imported 4 cells to SAT database.
Import constraint from assume cell: \clk when 1'1.
Import proof for assert: 1'1 when $formal$formal/lsc1_packet_frontend_arch_reset_idle.sv:20$240_EN.

Solving problem with 18 variables and 43 clauses..
SAT proof finished - no model found: SUCCESS!

                  /$$$$$$      /$$$$$$$$     /$$$$$$$    
                 /$$__  $$    | $$_____/    | $$__  $$   
                | $$  \ $$    | $$          | $$  \ $$   
                | $$  | $$    | $$$$$       | $$  | $$   
                | $$  | $$    | $$__/       | $$  | $$   
                | $$/$$ $$    | $$          | $$  | $$   
                |  $$$$$$/ /$$| $$$$$$$$ /$$| $$$$$$$//$$
                 \____ $$$|__/|________/|__/|_______/|__/
                       \__/                              

End of script. Logfile hash: ed77109f73, CPU: user 4.52s system 0.05s, MEM: 70.73 MB peak
Yosys 0.33 (git sha1 2584903a060)
Time spent: 58% 1x proc_mux (2 sec), 11% 2x check (0 sec), ...
