Info: constraining clock net 'clk' to 25.00 MHz

Info: Logic utilisation before packing:
Info:     Total LUT4s:     28745/83640    34%
Info:         logic LUTs:  27175/83640    32%
Info:         carry LUTs:   1570/83640     1%
Info:           RAM LUTs:      0/10455     0%
Info:          RAMW LUTs:      0/20910     0%

Info:      Total DFFs:      7221/83640     8%

Info: Packing IOs..
Info: pin 'uart_tx$tr_io' constrained to Bel 'X0/Y56/PIOC'.
Info: pin 'uart_rx$tr_io' constrained to Bel 'X0/Y89/PIOB'.
Info: pin 'led$tr_io' constrained to Bel 'X0/Y35/PIOC'.
Info: pin 'clk$tr_io' constrained to Bel 'X0/Y47/PIOA'.
Info: placed PLL 'core_pll.pll_i' at bel 'X1/Y4/EHXPLL_UL'
Info: Packing constants..
Info: Packing carries...
Info: Packing LUTs...
Info: Packing LUT5-7s...
Info: Packing FFs...
Info:     5684 FFs paired with LUTs.
Info: Generating derived timing constraints...
Info:     Input frequency of PLL 'core_pll.pll_i' is constrained to 25.0 MHz
Info:     Derived frequency constraint of 10.0 MHz for net core_clk
Info: Promoting globals...
Info:     promoting clock net core_clk to global network
Info: Checksum: 0xa96ca5f1

Info: Device utilisation:
Info: 	          TRELLIS_IO:       4/    365     1%
Info: 	                DCCA:       1/     56     1%
Info: 	              DP16KD:       0/    208     0%
Info: 	          MULT18X18D:       1/    156     0%
Info: 	              ALU54B:       0/     78     0%
Info: 	             EHXPLLL:       1/      4    25%
Info: 	             EXTREFB:       0/      2     0%
Info: 	                DCUA:       0/      2     0%
Info: 	           PCSCLKDIV:       0/      2     0%
Info: 	             IOLOGIC:       0/    224     0%
Info: 	            SIOLOGIC:       0/    141     0%
Info: 	                 GSR:       0/      1     0%
Info: 	               JTAGG:       0/      1     0%
Info: 	                OSCG:       0/      1     0%
Info: 	               SEDGA:       0/      1     0%
Info: 	                 DTR:       0/      1     0%
Info: 	             USRMCLK:       0/      1     0%
Info: 	             CLKDIVF:       0/      4     0%
Info: 	           ECLKSYNCB:       0/     10     0%
Info: 	             DLLDELD:       0/      8     0%
Info: 	              DDRDLL:       0/      4     0%
Info: 	             DQSBUFM:       0/     14     0%
Info: 	     TRELLIS_ECLKBUF:       0/      8     0%
Info: 	        ECLKBRIDGECS:       0/      2     0%
Info: 	                DCSC:       0/      2     0%
Info: 	          TRELLIS_FF:    7221/  83640     8%
Info: 	        TRELLIS_COMB:   29127/  83640    34%
Info: 	        TRELLIS_RAMW:       0/  10455     0%

Info: Running Static placer...
Info: ⌁ bel grid 127x96, placer grid 127x95...
Info: ⌁ initialising bels...
Info: ⌁ initialising cells...
Info: ⌁ inserting spacers...
Info: ⌁   group COMB pre-spacer utilisation 34.82% (target 70.00%)
Info: ⌁   group COMB inserted a total of 29420 spacers
Info: ⌁   group FF pre-spacer utilisation 8.63% (target 70.00%)
Info: ⌁   group FF inserted a total of 51326 spacers
Info: ⌁   group RAM pre-spacer utilisation 0.00% (target 70.00%)
Info: ⌁   group RAM inserted a total of 145 spacers
Info: ⌁   group MUL pre-spacer utilisation 0.64% (target 70.00%)
Info: ⌁   group MUL inserted a total of 108 spacers
Info: initial density penalty: 0.000025
Info: coord_dist: 0.000621 grad_dist: 0.000244
Info: initial steplen=0.010000 next steplen = 2.542392
Info: coord_dist: 0.000621 grad_dist: 0.000244
Info: iter=0 steplen=2.542392 a=1.000000 penalty=[0.00, 0.00, 0.00, 0.00]
Info:    update_chains distance 0.00
Info:    system potential: 8514805.000000 hpwl: 20096.478516
Info: overlap: COMB=99.7%, FF=99.0%, RAM=0.0%, MUL=0.0%
Info: Strict legalising 7 cells...
Info: HPWL after legalise: 20224.486328 (delta: 128.007812)
Info: coord_dist: 0.157905 grad_dist: 0.066841
Info: iter=1 steplen=2.362397 a=1.618034 penalty=[0.00, 0.00, 0.00, 0.00]
Info:    update_chains distance 0.40
Info:    system potential: 8582809.000000 hpwl: 13807.583984
Info: overlap: COMB=99.7%, FF=99.2%, RAM=0.0%, MUL=0.0%
Info: coord_dist: 0.075696 grad_dist: 0.039319
Info: iter=2 steplen=1.925172 a=2.193527 penalty=[0.00, 0.00, 0.00, 0.00]
Info:    update_chains distance 0.60
Info:    system potential: 8598067.000000 hpwl: 10372.306641
Info: overlap: COMB=99.7%, FF=99.3%, RAM=0.0%, MUL=0.0%
Info: coord_dist: 0.054848 grad_dist: 0.034262
Info: iter=3 steplen=1.600815 a=2.749791 penalty=[0.00, 0.00, 0.00, 0.00]
Info:    update_chains distance 0.79
Info:    system potential: 8605408.000000 hpwl: 8136.815430
Info: overlap: COMB=99.7%, FF=99.4%, RAM=0.0%, MUL=0.0%
Info: coord_dist: 0.035386 grad_dist: 0.022816
Info: iter=4 steplen=1.550963 a=3.294880 penalty=[0.00, 0.00, 0.00, 0.00]
Info:    update_chains distance 0.94
Info:    system potential: 8609257.000000 hpwl: 6795.866699
Info: overlap: COMB=99.8%, FF=99.4%, RAM=0.0%, MUL=0.0%
Info: coord_dist: 0.021060 grad_dist: 0.012018
Info: iter=5 steplen=1.752297 a=3.832601 penalty=[0.00, 0.00, 0.00, 0.00]
Info:    update_chains distance 1.07
Info:    system potential: 8606709.000000 hpwl: 5815.658203
Info: overlap: COMB=99.8%, FF=99.4%, RAM=0.0%, MUL=0.0%
Info: coord_dist: 0.016144 grad_dist: 0.007474
Info: iter=6 steplen=2.159947 a=4.365079 penalty=[0.00, 0.00, 0.00, 0.00]
Info:    update_chains distance 1.17
Info:    system potential: 8597473.000000 hpwl: 5038.107422
Info: overlap: COMB=99.8%, FF=99.5%, RAM=0.0%, MUL=0.0%
Info: coord_dist: 0.016653 grad_dist: 0.008327
Info: iter=7 steplen=1.999925 a=4.893622 penalty=[0.00, 0.00, 0.00, 0.00]
Info:    update_chains distance 1.27
Info:    system potential: 8589082.000000 hpwl: 4389.816406
Info: overlap: COMB=99.8%, FF=99.5%, RAM=0.0%, MUL=0.0%
Info: coord_dist: 0.018115 grad_dist: 0.011364
Info: iter=8 steplen=1.594051 a=5.419099 penalty=[0.00, 0.00, 0.00, 0.00]
Info:    update_chains distance 1.38
Info:    system potential: 8582088.000000 hpwl: 3739.517578
Info: overlap: COMB=99.8%, FF=99.5%, RAM=0.0%, MUL=0.0%
Info: coord_dist: 0.016821 grad_dist: 0.011320
Info: iter=9 steplen=1.485981 a=5.942117 penalty=[0.00, 0.00, 0.00, 0.00]
Info:    update_chains distance 1.48
Info:    system potential: 8577730.000000 hpwl: 3270.938721
Info: overlap: COMB=99.8%, FF=99.5%, RAM=0.0%, MUL=0.0%
Info: coord_dist: 0.012070 grad_dist: 0.007600
Info: iter=10 steplen=1.588207 a=6.463116 penalty=[0.00, 0.00, 0.00, 0.00]
Info:    update_chains distance 1.59
Info:    system potential: 8571819.000000 hpwl: 2953.775391
Info: overlap: COMB=99.8%, FF=99.5%, RAM=0.0%, MUL=0.0%
Info: coord_dist: 0.008682 grad_dist: 0.004639
Info: iter=11 steplen=1.871586 a=6.982428 penalty=[0.00, 0.00, 0.00, 0.00]
Info:    update_chains distance 1.70
Info:    system potential: 8567021.000000 hpwl: 2721.067383
Info: overlap: COMB=99.8%, FF=99.5%, RAM=0.0%, MUL=0.0%
Info: coord_dist: 0.007932 grad_dist: 0.004161
Info: iter=12 steplen=1.906472 a=7.500307 penalty=[0.00, 0.00, 0.00, 0.00]
Info:    update_chains distance 1.83
Info:    system potential: 8563001.000000 hpwl: 2531.046875
Info: overlap: COMB=99.8%, FF=99.5%, RAM=0.0%, MUL=0.0%
Info: coord_dist: 0.008403 grad_dist: 0.005095
Info: iter=13 steplen=1.649297 a=8.016954 penalty=[0.00, 0.00, 0.00, 0.00]
Info:    update_chains distance 1.95
Info:    system potential: 8561013.000000 hpwl: 2338.870605
Info: overlap: COMB=99.8%, FF=99.5%, RAM=0.0%, MUL=0.0%
Info: coord_dist: 0.008331 grad_dist: 0.005430
Info: iter=14 steplen=1.534174 a=8.532532 penalty=[0.00, 0.00, 0.00, 0.00]
Info:    update_chains distance 2.08
Info:    system potential: 8558900.000000 hpwl: 2181.093506
Info: overlap: COMB=99.8%, FF=99.6%, RAM=0.0%, MUL=0.0%
Info: coord_dist: 0.006953 grad_dist: 0.004373
Info: iter=15 steplen=1.589933 a=9.047169 penalty=[0.00, 0.00, 0.00, 0.00]
Info:    update_chains distance 2.20
Info:    system potential: 8556616.000000 hpwl: 2067.925293
Info: overlap: COMB=99.8%, FF=99.6%, RAM=0.0%, MUL=0.0%
Info: coord_dist: 0.005590 grad_dist: 0.003171
Info: iter=16 steplen=1.762770 a=9.560975 penalty=[0.00, 0.00, 0.00, 0.00]
Info:    update_chains distance 2.32
Info:    system potential: 8552007.000000 hpwl: 1983.437378
Info: overlap: COMB=99.8%, FF=99.6%, RAM=0.0%, MUL=0.0%
Info: coord_dist: 0.005148 grad_dist: 0.002826
Info: iter=17 steplen=1.821740 a=10.074040 penalty=[0.00, 0.00, 0.00, 0.00]
Info:    update_chains distance 2.43
Info:    system potential: 8549572.000000 hpwl: 1910.777222
Info: overlap: COMB=99.8%, FF=99.6%, RAM=0.0%, MUL=0.0%
Info: coord_dist: 0.005337 grad_dist: 0.003162
Info: iter=18 steplen=1.687788 a=10.586441 penalty=[0.00, 0.00, 0.00, 0.00]
Info:    update_chains distance 2.54
Info:    system potential: 8549344.000000 hpwl: 1835.611328
Info: overlap: COMB=99.8%, FF=99.6%, RAM=0.0%, MUL=0.0%
Info: coord_dist: 0.005431 grad_dist: 0.003400
Info: iter=19 steplen=1.597300 a=11.098242 penalty=[0.00, 0.00, 0.00, 0.00]
Info:    update_chains distance 2.65
Info:    system potential: 8546717.000000 hpwl: 1767.199219
Info: overlap: COMB=99.8%, FF=99.6%, RAM=0.0%, MUL=0.0%
Info: coord_dist: 0.005018 grad_dist: 0.003089
Info: iter=20 steplen=1.624351 a=11.609499 penalty=[0.00, 0.00, 0.00, 0.00]
Info:    update_chains distance 2.76
Info:    system potential: 8544092.000000 hpwl: 1716.198486
Info: overlap: COMB=99.8%, FF=99.5%, RAM=0.0%, MUL=0.0%
Info: coord_dist: 0.004486 grad_dist: 0.002603
Info: iter=21 steplen=1.723353 a=12.120261 penalty=[0.00, 0.00, 0.00, 0.00]
Info:    update_chains distance 2.88
Info:    system potential: 8544484.000000 hpwl: 1680.581421
Info: overlap: COMB=99.8%, FF=99.5%, RAM=0.0%, MUL=0.0%
Info: coord_dist: 0.004293 grad_dist: 0.002436
Info: iter=22 steplen=1.762445 a=12.630569 penalty=[0.00, 0.00, 0.00, 0.00]
Info:    update_chains distance 2.98
Info:    system potential: 8543948.000000 hpwl: 1653.231567
Info: overlap: COMB=99.8%, FF=99.5%, RAM=0.0%, MUL=0.0%
Info: coord_dist: 0.004402 grad_dist: 0.002599
Info: iter=23 steplen=1.693478 a=13.140462 penalty=[0.00, 0.00, 0.00, 0.00]
Info:    update_chains distance 3.10
Info:    system potential: 8541987.000000 hpwl: 1626.857300
Info: overlap: COMB=99.8%, FF=99.5%, RAM=0.0%, MUL=0.0%
Info: coord_dist: 0.004483 grad_dist: 0.002743
Info: iter=24 steplen=1.634380 a=13.649971 penalty=[0.00, 0.00, 0.00, 0.00]
Info:    update_chains distance 3.22
Info:    system potential: 8540601.000000 hpwl: 1602.899780
Info: overlap: COMB=99.8%, FF=99.5%, RAM=0.0%, MUL=0.0%
Info: coord_dist: 0.004320 grad_dist: 0.002626
Info: iter=25 steplen=1.645450 a=14.159125 penalty=[0.00, 0.00, 0.00, 0.00]
Info:    update_chains distance 3.34
Info:    system potential: 8536555.000000 hpwl: 1586.517334
Info: overlap: COMB=99.8%, FF=99.5%, RAM=0.0%, MUL=0.0%
Info: coord_dist: 0.004065 grad_dist: 0.002393
Info: iter=26 steplen=1.698927 a=14.667951 penalty=[0.00, 0.00, 0.00, 0.00]
Info:    update_chains distance 3.47
Info:    system potential: 8535830.000000 hpwl: 1575.769775
Info: overlap: COMB=99.8%, FF=99.5%, RAM=0.0%, MUL=0.0%
Info: coord_dist: 0.003949 grad_dist: 0.002297
Info: iter=27 steplen=1.719671 a=15.176470 penalty=[0.00, 0.00, 0.00, 0.00]
Info:    update_chains distance 3.58
Info:    system potential: 8535099.000000 hpwl: 1568.298950
Info: overlap: COMB=99.8%, FF=99.5%, RAM=0.0%, MUL=0.0%
Info: coord_dist: 0.003982 grad_dist: 0.002365
Info: iter=28 steplen=1.683457 a=15.684704 penalty=[0.00, 0.00, 0.00, 0.00]
Info:    update_chains distance 3.70
Info:    system potential: 8533242.000000 hpwl: 1559.154297
Info: overlap: COMB=99.8%, FF=99.5%, RAM=0.0%, MUL=0.0%
Info: coord_dist: 0.004000 grad_dist: 0.002426
Info: iter=29 steplen=1.648507 a=16.192673 penalty=[0.00, 0.00, 0.00, 0.00]
Info:    update_chains distance 3.82
Info:    system potential: 8532322.000000 hpwl: 1550.568970
Info: overlap: COMB=99.8%, FF=99.5%, RAM=0.0%, MUL=0.0%
Info: coord_dist: 0.003890 grad_dist: 0.002355
Info: iter=30 steplen=1.652200 a=16.700390 penalty=[0.00, 0.00, 0.00, 0.00]
Info:    update_chains distance 3.93
Info:    system potential: 8531519.000000 hpwl: 1543.876099
Info: overlap: COMB=99.8%, FF=99.5%, RAM=0.0%, MUL=0.0%
Info: coord_dist: 0.003722 grad_dist: 0.002217
Info: iter=31 steplen=1.679111 a=17.207872 penalty=[0.00, 0.00, 0.00, 0.00]
Info:    update_chains distance 4.05
Info:    system potential: 8529541.000000 hpwl: 1540.543945
Info: overlap: COMB=99.8%, FF=99.5%, RAM=0.0%, MUL=0.0%
Info: coord_dist: 0.003612 grad_dist: 0.002139
Info: iter=32 steplen=1.688514 a=17.715136 penalty=[0.00, 0.00, 0.00, 0.00]
Info:    update_chains distance 4.17
Info:    system potential: 8529077.000000 hpwl: 1538.243408
Info: overlap: COMB=99.8%, FF=99.5%, RAM=0.0%, MUL=0.0%
Info: coord_dist: 0.003571 grad_dist: 0.002139
Info: iter=33 steplen=1.669522 a=18.222191 penalty=[0.00, 0.00, 0.00, 0.00]
Info:    update_chains distance 4.28
Info:    system potential: 8529539.000000 hpwl: 1536.187500
Info: overlap: COMB=99.8%, FF=99.5%, RAM=0.0%, MUL=0.0%
Info: coord_dist: 0.003521 grad_dist: 0.002133
Info: iter=34 steplen=1.650666 a=18.729050 penalty=[0.00, 0.00, 0.00, 0.00]
Info:    update_chains distance 4.40
Info:    system potential: 8527445.000000 hpwl: 1534.105103
Info: overlap: COMB=99.8%, FF=99.5%, RAM=0.0%, MUL=0.0%
Info: coord_dist: 0.003412 grad_dist: 0.002065
Info: iter=35 steplen=1.652514 a=19.235723 penalty=[0.00, 0.00, 0.00, 0.00]
Info:    update_chains distance 4.51
Info:    system potential: 8526462.000000 hpwl: 1533.675049
Info: overlap: COMB=99.8%, FF=99.5%, RAM=0.0%, MUL=0.0%
Info: coord_dist: 0.003276 grad_dist: 0.001966
Info: iter=36 steplen=1.666453 a=19.742220 penalty=[0.00, 0.00, 0.00, 0.00]
Info:    update_chains distance 4.63
Info:    system potential: 8525433.000000 hpwl: 1534.347412
Info: overlap: COMB=99.8%, FF=99.5%, RAM=0.0%, MUL=0.0%
Info: coord_dist: 0.003171 grad_dist: 0.001897
Info: iter=37 steplen=1.671391 a=20.248550 penalty=[0.00, 0.00, 0.00, 0.00]
Info:    update_chains distance 4.76
Info:    system potential: 8526380.000000 hpwl: 1535.843140
Info: overlap: COMB=99.7%, FF=99.5%, RAM=0.0%, MUL=0.0%
Info: coord_dist: 0.003102 grad_dist: 0.001866
Info: iter=38 steplen=1.662205 a=20.754723 penalty=[0.00, 0.00, 0.00, 0.00]
Info:    update_chains distance 4.87
Info:    system potential: 8526406.000000 hpwl: 1537.221680
Info: overlap: COMB=99.7%, FF=99.5%, RAM=0.0%, MUL=0.0%
Info: coord_dist: 0.003035 grad_dist: 0.001835
Info: iter=39 steplen=1.653676 a=21.260744 penalty=[0.00, 0.00, 0.00, 0.00]
Info:    update_chains distance 4.99
Info:    system potential: 8526979.000000 hpwl: 1539.255981
Info: overlap: COMB=99.7%, FF=99.4%, RAM=0.0%, MUL=0.0%
Info: coord_dist: 0.002948 grad_dist: 0.001780
Info: iter=40 steplen=1.656143 a=21.766623 penalty=[0.00, 0.00, 0.00, 0.00]
Info:    update_chains distance 5.11
Info:    system potential: 8525591.000000 hpwl: 1542.428101
Info: overlap: COMB=99.8%, FF=99.4%, RAM=0.0%, MUL=0.0%
Info: coord_dist: 0.002857 grad_dist: 0.001717
Info: iter=41 steplen=1.664403 a=22.272364 penalty=[0.00, 0.00, 0.00, 0.00]
Info:    update_chains distance 5.23
Info:    system potential: 8525118.000000 hpwl: 1546.994385
Info: overlap: COMB=99.7%, FF=99.3%, RAM=0.0%, MUL=0.0%
Info: coord_dist: 0.002788 grad_dist: 0.001672
Info: iter=42 steplen=1.667891 a=22.777975 penalty=[0.00, 0.00, 0.00, 0.00]
Info:    update_chains distance 5.35
Info:    system potential: 8523290.000000 hpwl: 1552.597778
Info: overlap: COMB=99.7%, FF=99.3%, RAM=0.0%, MUL=0.0%
Info: coord_dist: 0.002744 grad_dist: 0.001648
Info: iter=43 steplen=1.665321 a=23.283461 penalty=[0.00, 0.00, 0.00, 0.00]
Info:    update_chains distance 5.47
Info:    system potential: 8522112.000000 hpwl: 1559.111572
Info: overlap: COMB=99.7%, FF=99.3%, RAM=0.0%, MUL=0.0%
Info: coord_dist: 0.002709 grad_dist: 0.001628
Info: iter=44 steplen=1.663431 a=23.788830 penalty=[0.00, 0.00, 0.00, 0.00]
Info:    update_chains distance 5.59
Info:    system potential: 8519849.000000 hpwl: 1566.114624
Info: overlap: COMB=99.7%, FF=99.3%, RAM=0.0%, MUL=0.0%
Info: coord_dist: 0.002676 grad_dist: 0.001605
Info: iter=45 steplen=1.667239 a=24.294085 penalty=[0.00, 0.00, 0.00, 0.00]
Info:    update_chains distance 5.72
Info:    system potential: 8518502.000000 hpwl: 1573.757080
Info: overlap: COMB=99.7%, FF=99.3%, RAM=0.0%, MUL=0.0%
Info: coord_dist: 0.002653 grad_dist: 0.001585
Info: iter=46 steplen=1.673540 a=24.799229 penalty=[0.00, 0.00, 0.00, 0.00]
Info:    update_chains distance 5.84
Info:    system potential: 8517161.000000 hpwl: 1581.522461
Info: overlap: COMB=99.7%, FF=99.3%, RAM=0.0%, MUL=0.0%
Info: coord_dist: 0.002650 grad_dist: 0.001580
Info: iter=47 steplen=1.677325 a=25.304270 penalty=[0.00, 0.00, 0.00, 0.00]
Info:    update_chains distance 5.96
Info:    system potential: 8515713.000000 hpwl: 1589.523926
Info: overlap: COMB=99.7%, FF=99.2%, RAM=0.0%, MUL=0.0%
Info: coord_dist: 0.002668 grad_dist: 0.001590
Info: iter=48 steplen=1.677365 a=25.809210 penalty=[0.00, 0.00, 0.00, 0.00]
Info:    update_chains distance 6.07
Info:    system potential: 8515972.000000 hpwl: 1597.237549
Info: overlap: COMB=99.7%, FF=99.2%, RAM=0.0%, MUL=0.0%
Info: coord_dist: 0.002698 grad_dist: 0.001608
Info: iter=49 steplen=1.677481 a=26.314053 penalty=[0.00, 0.00, 0.00, 0.00]
Info:    update_chains distance 6.20
Info:    system potential: 8513372.000000 hpwl: 1604.944458
Info: overlap: COMB=99.7%, FF=99.2%, RAM=0.0%, MUL=0.0%
Info: coord_dist: 0.002735 grad_dist: 0.001628
Info: iter=50 steplen=1.679927 a=26.818802 penalty=[0.00, 0.00, 0.00, 0.00]
Info:    update_chains distance 6.32
Info:    system potential: 8511293.000000 hpwl: 1612.398926
Info: overlap: COMB=99.7%, FF=99.2%, RAM=0.0%, MUL=0.0%
Info: coord_dist: 0.002781 grad_dist: 0.001652
Info: iter=51 steplen=1.683222 a=27.323462 penalty=[0.00, 0.00, 0.00, 0.00]
Info:    update_chains distance 6.44
Info:    system potential: 8509669.000000 hpwl: 1620.124268
Info: overlap: COMB=99.7%, FF=99.2%, RAM=0.0%, MUL=0.0%
Info: coord_dist: 0.002840 grad_dist: 0.001686
Info: iter=52 steplen=1.684606 a=27.828035 penalty=[0.00, 0.00, 0.00, 0.00]
Info:    update_chains distance 6.57
Info:    system potential: 8511234.000000 hpwl: 1627.488037
Info: overlap: COMB=99.7%, FF=99.2%, RAM=0.0%, MUL=0.0%
Info: coord_dist: 0.002910 grad_dist: 0.001728
Info: iter=53 steplen=1.684033 a=28.332527 penalty=[0.00, 0.00, 0.00, 0.00]
Info:    update_chains distance 6.69
Info:    system potential: 8512777.000000 hpwl: 1635.078369
Info: overlap: COMB=99.7%, FF=99.2%, RAM=0.0%, MUL=0.0%
Info: coord_dist: 0.002986 grad_dist: 0.001774
Info: iter=54 steplen=1.683441 a=28.836939 penalty=[0.00, 0.00, 0.00, 0.00]
Info:    update_chains distance 6.81
Info:    system potential: 8514427.000000 hpwl: 1642.497925
Info: overlap: COMB=99.7%, FF=99.1%, RAM=0.0%, MUL=0.0%
Info: coord_dist: 0.003064 grad_dist: 0.001820
Info: iter=55 steplen=1.683243 a=29.341272 penalty=[0.00, 0.00, 0.00, 0.00]
Info:    update_chains distance 6.92
Info:    system potential: 8512579.000000 hpwl: 1650.272949
Info: overlap: COMB=99.7%, FF=99.1%, RAM=0.0%, MUL=0.0%
Info: coord_dist: 0.003145 grad_dist: 0.001867
Info: iter=56 steplen=1.684613 a=29.845533 penalty=[0.00, 0.00, 0.00, 0.00]
Info:    update_chains distance 7.04
Info:    system potential: 8509419.000000 hpwl: 1657.951294
Info: overlap: COMB=99.7%, FF=99.1%, RAM=0.0%, MUL=0.0%
Info: coord_dist: 0.003232 grad_dist: 0.001918
Info: iter=57 steplen=1.685404 a=30.349722 penalty=[0.00, 0.00, 0.00, 0.00]
Info:    update_chains distance 7.16
Info:    system potential: 8507435.000000 hpwl: 1665.997192
Info: overlap: COMB=99.7%, FF=99.0%, RAM=0.0%, MUL=0.0%
Info: coord_dist: 0.003325 grad_dist: 0.001974
Info: iter=58 steplen=1.684822 a=30.853840 penalty=[0.00, 0.00, 0.00, 0.00]
Info:    update_chains distance 7.29
Info:    system potential: 8507813.000000 hpwl: 1673.851807
Info: overlap: COMB=99.7%, FF=99.0%, RAM=0.0%, MUL=0.0%
Info: coord_dist: 0.003423 grad_dist: 0.002033
Info: iter=59 steplen=1.683768 a=31.357891 penalty=[0.00, 0.00, 0.00, 0.00]
Info:    update_chains distance 7.40
Info:    system potential: 8505955.000000 hpwl: 1681.950195
Info: overlap: COMB=99.6%, FF=98.9%, RAM=0.0%, MUL=0.0%
Info: coord_dist: 0.003521 grad_dist: 0.002092
Info: iter=60 steplen=1.683519 a=31.861877 penalty=[0.00, 0.00, 0.00, 0.00]
Info:    update_chains distance 7.52
Info:    system potential: 8502002.000000 hpwl: 1689.939331
Info: overlap: COMB=99.6%, FF=98.9%, RAM=0.0%, MUL=0.0%
Info: coord_dist: 0.003620 grad_dist: 0.002150
Info: iter=61 steplen=1.684048 a=32.365799 penalty=[0.00, 0.00, 0.00, 0.00]
Info:    update_chains distance 7.65
Info:    system potential: 8500115.000000 hpwl: 1698.280029
Info: overlap: COMB=99.7%, FF=99.0%, RAM=0.0%, MUL=0.0%
Info: coord_dist: 0.003723 grad_dist: 0.002211
Info: iter=62 steplen=1.684241 a=32.869659 penalty=[0.00, 0.00, 0.00, 0.00]
Info:    update_chains distance 7.76
Info:    system potential: 8498147.000000 hpwl: 1706.541870
Info: overlap: COMB=99.7%, FF=99.1%, RAM=0.0%, MUL=0.0%
Info: coord_dist: 0.003830 grad_dist: 0.002275
Info: iter=63 steplen=1.683796 a=33.373463 penalty=[0.00, 0.00, 0.00, 0.00]
Info:    update_chains distance 7.88
Info:    system potential: 8496199.000000 hpwl: 1715.107666
Info: overlap: COMB=99.7%, FF=99.0%, RAM=0.0%, MUL=0.0%
Info: coord_dist: 0.003940 grad_dist: 0.002341
Info: iter=64 steplen=1.683232 a=33.877209 penalty=[0.00, 0.00, 0.00, 0.00]
Info:    update_chains distance 8.01
Info:    system potential: 8494107.000000 hpwl: 1723.658203
Info: overlap: COMB=99.7%, FF=99.0%, RAM=0.0%, MUL=0.0%
Info: coord_dist: 0.004051 grad_dist: 0.002407
Info: iter=65 steplen=1.683157 a=34.380898 penalty=[0.00, 0.00, 0.00, 0.00]
Info:    update_chains distance 8.11
Info:    system potential: 8492958.000000 hpwl: 1732.588257
Info: overlap: COMB=99.7%, FF=99.0%, RAM=0.0%, MUL=0.0%
Info: coord_dist: 0.004165 grad_dist: 0.002474
Info: iter=66 steplen=1.683469 a=34.884533 penalty=[0.00, 0.00, 0.00, 0.00]
Info:    update_chains distance 8.23
Info:    system potential: 8492325.000000 hpwl: 1741.576660
Info: overlap: COMB=99.7%, FF=99.0%, RAM=0.0%, MUL=0.0%
Info: coord_dist: 0.004281 grad_dist: 0.002543
Info: iter=67 steplen=1.683365 a=35.388115 penalty=[0.00, 0.00, 0.00, 0.00]
Info:    update_chains distance 8.36
Info:    system potential: 8486891.000000 hpwl: 1750.923218
Info: overlap: COMB=99.7%, FF=99.0%, RAM=0.0%, MUL=0.0%
Info: coord_dist: 0.004401 grad_dist: 0.002615
Info: iter=68 steplen=1.683104 a=35.891647 penalty=[0.00, 0.00, 0.00, 0.00]
Info:    update_chains distance 8.46
Info:    system potential: 8482260.000000 hpwl: 1760.320557
Info: overlap: COMB=99.7%, FF=99.0%, RAM=0.0%, MUL=0.0%
Info: coord_dist: 0.004524 grad_dist: 0.002688
Info: iter=69 steplen=1.683297 a=36.395130 penalty=[0.00, 0.00, 0.00, 0.00]
Info:    update_chains distance 8.58
Info:    system potential: 8479875.000000 hpwl: 1770.121704
Info: overlap: COMB=99.7%, FF=99.0%, RAM=0.0%, MUL=0.0%
Info: coord_dist: 0.004651 grad_dist: 0.002762
Info: iter=70 steplen=1.683671 a=36.898563 penalty=[0.00, 0.00, 0.00, 0.00]
Info:    update_chains distance 8.70
Info:    system potential: 8478173.000000 hpwl: 1780.125366
Info: overlap: COMB=99.7%, FF=99.0%, RAM=0.0%, MUL=0.0%
Info: coord_dist: 0.004782 grad_dist: 0.002840
Info: iter=71 steplen=1.683787 a=37.401951 penalty=[0.00, 0.00, 0.00, 0.00]
Info:    update_chains distance 8.81
Info:    system potential: 8472433.000000 hpwl: 1790.523926
Info: overlap: COMB=99.6%, FF=99.0%, RAM=0.0%, MUL=0.0%
Info: coord_dist: 0.004917 grad_dist: 0.002921
Info: iter=72 steplen=1.683692 a=37.905293 penalty=[0.00, 0.00, 0.00, 0.00]
Info:    update_chains distance 8.93
Info:    system potential: 8467401.000000 hpwl: 1801.082397
Info: overlap: COMB=99.6%, FF=99.1%, RAM=0.0%, MUL=0.0%
Info: coord_dist: 0.005057 grad_dist: 0.003003
Info: iter=73 steplen=1.683696 a=38.408588 penalty=[0.00, 0.00, 0.00, 0.00]
Info:    update_chains distance 9.05
Info:    system potential: 8464948.000000 hpwl: 1812.117432
Info: overlap: COMB=99.6%, FF=99.1%, RAM=0.0%, MUL=0.0%
Info: coord_dist: 0.005200 grad_dist: 0.003088
Info: iter=74 steplen=1.683964 a=38.911842 penalty=[0.00, 0.00, 0.00, 0.00]
Info:    update_chains distance 9.16
Info:    system potential: 8463548.000000 hpwl: 1823.383911
Info: overlap: COMB=99.6%, FF=99.1%, RAM=0.0%, MUL=0.0%
Info: coord_dist: 0.005347 grad_dist: 0.003174
Info: iter=75 steplen=1.684380 a=39.415054 penalty=[0.00, 0.00, 0.00, 0.00]
Info:    update_chains distance 9.27
Info:    system potential: 8461371.000000 hpwl: 1835.103516
Info: overlap: COMB=99.6%, FF=99.1%, RAM=0.0%, MUL=0.0%
Info: coord_dist: 0.005500 grad_dist: 0.003265
Info: iter=76 steplen=1.684658 a=39.918224 penalty=[0.00, 0.00, 0.00, 0.00]
Info:    update_chains distance 9.38
Info:    system potential: 8461066.000000 hpwl: 1847.145142
Info: overlap: COMB=99.6%, FF=99.1%, RAM=0.0%, MUL=0.0%
Info: coord_dist: 0.005658 grad_dist: 0.003358
Info: iter=77 steplen=1.684687 a=40.421356 penalty=[0.00, 0.00, 0.00, 0.00]
Info:    update_chains distance 9.50
Info:    system potential: 8458474.000000 hpwl: 1859.591431
Info: overlap: COMB=99.6%, FF=99.1%, RAM=0.0%, MUL=0.0%
Info: coord_dist: 0.005821 grad_dist: 0.003455
Info: iter=78 steplen=1.684895 a=40.924446 penalty=[0.00, 0.00, 0.00, 0.00]
Info:    update_chains distance 9.61
Info:    system potential: 8456665.000000 hpwl: 1872.411865
Info: overlap: COMB=99.6%, FF=99.1%, RAM=0.0%, MUL=0.0%
Info: coord_dist: 0.005988 grad_dist: 0.003553
Info: iter=79 steplen=1.685361 a=41.427502 penalty=[0.00, 0.00, 0.00, 0.00]
Info:    update_chains distance 9.72
Info:    system potential: 8459255.000000 hpwl: 1885.696899
Info: overlap: COMB=99.6%, FF=99.1%, RAM=0.0%, MUL=0.0%
Info: coord_dist: 0.006160 grad_dist: 0.003655
Info: iter=80 steplen=1.685378 a=41.930519 penalty=[0.00, 0.00, 0.00, 0.00]
Info:    update_chains distance 9.83
Info:    system potential: 8456068.000000 hpwl: 1899.391968
Info: overlap: COMB=99.6%, FF=99.1%, RAM=0.0%, MUL=0.0%
Info: coord_dist: 0.006340 grad_dist: 0.003760
Info: iter=81 steplen=1.686169 a=42.433502 penalty=[0.00, 0.00, 0.00, 0.00]
Info:    update_chains distance 9.95
Info:    system potential: 8454533.000000 hpwl: 1913.641479
Info: overlap: COMB=99.6%, FF=99.1%, RAM=0.0%, MUL=0.0%
Info: coord_dist: 0.006526 grad_dist: 0.003868
Info: iter=82 steplen=1.686917 a=42.936447 penalty=[0.00, 0.00, 0.00, 0.00]
Info:    update_chains distance 10.06
Info:    system potential: 8461490.000000 hpwl: 1928.404541
Info: overlap: COMB=99.6%, FF=99.1%, RAM=0.0%, MUL=0.0%
Info: coord_dist: 0.006720 grad_dist: 0.003983
Info: iter=83 steplen=1.687244 a=43.439358 penalty=[0.00, 0.00, 0.00, 0.00]
Info:    update_chains distance 10.17
Info:    system potential: 8463342.000000 hpwl: 1943.686646
Info: overlap: COMB=99.6%, FF=99.1%, RAM=0.0%, MUL=0.0%
Info: coord_dist: 0.006924 grad_dist: 0.004103
Info: iter=84 steplen=1.687602 a=43.942234 penalty=[0.00, 0.00, 0.00, 0.00]
Info:    update_chains distance 10.28
Info:    system potential: 8471180.000000 hpwl: 1959.590698
Info: overlap: COMB=99.6%, FF=99.1%, RAM=0.0%, MUL=0.0%
Info: coord_dist: 0.007133 grad_dist: 0.004226
Info: iter=85 steplen=1.688087 a=44.445080 penalty=[0.00, 0.00, 0.00, 0.00]
Info:    update_chains distance 10.40
Info:    system potential: 8467627.000000 hpwl: 1976.066406
Info: overlap: COMB=99.6%, FF=99.0%, RAM=0.0%, MUL=0.0%
Info: coord_dist: 0.007351 grad_dist: 0.004353
Info: iter=86 steplen=1.688851 a=44.947891 penalty=[0.00, 0.00, 0.00, 0.00]
Info:    update_chains distance 10.51
Info:    system potential: 8464463.000000 hpwl: 1993.311646
Info: overlap: COMB=99.6%, FF=99.0%, RAM=0.0%, MUL=0.0%
Info: coord_dist: 0.007578 grad_dist: 0.004485
Info: iter=87 steplen=1.689589 a=45.450672 penalty=[0.00, 0.00, 0.00, 0.00]
Info:    update_chains distance 10.62
Info:    system potential: 8463951.000000 hpwl: 2011.174194
Info: overlap: COMB=99.6%, FF=99.0%, RAM=0.0%, MUL=0.0%
Info: coord_dist: 0.007815 grad_dist: 0.004624
Info: iter=88 steplen=1.690159 a=45.953423 penalty=[0.00, 0.00, 0.00, 0.00]
Info:    update_chains distance 10.73
Info:    system potential: 8459463.000000 hpwl: 2029.907959
Info: overlap: COMB=99.6%, FF=99.0%, RAM=0.0%, MUL=0.0%
Info: coord_dist: 0.008062 grad_dist: 0.004768
Info: iter=89 steplen=1.690795 a=46.456142 penalty=[0.00, 0.00, 0.00, 0.00]
Info:    update_chains distance 10.85
Info:    system potential: 8454278.000000 hpwl: 2049.376465
Info: overlap: COMB=99.6%, FF=99.0%, RAM=0.0%, MUL=0.0%
Info: coord_dist: 0.008318 grad_dist: 0.004918
Info: iter=90 steplen=1.691517 a=46.958832 penalty=[0.00, 0.00, 0.00, 0.00]
Info:    update_chains distance 10.97
Info:    system potential: 8451459.000000 hpwl: 2069.900146
Info: overlap: COMB=99.6%, FF=99.0%, RAM=0.0%, MUL=0.0%
Info: coord_dist: 0.008584 grad_dist: 0.005073
Info: iter=91 steplen=1.692062 a=47.461494 penalty=[0.00, 0.00, 0.00, 0.00]
Info:    update_chains distance 11.08
Info:    system potential: 8448445.000000 hpwl: 2091.127441
Info: overlap: COMB=99.6%, FF=99.0%, RAM=0.0%, MUL=0.0%
Info: coord_dist: 0.008860 grad_dist: 0.005234
Info: iter=92 steplen=1.692882 a=47.964130 penalty=[0.00, 0.00, 0.00, 0.00]
Info:    update_chains distance 11.20
Info:    system potential: 8445511.000000 hpwl: 2113.532227
Info: overlap: COMB=99.6%, FF=98.9%, RAM=0.0%, MUL=0.0%
Info: coord_dist: 0.009148 grad_dist: 0.005400
Info: iter=93 steplen=1.694047 a=48.466736 penalty=[0.00, 0.00, 0.00, 0.00]
Info:    update_chains distance 11.32
Info:    system potential: 8435234.000000 hpwl: 2136.761230
Info: overlap: COMB=99.6%, FF=98.9%, RAM=0.0%, MUL=0.0%
Info: coord_dist: 0.009449 grad_dist: 0.005575
Info: iter=94 steplen=1.694966 a=48.969315 penalty=[0.00, 0.00, 0.00, 0.00]
Info:    update_chains distance 11.43
Info:    system potential: 8430420.000000 hpwl: 2161.344971
Info: overlap: COMB=99.6%, FF=98.9%, RAM=0.0%, MUL=0.0%
Info: coord_dist: 0.009764 grad_dist: 0.005759
Info: iter=95 steplen=1.695576 a=49.471867 penalty=[0.00, 0.00, 0.00, 0.00]
Info:    update_chains distance 11.56
Info:    system potential: 8420643.000000 hpwl: 2186.796875
Info: overlap: COMB=99.6%, FF=98.9%, RAM=0.0%, MUL=0.0%
Info: coord_dist: 0.010091 grad_dist: 0.005949
Info: iter=96 steplen=1.696301 a=49.974392 penalty=[0.00, 0.00, 0.00, 0.00]
Info:    update_chains distance 11.68
Info:    system potential: 8414419.000000 hpwl: 2213.828369
Info: overlap: COMB=99.5%, FF=98.8%, RAM=0.0%, MUL=0.0%
Info: coord_dist: 0.010430 grad_dist: 0.006145
Info: iter=97 steplen=1.697423 a=50.476894 penalty=[0.00, 0.00, 0.00, 0.00]
Info:    update_chains distance 11.80
Info:    system potential: 8395722.000000 hpwl: 2241.787842
Info: overlap: COMB=99.5%, FF=98.9%, RAM=0.0%, MUL=0.0%
Info: coord_dist: 0.010782 grad_dist: 0.006348
Info: iter=98 steplen=1.698540 a=50.979370 penalty=[0.00, 0.00, 0.00, 0.00]
Info:    update_chains distance 11.93
Info:    system potential: 8379563.500000 hpwl: 2271.525635
Info: overlap: COMB=99.5%, FF=98.9%, RAM=0.0%, MUL=0.0%
Info: coord_dist: 0.011149 grad_dist: 0.006560
Info: iter=99 steplen=1.699444 a=51.481823 penalty=[0.00, 0.00, 0.00, 0.00]
Info:    update_chains distance 12.05
Info:    system potential: 8368260.500000 hpwl: 2302.227783
Info: overlap: COMB=99.5%, FF=98.8%, RAM=0.0%, MUL=0.0%
Info: coord_dist: 0.011530 grad_dist: 0.006782
Info: iter=100 steplen=1.700242 a=51.984253 penalty=[0.00, 0.00, 0.00, 0.00]
Info:    update_chains distance 12.17
Info:    system potential: 8352019.000000 hpwl: 2334.883545
Info: overlap: COMB=99.5%, FF=98.8%, RAM=0.0%, MUL=0.0%
Info: coord_dist: 0.011925 grad_dist: 0.007009
Info: iter=101 steplen=1.701323 a=52.486656 penalty=[0.00, 0.00, 0.00, 0.00]
Info:    update_chains distance 12.30
Info:    system potential: 8343772.500000 hpwl: 2368.516357
Info: overlap: COMB=99.5%, FF=98.8%, RAM=0.0%, MUL=0.0%
Info: coord_dist: 0.012328 grad_dist: 0.007244
Info: iter=102 steplen=1.701805 a=52.989037 penalty=[0.00, 0.00, 0.00, 0.00]
Info:    update_chains distance 12.43
Info:    system potential: 8329875.000000 hpwl: 2404.383545
Info: overlap: COMB=99.5%, FF=98.8%, RAM=0.0%, MUL=0.0%
Info: coord_dist: 0.012748 grad_dist: 0.007484
Info: iter=103 steplen=1.703336 a=53.491394 penalty=[0.00, 0.00, 0.00, 0.00]
Info:    update_chains distance 12.56
Info:    system potential: 8316487.000000 hpwl: 2441.320068
Info: overlap: COMB=99.5%, FF=98.8%, RAM=0.0%, MUL=0.0%
Info: coord_dist: 0.013181 grad_dist: 0.007731
Info: iter=104 steplen=1.704924 a=53.993732 penalty=[0.00, 0.00, 0.00, 0.00]
Info:    update_chains distance 12.69
Info:    system potential: 8301330.500000 hpwl: 2480.910645
Info: overlap: COMB=99.5%, FF=98.8%, RAM=0.0%, MUL=0.0%
Info: coord_dist: 0.013634 grad_dist: 0.007992
Info: iter=105 steplen=1.705991 a=54.496048 penalty=[0.00, 0.00, 0.00, 0.00]
Info:    update_chains distance 12.84
Info:    system potential: 8281380.000000 hpwl: 2521.450195
Info: overlap: COMB=99.5%, FF=98.9%, RAM=0.0%, MUL=0.0%
Info: coord_dist: 0.014106 grad_dist: 0.008265
Info: iter=106 steplen=1.706677 a=54.998341 penalty=[0.00, 0.00, 0.00, 0.00]
Info:    update_chains distance 12.97
Info:    system potential: 8260743.000000 hpwl: 2564.805420
Info: overlap: COMB=99.5%, FF=98.8%, RAM=0.0%, MUL=0.0%
Info: coord_dist: 0.014588 grad_dist: 0.008543
Info: iter=107 steplen=1.707478 a=55.500614 penalty=[0.00, 0.00, 0.00, 0.00]
Info:    update_chains distance 13.11
Info:    system potential: 8239633.500000 hpwl: 2608.909180
Info: overlap: COMB=99.5%, FF=98.8%, RAM=0.0%, MUL=0.0%
Info: coord_dist: 0.015077 grad_dist: 0.008825
Info: iter=108 steplen=1.708554 a=56.002865 penalty=[0.00, 0.00, 0.00, 0.00]
Info:    update_chains distance 13.26
Info:    system potential: 8210766.000000 hpwl: 2656.306885
Info: overlap: COMB=99.5%, FF=98.8%, RAM=0.0%, MUL=0.0%
Info: coord_dist: 0.015578 grad_dist: 0.009111
Info: iter=109 steplen=1.709830 a=56.505096 penalty=[0.00, 0.00, 0.00, 0.00]
Info:    update_chains distance 13.41
Info:    system potential: 8188782.000000 hpwl: 2704.452637
Info: overlap: COMB=99.5%, FF=98.7%, RAM=0.0%, MUL=0.0%
Info: coord_dist: 0.016091 grad_dist: 0.009406
Info: iter=110 steplen=1.710742 a=57.007309 penalty=[0.00, 0.00, 0.00, 0.00]
Info:    update_chains distance 13.56
Info:    system potential: 8165506.000000 hpwl: 2756.184570
Info: overlap: COMB=99.4%, FF=98.6%, RAM=0.0%, MUL=0.0%
Info: coord_dist: 0.016617 grad_dist: 0.009708
Info: iter=111 steplen=1.711671 a=57.509502 penalty=[0.00, 0.00, 0.00, 0.00]
Info:    update_chains distance 13.71
Info:    system potential: 8138830.500000 hpwl: 2808.476807
Info: overlap: COMB=99.5%, FF=98.7%, RAM=0.0%, MUL=0.0%
Info: coord_dist: 0.017146 grad_dist: 0.010015
Info: iter=112 steplen=1.712127 a=58.011677 penalty=[0.00, 0.00, 0.00, 0.00]
Info:    update_chains distance 13.88
Info:    system potential: 8107955.000000 hpwl: 2864.552490
Info: overlap: COMB=99.5%, FF=98.6%, RAM=0.0%, MUL=0.0%
Info: coord_dist: 0.017684 grad_dist: 0.010322
Info: iter=113 steplen=1.713264 a=58.513832 penalty=[0.00, 0.00, 0.00, 0.00]
Info:    update_chains distance 14.05
Info:    system potential: 8077053.500000 hpwl: 2920.982178
Info: overlap: COMB=99.5%, FF=98.6%, RAM=0.0%, MUL=0.0%
Info: coord_dist: 0.018228 grad_dist: 0.010630
Info: iter=114 steplen=1.714753 a=59.015968 penalty=[0.00, 0.00, 0.00, 0.00]
Info:    update_chains distance 14.21
Info:    system potential: 8044288.000000 hpwl: 2981.765137
Info: overlap: COMB=99.5%, FF=98.5%, RAM=0.0%, MUL=0.0%
Info: coord_dist: 0.018786 grad_dist: 0.010948
Info: iter=115 steplen=1.715950 a=59.518085 penalty=[0.00, 0.00, 0.00, 0.00]
Info:    update_chains distance 14.39
Info:    system potential: 8009852.500000 hpwl: 3042.644531
Info: overlap: COMB=99.5%, FF=98.6%, RAM=0.0%, MUL=0.0%
Info: coord_dist: 0.019357 grad_dist: 0.011276
Info: iter=116 steplen=1.716622 a=60.020187 penalty=[0.00, 0.00, 0.00, 0.00]
Info:    update_chains distance 14.56
Info:    system potential: 7973161.000000 hpwl: 3107.905273
Info: overlap: COMB=99.5%, FF=98.7%, RAM=0.0%, MUL=0.0%
Info: coord_dist: 0.019937 grad_dist: 0.011608
Info: iter=117 steplen=1.717462 a=60.522270 penalty=[0.00, 0.00, 0.00, 0.00]
Info:    update_chains distance 14.75
Info:    system potential: 7947153.000000 hpwl: 3173.127686
Info: overlap: COMB=99.5%, FF=98.7%, RAM=0.0%, MUL=0.0%
Info: coord_dist: 0.020518 grad_dist: 0.011939
Info: iter=118 steplen=1.718579 a=61.024338 penalty=[0.00, 0.00, 0.00, 0.00]
Info:    update_chains distance 14.94
Info:    system potential: 7918307.500000 hpwl: 3243.307617
Info: overlap: COMB=99.5%, FF=98.6%, RAM=0.0%, MUL=0.0%
Info: coord_dist: 0.021108 grad_dist: 0.012272
Info: iter=119 steplen=1.720080 a=61.526386 penalty=[0.00, 0.00, 0.00, 0.00]
Info:    update_chains distance 15.15
Info:    system potential: 7881625.500000 hpwl: 3313.404297
Info: overlap: COMB=99.5%, FF=98.6%, RAM=0.0%, MUL=0.0%
Info: coord_dist: 0.021711 grad_dist: 0.012613
Info: iter=120 steplen=1.721361 a=62.028416 penalty=[0.00, 0.00, 0.00, 0.00]
Info:    update_chains distance 15.35
Info:    system potential: 7848025.000000 hpwl: 3388.735596
Info: overlap: COMB=99.4%, FF=98.5%, RAM=0.0%, MUL=0.0%
Info: coord_dist: 0.022331 grad_dist: 0.012964
Info: iter=121 steplen=1.722475 a=62.530430 penalty=[0.00, 0.00, 0.00, 0.00]
Info:    update_chains distance 15.56
Info:    system potential: 7819774.500000 hpwl: 3463.793213
Info: overlap: COMB=99.4%, FF=98.5%, RAM=0.0%, MUL=0.0%
Info: coord_dist: 0.022962 grad_dist: 0.013321
Info: iter=122 steplen=1.723732 a=63.032429 penalty=[0.00, 0.00, 0.00, 0.00]
Info:    update_chains distance 15.77
Info:    system potential: 7803936.000000 hpwl: 3544.241943
Info: overlap: COMB=99.4%, FF=98.4%, RAM=0.0%, MUL=0.0%
Info: coord_dist: 0.023604 grad_dist: 0.013682
Info: iter=123 steplen=1.725162 a=63.534412 penalty=[0.00, 0.00, 0.00, 0.00]
Info:    update_chains distance 16.00
Info:    system potential: 7772771.500000 hpwl: 3624.341553
Info: overlap: COMB=99.4%, FF=98.4%, RAM=0.0%, MUL=0.0%
Info: coord_dist: 0.024249 grad_dist: 0.014051
Info: iter=124 steplen=1.725753 a=64.036377 penalty=[0.00, 0.00, 0.00, 0.00]
Info:    update_chains distance 16.23
Info:    system potential: 7734660.500000 hpwl: 3709.754883
Info: overlap: COMB=99.4%, FF=98.3%, RAM=0.0%, MUL=0.0%
Info: coord_dist: 0.024898 grad_dist: 0.014421
Info: iter=125 steplen=1.726456 a=64.538330 penalty=[0.00, 0.00, 0.00, 0.00]
Info:    update_chains distance 16.47
Info:    system potential: 7683216.500000 hpwl: 3794.507812
Info: overlap: COMB=99.4%, FF=98.2%, RAM=0.0%, MUL=0.0%
Info: coord_dist: 0.025540 grad_dist: 0.014787
Info: iter=126 steplen=1.727227 a=65.040268 penalty=[0.00, 0.00, 0.00, 0.00]
Info:    update_chains distance 16.71
Info:    system potential: 7622771.000000 hpwl: 3884.712158
Info: overlap: COMB=99.4%, FF=98.3%, RAM=0.0%, MUL=0.0%
Info: coord_dist: 0.026176 grad_dist: 0.015150
Info: iter=127 steplen=1.727807 a=65.542191 penalty=[0.00, 0.00, 0.00, 0.00]
Info:    update_chains distance 16.95
Info:    system potential: 7560831.500000 hpwl: 3973.969727
Info: overlap: COMB=99.3%, FF=98.1%, RAM=0.0%, MUL=0.0%
Info: coord_dist: 0.026805 grad_dist: 0.015513
Info: iter=128 steplen=1.727903 a=66.044098 penalty=[0.00, 0.00, 0.00, 0.00]
Info:    update_chains distance 17.20
Info:    system potential: 7504115.500000 hpwl: 4068.275879
Info: overlap: COMB=99.4%, FF=98.2%, RAM=0.0%, MUL=0.0%
Info: coord_dist: 0.027419 grad_dist: 0.015869
Info: iter=129 steplen=1.727766 a=66.545990 penalty=[0.00, 0.00, 0.00, 0.00]
Info:    update_chains distance 17.46
Info:    system potential: 7448961.500000 hpwl: 4161.238770
Info: overlap: COMB=99.4%, FF=98.3%, RAM=0.0%, MUL=0.0%
Info: coord_dist: 0.028011 grad_dist: 0.016213
Info: iter=130 steplen=1.727689 a=67.047867 penalty=[0.00, 0.00, 0.00, 0.00]
Info:    update_chains distance 17.73
Info:    system potential: 7388779.000000 hpwl: 4259.378906
Info: overlap: COMB=99.3%, FF=98.1%, RAM=0.0%, MUL=0.0%
Info: coord_dist: 0.028584 grad_dist: 0.016544
Info: iter=131 steplen=1.727765 a=67.549728 penalty=[0.00, 0.00, 0.00, 0.00]
Info:    update_chains distance 18.02
Info:    system potential: 7322618.500000 hpwl: 4356.195801
Info: overlap: COMB=99.3%, FF=98.0%, RAM=0.0%, MUL=0.0%
Info: coord_dist: 0.029145 grad_dist: 0.016868
Info: iter=132 steplen=1.727790 a=68.051582 penalty=[0.00, 0.00, 0.00, 0.00]
Info:    update_chains distance 18.31
Info:    system potential: 7250014.500000 hpwl: 4458.327148
Info: overlap: COMB=99.3%, FF=97.9%, RAM=0.0%, MUL=0.0%
Info: coord_dist: 0.029699 grad_dist: 0.017189
Info: iter=133 steplen=1.727787 a=68.553421 penalty=[0.00, 0.00, 0.00, 0.00]
Info:    update_chains distance 18.62
Info:    system potential: 7182640.500000 hpwl: 4558.850098
Info: overlap: COMB=99.2%, FF=97.9%, RAM=0.0%, MUL=0.0%
Info: coord_dist: 0.030246 grad_dist: 0.017507
Info: iter=134 steplen=1.727680 a=69.055244 penalty=[0.00, 0.00, 0.00, 0.00]
Info:    update_chains distance 18.94
Info:    system potential: 7119545.500000 hpwl: 4664.079590
Info: overlap: COMB=99.3%, FF=97.9%, RAM=0.0%, MUL=0.0%
Info: coord_dist: 0.030790 grad_dist: 0.017821
Info: iter=135 steplen=1.727712 a=69.557053 penalty=[0.00, 0.00, 0.00, 0.00]
Info:    update_chains distance 19.27
Info:    system potential: 7064553.000000 hpwl: 4767.367676
Info: overlap: COMB=99.3%, FF=98.0%, RAM=0.0%, MUL=0.0%
Info: coord_dist: 0.031330 grad_dist: 0.018132
Info: iter=136 steplen=1.727878 a=70.058853 penalty=[0.00, 0.00, 0.00, 0.00]
Info:    update_chains distance 19.62
Info:    system potential: 7001991.500000 hpwl: 4875.217285
Info: overlap: COMB=99.2%, FF=97.9%, RAM=0.0%, MUL=0.0%
Info: coord_dist: 0.031872 grad_dist: 0.018444
Info: iter=137 steplen=1.728110 a=70.560638 penalty=[0.00, 0.00, 0.00, 0.00]
Info:    update_chains distance 19.97
Info:    system potential: 6946372.000000 hpwl: 4980.763184
Info: overlap: COMB=99.2%, FF=97.9%, RAM=0.0%, MUL=0.0%
Info: coord_dist: 0.032417 grad_dist: 0.018757
Info: iter=138 steplen=1.728230 a=71.062408 penalty=[0.00, 0.00, 0.00, 0.00]
Info:    update_chains distance 20.33
Info:    system potential: 6880503.500000 hpwl: 5090.250977
Info: overlap: COMB=99.2%, FF=97.8%, RAM=0.0%, MUL=0.0%
Info: coord_dist: 0.032961 grad_dist: 0.019072
Info: iter=139 steplen=1.728226 a=71.564163 penalty=[0.00, 0.00, 0.00, 0.00]
Info:    update_chains distance 20.70
Info:    system potential: 6823283.500000 hpwl: 5197.462402
Info: overlap: COMB=99.2%, FF=97.8%, RAM=0.0%, MUL=0.0%
Info: coord_dist: 0.033502 grad_dist: 0.019384
Info: iter=140 steplen=1.728340 a=72.065910 penalty=[0.00, 0.00, 0.00, 0.00]
Info:    update_chains distance 21.10
Info:    system potential: 6767464.000000 hpwl: 5308.474121
Info: overlap: COMB=99.2%, FF=97.8%, RAM=0.0%, MUL=0.0%
Info: coord_dist: 0.034035 grad_dist: 0.019691
Info: iter=141 steplen=1.728468 a=72.567650 penalty=[0.00, 0.00, 0.00, 0.00]
Info:    update_chains distance 21.49
Info:    system potential: 6714823.500000 hpwl: 5417.166504
Info: overlap: COMB=99.2%, FF=97.8%, RAM=0.0%, MUL=0.0%
Info: coord_dist: 0.034566 grad_dist: 0.019995
Info: iter=142 steplen=1.728731 a=73.069374 penalty=[0.00, 0.00, 0.00, 0.00]
Info:    update_chains distance 21.89
Info:    system potential: 6667323.000000 hpwl: 5529.572266
Info: overlap: COMB=99.1%, FF=97.6%, RAM=0.0%, MUL=0.0%
Info: coord_dist: 0.035097 grad_dist: 0.020297
Info: iter=143 steplen=1.729220 a=73.571083 penalty=[0.00, 0.00, 0.00, 0.00]
Info:    update_chains distance 22.30
Info:    system potential: 6621768.500000 hpwl: 5640.035156
Info: overlap: COMB=99.1%, FF=97.5%, RAM=0.0%, MUL=0.0%
Info: coord_dist: 0.035635 grad_dist: 0.020601
Info: iter=144 steplen=1.729806 a=74.072784 penalty=[0.00, 0.00, 0.00, 0.00]
Info:    update_chains distance 22.73
Info:    system potential: 6580090.000000 hpwl: 5754.417480
Info: overlap: COMB=99.1%, FF=97.5%, RAM=0.0%, MUL=0.0%
Info: coord_dist: 0.036181 grad_dist: 0.020911
Info: iter=145 steplen=1.730254 a=74.574471 penalty=[0.00, 0.00, 0.00, 0.00]
Info:    update_chains distance 23.15
Info:    system potential: 6537505.000000 hpwl: 5866.941895
Info: overlap: COMB=99.1%, FF=97.4%, RAM=0.0%, MUL=0.0%
Info: coord_dist: 0.036738 grad_dist: 0.021226
Info: iter=146 steplen=1.730841 a=75.076149 penalty=[0.00, 0.00, 0.00, 0.00]
Info:    update_chains distance 23.58
Info:    system potential: 6489350.500000 hpwl: 5983.432129
Info: overlap: COMB=99.1%, FF=97.2%, RAM=0.0%, MUL=0.0%
Info: coord_dist: 0.037302 grad_dist: 0.021543
Info: iter=147 steplen=1.731514 a=75.577812 penalty=[0.00, 0.00, 0.00, 0.00]
Info:    update_chains distance 24.03
Info:    system potential: 6446750.000000 hpwl: 6098.070312
Info: overlap: COMB=99.0%, FF=97.0%, RAM=0.0%, MUL=0.0%
Info: coord_dist: 0.037880 grad_dist: 0.021866
Info: iter=148 steplen=1.732381 a=76.079468 penalty=[0.00, 0.00, 0.00, 0.00]
Info:    update_chains distance 24.49
Info:    system potential: 6407622.500000 hpwl: 6216.986328
Info: overlap: COMB=99.0%, FF=97.1%, RAM=0.0%, MUL=0.0%
Info: coord_dist: 0.038470 grad_dist: 0.022197
Info: iter=149 steplen=1.733097 a=76.581108 penalty=[0.00, 0.00, 0.00, 0.00]
Info:    update_chains distance 24.96
Info:    system potential: 6374991.000000 hpwl: 6333.979004
Info: overlap: COMB=99.0%, FF=97.3%, RAM=0.0%, MUL=0.0%
Info: coord_dist: 0.039079 grad_dist: 0.022538
Info: iter=150 steplen=1.733952 a=77.082741 penalty=[0.00, 0.00, 0.00, 0.00]
Info:    update_chains distance 25.44
Info:    system potential: 6334709.500000 hpwl: 6455.270508
Info: overlap: COMB=99.0%, FF=97.1%, RAM=0.0%, MUL=0.0%
Info: coord_dist: 0.039702 grad_dist: 0.022886
Info: iter=151 steplen=1.734775 a=77.584366 penalty=[0.00, 0.00, 0.00, 0.00]
Info:    update_chains distance 25.93
Info:    system potential: 6294619.000000 hpwl: 6574.238770
Info: overlap: COMB=99.0%, FF=97.0%, RAM=0.0%, MUL=0.0%
Info: coord_dist: 0.040343 grad_dist: 0.023243
Info: iter=152 steplen=1.735721 a=78.085976 penalty=[0.00, 0.00, 0.00, 0.00]
Info:    update_chains distance 26.44
Info:    system potential: 6256852.500000 hpwl: 6698.014160
Info: overlap: COMB=98.9%, FF=97.0%, RAM=0.0%, MUL=0.0%
Info: coord_dist: 0.041001 grad_dist: 0.023611
Info: iter=153 steplen=1.736511 a=78.587578 penalty=[0.00, 0.00, 0.00, 0.00]
Info:    update_chains distance 26.94
Info:    system potential: 6222937.500000 hpwl: 6819.216797
Info: overlap: COMB=98.9%, FF=96.9%, RAM=0.0%, MUL=0.0%
Info: coord_dist: 0.041680 grad_dist: 0.023989
Info: iter=154 steplen=1.737449 a=79.089165 penalty=[0.00, 0.00, 0.00, 0.00]
Info:    update_chains distance 27.45
Info:    system potential: 6179733.000000 hpwl: 6945.390625
Info: overlap: COMB=99.0%, FF=97.0%, RAM=0.0%, MUL=0.0%
Info: coord_dist: 0.042376 grad_dist: 0.024378
Info: iter=155 steplen=1.738280 a=79.590744 penalty=[0.00, 0.00, 0.00, 0.00]
Info:    update_chains distance 27.96
Info:    system potential: 6143025.000000 hpwl: 7068.854492
Info: overlap: COMB=98.9%, FF=96.9%, RAM=0.0%, MUL=0.0%
Info: coord_dist: 0.043095 grad_dist: 0.024779
Info: iter=156 steplen=1.739177 a=80.092316 penalty=[0.00, 0.00, 0.00, 0.00]
Info:    update_chains distance 28.45
Info:    system potential: 6104339.000000 hpwl: 7197.405762
Info: overlap: COMB=98.9%, FF=96.5%, RAM=0.0%, MUL=0.0%
Info: coord_dist: 0.043833 grad_dist: 0.025193
Info: iter=157 steplen=1.739931 a=80.593872 penalty=[0.00, 0.00, 0.00, 0.00]
Info:    update_chains distance 28.95
Info:    system potential: 6063214.000000 hpwl: 7322.881836
Info: overlap: COMB=98.9%, FF=96.5%, RAM=0.0%, MUL=0.0%
Info: coord_dist: 0.044597 grad_dist: 0.025618
Info: iter=158 steplen=1.740822 a=81.095421 penalty=[0.00, 0.00, 0.00, 0.00]
Info:    update_chains distance 29.42
Info:    system potential: 6025433.500000 hpwl: 7453.872559
Info: overlap: COMB=98.9%, FF=96.5%, RAM=0.0%, MUL=0.0%
Info: coord_dist: 0.045379 grad_dist: 0.026057
Info: iter=159 steplen=1.741497 a=81.596962 penalty=[0.00, 0.00, 0.00, 0.00]
Info:    update_chains distance 29.89
Info:    system potential: 5979945.500000 hpwl: 7581.052246
Info: overlap: COMB=98.9%, FF=96.5%, RAM=0.0%, MUL=0.0%
Info: coord_dist: 0.046188 grad_dist: 0.026509
Info: iter=160 steplen=1.742310 a=82.098495 penalty=[0.00, 0.00, 0.00, 0.00]
Info:    update_chains distance 30.35
Info:    system potential: 5933397.000000 hpwl: 7714.185547
Info: overlap: COMB=98.8%, FF=96.3%, RAM=0.0%, MUL=0.0%
Info: coord_dist: 0.047012 grad_dist: 0.026974
Info: iter=161 steplen=1.742875 a=82.600021 penalty=[0.00, 0.00, 0.00, 0.00]
Info:    update_chains distance 30.80
Info:    system potential: 5891555.000000 hpwl: 7842.596191
Info: overlap: COMB=98.8%, FF=96.3%, RAM=0.0%, MUL=0.0%
Info: coord_dist: 0.047859 grad_dist: 0.027448
Info: iter=162 steplen=1.743618 a=83.101532 penalty=[0.00, 0.00, 0.00, 0.00]
Info:    update_chains distance 31.26
Info:    system potential: 5838790.500000 hpwl: 7977.649414
Info: overlap: COMB=98.8%, FF=96.2%, RAM=0.0%, MUL=0.0%
Info: coord_dist: 0.048721 grad_dist: 0.027931
Info: iter=163 steplen=1.744336 a=83.603035 penalty=[0.00, 0.00, 0.00, 0.00]
Info:    update_chains distance 31.70
Info:    system potential: 5796730.000000 hpwl: 8107.588379
Info: overlap: COMB=98.8%, FF=96.3%, RAM=0.0%, MUL=0.0%
Info: coord_dist: 0.049605 grad_dist: 0.028424
Info: iter=164 steplen=1.745140 a=84.104530 penalty=[0.00, 0.00, 0.00, 0.00]
Info:    update_chains distance 32.14
Info:    system potential: 5759914.000000 hpwl: 8244.602539
Info: overlap: COMB=98.8%, FF=96.1%, RAM=0.0%, MUL=0.0%
Info: coord_dist: 0.050506 grad_dist: 0.028930
Info: iter=165 steplen=1.745823 a=84.606018 penalty=[0.00, 0.00, 0.00, 0.00]
Info:    update_chains distance 32.58
Info:    system potential: 5727264.000000 hpwl: 8376.832031
Info: overlap: COMB=98.7%, FF=96.0%, RAM=0.0%, MUL=0.0%
Info: coord_dist: 0.051435 grad_dist: 0.029444
Info: iter=166 steplen=1.746841 a=85.107498 penalty=[0.00, 0.00, 0.00, 0.00]
Info:    update_chains distance 33.00
Info:    system potential: 5694033.000000 hpwl: 8517.190430
Info: overlap: COMB=98.7%, FF=95.9%, RAM=0.0%, MUL=0.0%
Info: coord_dist: 0.052384 grad_dist: 0.029971
Info: iter=167 steplen=1.747802 a=85.608963 penalty=[0.00, 0.00, 0.00, 0.00]
Info:    update_chains distance 33.43
Info:    system potential: 5656227.000000 hpwl: 8653.161133
Info: overlap: COMB=98.6%, FF=95.9%, RAM=0.0%, MUL=0.0%
Info: coord_dist: 0.053368 grad_dist: 0.030515
Info: iter=168 steplen=1.748915 a=86.110420 penalty=[0.00, 0.00, 0.00, 0.00]
Info:    update_chains distance 33.85
Info:    system potential: 5610102.000000 hpwl: 8798.030273
Info: overlap: COMB=98.7%, FF=96.0%, RAM=0.0%, MUL=0.0%
Info: coord_dist: 0.054376 grad_dist: 0.031075
Info: iter=169 steplen=1.749844 a=86.611870 penalty=[0.00, 0.00, 0.00, 0.00]
Info:    update_chains distance 34.27
Info:    system potential: 5566582.500000 hpwl: 8939.132812
Info: overlap: COMB=98.6%, FF=95.7%, RAM=0.0%, MUL=0.0%
Info: coord_dist: 0.055417 grad_dist: 0.031648
Info: iter=170 steplen=1.751015 a=87.113312 penalty=[0.00, 0.00, 0.00, 0.00]
Info:    update_chains distance 34.67
Info:    system potential: 5528910.500000 hpwl: 9089.878906
Info: overlap: COMB=98.5%, FF=95.7%, RAM=0.0%, MUL=0.0%
Info: coord_dist: 0.056475 grad_dist: 0.032234
Info: iter=171 steplen=1.752036 a=87.614746 penalty=[0.00, 0.00, 0.00, 0.00]
Info:    update_chains distance 35.08
Info:    system potential: 5487287.500000 hpwl: 9238.583008
Info: overlap: COMB=98.6%, FF=95.7%, RAM=0.0%, MUL=0.0%
Info: coord_dist: 0.057571 grad_dist: 0.032833
Info: iter=172 steplen=1.753436 a=88.116173 penalty=[0.00, 0.00, 0.00, 0.00]
Info:    update_chains distance 35.49
Info:    system potential: 5452114.000000 hpwl: 9397.672852
Info: overlap: COMB=98.5%, FF=95.5%, RAM=0.0%, MUL=0.0%
Info: coord_dist: 0.058690 grad_dist: 0.033450
Info: iter=173 steplen=1.754552 a=88.617592 penalty=[0.00, 0.00, 0.00, 0.00]
Info:    update_chains distance 35.90
Info:    system potential: 5417467.000000 hpwl: 9555.486328
Info: overlap: COMB=98.5%, FF=95.4%, RAM=0.0%, MUL=0.0%
Info: coord_dist: 0.059850 grad_dist: 0.034090
Info: iter=174 steplen=1.755666 a=89.119003 penalty=[0.00, 0.00, 0.00, 0.00]
Info:    update_chains distance 36.29
Info:    system potential: 5372263.000000 hpwl: 9722.668945
Info: overlap: COMB=98.5%, FF=95.3%, RAM=0.0%, MUL=0.0%
Info: coord_dist: 0.061029 grad_dist: 0.034747
Info: iter=175 steplen=1.756348 a=89.620407 penalty=[0.00, 0.00, 0.00, 0.00]
Info:    update_chains distance 36.67
Info:    system potential: 5330796.500000 hpwl: 9888.072266
Info: overlap: COMB=98.4%, FF=95.3%, RAM=0.0%, MUL=0.0%
Info: coord_dist: 0.062227 grad_dist: 0.035414
Info: iter=176 steplen=1.757111 a=90.121803 penalty=[0.00, 0.00, 0.00, 0.00]
Info:    update_chains distance 37.05
Info:    system potential: 5294574.500000 hpwl: 10061.114258
Info: overlap: COMB=98.4%, FF=95.1%, RAM=0.0%, MUL=0.0%
Info: coord_dist: 0.063421 grad_dist: 0.036081
Info: iter=177 steplen=1.757726 a=90.623192 penalty=[0.00, 0.00, 0.00, 0.00]
Info:    update_chains distance 37.41
Info:    system potential: 5255217.000000 hpwl: 10233.398438
Info: overlap: COMB=98.4%, FF=95.0%, RAM=0.0%, MUL=0.0%
Info: coord_dist: 0.064624 grad_dist: 0.036747
Info: iter=178 steplen=1.758630 a=91.124573 penalty=[0.00, 0.00, 0.00, 0.00]
Info:    update_chains distance 37.78
Info:    system potential: 5216764.500000 hpwl: 10411.831055
Info: overlap: COMB=98.3%, FF=94.8%, RAM=0.0%, MUL=0.0%
Info: coord_dist: 0.065823 grad_dist: 0.037414
Info: iter=179 steplen=1.759302 a=91.625946 penalty=[0.00, 0.00, 0.00, 0.00]
Info:    update_chains distance 38.16
Info:    system potential: 5174847.000000 hpwl: 10589.868164
Info: overlap: COMB=98.3%, FF=94.8%, RAM=0.0%, MUL=0.0%
Info: coord_dist: 0.067031 grad_dist: 0.038084
Info: iter=180 steplen=1.760081 a=92.127312 penalty=[0.00, 0.00, 0.00, 0.00]
Info:    update_chains distance 38.57
Info:    system potential: 5124769.000000 hpwl: 10772.805664
Info: overlap: COMB=98.4%, FF=94.7%, RAM=0.0%, MUL=0.0%
Info: coord_dist: 0.068225 grad_dist: 0.038751
Info: iter=181 steplen=1.760603 a=92.628670 penalty=[0.00, 0.00, 0.00, 0.00]
Info:    update_chains distance 38.99
Info:    system potential: 5072445.500000 hpwl: 10955.675781
Info: overlap: COMB=98.3%, FF=94.7%, RAM=0.0%, MUL=0.0%
Info: coord_dist: 0.069412 grad_dist: 0.039409
Info: iter=182 steplen=1.761324 a=93.130020 penalty=[0.00, 0.00, 0.00, 0.00]
Info:    update_chains distance 39.45
Info:    system potential: 5026487.000000 hpwl: 11142.213867
Info: overlap: COMB=98.3%, FF=94.5%, RAM=0.0%, MUL=0.0%
Info: coord_dist: 0.070575 grad_dist: 0.040055
Info: iter=183 steplen=1.761982 a=93.631363 penalty=[0.00, 0.00, 0.00, 0.00]
Info:    update_chains distance 39.94
Info:    system potential: 4978157.000000 hpwl: 11328.912109
Info: overlap: COMB=98.3%, FF=94.5%, RAM=0.0%, MUL=0.0%
Info: coord_dist: 0.071738 grad_dist: 0.040692
Info: iter=184 steplen=1.762969 a=94.132698 penalty=[0.00, 0.00, 0.00, 0.00]
Info:    update_chains distance 40.46
Info:    system potential: 4932299.500000 hpwl: 11518.359375
Info: overlap: COMB=98.2%, FF=94.4%, RAM=0.0%, MUL=0.0%
Info: coord_dist: 0.072892 grad_dist: 0.041327
Info: iter=185 steplen=1.763776 a=94.634026 penalty=[0.00, 0.00, 0.00, 0.00]
Info:    update_chains distance 41.01
Info:    system potential: 4892566.000000 hpwl: 11708.231445
Info: overlap: COMB=98.2%, FF=94.4%, RAM=0.0%, MUL=0.0%
Info: coord_dist: 0.074055 grad_dist: 0.041963
Info: iter=186 steplen=1.764766 a=95.135345 penalty=[0.00, 0.00, 0.00, 0.00]
Info:    update_chains distance 41.60
Info:    system potential: 4852654.000000 hpwl: 11900.305664
Info: overlap: COMB=98.2%, FF=94.5%, RAM=0.0%, MUL=0.0%
Info: coord_dist: 0.075215 grad_dist: 0.042597
Info: iter=187 steplen=1.765712 a=95.636665 penalty=[0.00, 0.00, 0.00, 0.00]
Info:    update_chains distance 42.21
Info:    system potential: 4817535.000000 hpwl: 12092.366211
Info: overlap: COMB=98.1%, FF=94.3%, RAM=0.0%, MUL=0.0%
Info: coord_dist: 0.076383 grad_dist: 0.043230
Info: iter=188 steplen=1.766891 a=96.137978 penalty=[0.00, 0.00, 0.00, 0.00]
Info:    update_chains distance 42.87
Info:    system potential: 4783562.500000 hpwl: 12286.185547
Info: overlap: COMB=98.1%, FF=94.2%, RAM=0.0%, MUL=0.0%
Info: coord_dist: 0.077553 grad_dist: 0.043864
Info: iter=189 steplen=1.768039 a=96.639275 penalty=[0.00, 0.00, 0.00, 0.00]
Info:    update_chains distance 43.55
Info:    system potential: 4749353.000000 hpwl: 12479.855469
Info: overlap: COMB=98.1%, FF=94.0%, RAM=0.0%, MUL=0.0%
Info: coord_dist: 0.078742 grad_dist: 0.044503
Info: iter=190 steplen=1.769377 a=97.140572 penalty=[0.00, 0.00, 0.00, 0.00]
Info:    update_chains distance 44.26
Info:    system potential: 4715383.500000 hpwl: 12675.065430
Info: overlap: COMB=98.0%, FF=93.9%, RAM=0.0%, MUL=0.0%
Info: coord_dist: 0.079939 grad_dist: 0.045147
Info: iter=191 steplen=1.770627 a=97.641861 penalty=[0.00, 0.00, 0.00, 0.00]
Info:    update_chains distance 45.00
Info:    system potential: 4679545.500000 hpwl: 12870.277344
Info: overlap: COMB=98.0%, FF=93.8%, RAM=0.0%, MUL=0.0%
Info: coord_dist: 0.081154 grad_dist: 0.045798
Info: iter=192 steplen=1.771991 a=98.143143 penalty=[0.00, 0.00, 0.00, 0.00]
Info:    update_chains distance 45.76
Info:    system potential: 4647268.000000 hpwl: 13066.356445
Info: overlap: COMB=97.9%, FF=93.5%, RAM=0.0%, MUL=0.0%
Info: coord_dist: 0.082375 grad_dist: 0.046454
Info: iter=193 steplen=1.773251 a=98.644417 penalty=[0.00, 0.00, 0.00, 0.00]
Info:    update_chains distance 46.53
Info:    system potential: 4612301.500000 hpwl: 13262.174805
Info: overlap: COMB=97.9%, FF=93.5%, RAM=0.0%, MUL=0.0%
Info: coord_dist: 0.083614 grad_dist: 0.047116
Info: iter=194 steplen=1.774641 a=99.145683 penalty=[0.00, 0.00, 0.00, 0.00]
Info:    update_chains distance 47.34
Info:    system potential: 4580488.500000 hpwl: 13458.455078
Info: overlap: COMB=97.9%, FF=93.4%, RAM=0.0%, MUL=0.0%
Info: coord_dist: 0.084859 grad_dist: 0.047785
Info: iter=195 steplen=1.775870 a=99.646942 penalty=[0.00, 0.00, 0.00, 0.00]
Info:    update_chains distance 48.14
Info:    system potential: 4545085.500000 hpwl: 13655.028320
Info: overlap: COMB=97.8%, FF=93.3%, RAM=0.0%, MUL=0.0%
Info: coord_dist: 0.086123 grad_dist: 0.048462
Info: iter=196 steplen=1.777140 a=100.148193 penalty=[0.00, 0.00, 0.00, 0.00]
Info:    update_chains distance 48.96
Info:    system potential: 4510969.000000 hpwl: 13851.360352
Info: overlap: COMB=97.8%, FF=93.1%, RAM=0.0%, MUL=0.0%
Info: coord_dist: 0.087392 grad_dist: 0.049143
Info: iter=197 steplen=1.778311 a=100.649437 penalty=[0.00, 0.00, 0.00, 0.00]
Info:    update_chains distance 49.79
Info:    system potential: 4474014.000000 hpwl: 14047.770508
Info: overlap: COMB=97.8%, FF=93.1%, RAM=0.0%, MUL=0.0%
Info: coord_dist: 0.088673 grad_dist: 0.049826
Info: iter=198 steplen=1.779654 a=101.150681 penalty=[0.00, 0.00, 0.00, 0.00]
Info:    update_chains distance 50.63
Info:    system potential: 4442674.500000 hpwl: 14243.244141
Info: overlap: COMB=97.8%, FF=93.2%, RAM=0.0%, MUL=0.0%
Info: coord_dist: 0.089956 grad_dist: 0.050513
Info: iter=199 steplen=1.780867 a=101.651917 penalty=[0.00, 0.00, 0.00, 0.00]
Info:    update_chains distance 51.45
Info:    system potential: 4409180.500000 hpwl: 14438.568359
Info: overlap: COMB=97.7%, FF=92.9%, RAM=0.0%, MUL=0.0%
Info: coord_dist: 0.091259 grad_dist: 0.051205
Info: iter=200 steplen=1.782236 a=102.153145 penalty=[0.00, 0.00, 0.00, 0.00]
Info:    update_chains distance 52.29
Info:    system potential: 4376227.000000 hpwl: 14632.612305
Info: overlap: COMB=97.7%, FF=92.9%, RAM=0.0%, MUL=0.0%
Info: coord_dist: 0.092570 grad_dist: 0.051903
Info: iter=201 steplen=1.783529 a=102.654366 penalty=[0.00, 0.00, 0.00, 0.00]
Info:    update_chains distance 53.11
Info:    system potential: 4341388.500000 hpwl: 14826.385742
Info: overlap: COMB=97.7%, FF=92.7%, RAM=0.0%, MUL=0.0%
Info: coord_dist: 0.093900 grad_dist: 0.052610
Info: iter=202 steplen=1.784847 a=103.155586 penalty=[0.00, 0.00, 0.00, 0.00]
Info:    update_chains distance 53.92
Info:    system potential: 4301986.000000 hpwl: 15018.722656
Info: overlap: COMB=97.6%, FF=92.5%, RAM=0.0%, MUL=0.0%
Info: coord_dist: 0.095240 grad_dist: 0.053321
Info: iter=203 steplen=1.786157 a=103.656799 penalty=[0.00, 0.00, 0.00, 0.00]
Info:    update_chains distance 54.73
Info:    system potential: 4263971.500000 hpwl: 15212.285156
Info: overlap: COMB=97.6%, FF=92.4%, RAM=0.0%, MUL=0.0%
Info: coord_dist: 0.096586 grad_dist: 0.054037
Info: iter=204 steplen=1.787426 a=104.158005 penalty=[0.00, 0.00, 0.00, 0.00]
Info:    update_chains distance 55.55
Info:    system potential: 4224621.000000 hpwl: 15404.966797
Info: overlap: COMB=97.6%, FF=92.2%, RAM=0.0%, MUL=0.0%
Info: coord_dist: 0.097932 grad_dist: 0.054751
Info: iter=205 steplen=1.788669 a=104.659203 penalty=[0.00, 0.00, 0.00, 0.00]
Info:    update_chains distance 56.35
Info:    system potential: 4191258.000000 hpwl: 15599.207031
Info: overlap: COMB=97.6%, FF=92.1%, RAM=0.0%, MUL=0.0%
Info: coord_dist: 0.099280 grad_dist: 0.055460
Info: iter=206 steplen=1.790098 a=105.160400 penalty=[0.00, 0.00, 0.00, 0.00]
Info:    update_chains distance 57.16
Info:    system potential: 4161082.000000 hpwl: 15793.301758
Info: overlap: COMB=97.5%, FF=92.0%, RAM=0.0%, MUL=0.0%
Info: coord_dist: 0.100630 grad_dist: 0.056167
Info: iter=207 steplen=1.791609 a=105.661591 penalty=[0.00, 0.00, 0.00, 0.00]
Info:    update_chains distance 57.95
Info:    system potential: 4130626.250000 hpwl: 15989.558594
Info: overlap: COMB=97.4%, FF=91.8%, RAM=0.0%, MUL=0.0%
Info: coord_dist: 0.101993 grad_dist: 0.056880
Info: iter=208 steplen=1.793143 a=106.162773 penalty=[0.00, 0.00, 0.00, 0.00]
Info:    update_chains distance 58.75
Info:    system potential: 4095690.750000 hpwl: 16186.119141
Info: overlap: COMB=97.4%, FF=91.8%, RAM=0.0%, MUL=0.0%
Info: coord_dist: 0.103365 grad_dist: 0.057598
Info: iter=209 steplen=1.794572 a=106.663948 penalty=[0.00, 0.00, 0.00, 0.00]
Info:    update_chains distance 59.53
Info:    system potential: 4064890.750000 hpwl: 16385.292969
Info: overlap: COMB=97.4%, FF=92.0%, RAM=0.0%, MUL=0.0%
Info: coord_dist: 0.104738 grad_dist: 0.058316
Info: iter=210 steplen=1.796050 a=107.165123 penalty=[0.00, 0.00, 0.00, 0.00]
Info:    update_chains distance 60.32
Info:    system potential: 4028955.000000 hpwl: 16584.988281
Info: overlap: COMB=97.3%, FF=91.9%, RAM=0.0%, MUL=0.0%
Info: coord_dist: 0.106103 grad_dist: 0.059026
Info: iter=211 steplen=1.797568 a=107.666290 penalty=[0.00, 0.00, 0.00, 0.00]
Info:    update_chains distance 61.09
Info:    system potential: 3989928.000000 hpwl: 16788.468750
Info: overlap: COMB=97.3%, FF=91.7%, RAM=0.0%, MUL=0.0%
Info: coord_dist: 0.107463 grad_dist: 0.059731
Info: iter=212 steplen=1.799129 a=108.167450 penalty=[0.00, 0.00, 0.00, 0.00]
Info:    update_chains distance 61.87
Info:    system potential: 3953746.500000 hpwl: 16992.027344
Info: overlap: COMB=97.2%, FF=91.7%, RAM=0.0%, MUL=0.0%
Info: coord_dist: 0.108816 grad_dist: 0.060432
Info: iter=213 steplen=1.800616 a=108.668602 penalty=[0.00, 0.00, 0.00, 0.00]
Info:    update_chains distance 62.64
Info:    system potential: 3918786.750000 hpwl: 17199.271484
Info: overlap: COMB=97.1%, FF=91.4%, RAM=0.0%, MUL=0.0%
Info: coord_dist: 0.110162 grad_dist: 0.061128
Info: iter=214 steplen=1.802154 a=109.169754 penalty=[0.00, 0.00, 0.00, 0.00]
Info:    update_chains distance 63.44
Info:    system potential: 3884546.500000 hpwl: 17406.363281
Info: overlap: COMB=97.0%, FF=91.0%, RAM=0.0%, MUL=0.0%
Info: coord_dist: 0.111493 grad_dist: 0.061815
Info: iter=215 steplen=1.803648 a=109.670898 penalty=[0.01, 0.01, 0.01, 0.01]
Info:    update_chains distance 64.22
Info:    system potential: 3852372.000000 hpwl: 17617.705078
Info: overlap: COMB=96.9%, FF=90.6%, RAM=0.0%, MUL=0.0%
Info: coord_dist: 0.112814 grad_dist: 0.062495
Info: iter=216 steplen=1.805166 a=110.172035 penalty=[0.01, 0.01, 0.01, 0.01]
Info:    update_chains distance 65.03
Info:    system potential: 3820459.750000 hpwl: 17828.677734
Info: overlap: COMB=96.9%, FF=90.6%, RAM=0.0%, MUL=0.0%
Info: coord_dist: 0.114119 grad_dist: 0.063168
Info: iter=217 steplen=1.806606 a=110.673164 penalty=[0.01, 0.01, 0.01, 0.01]
Info:    update_chains distance 65.84
Info:    system potential: 3788681.500000 hpwl: 18043.574219
Info: overlap: COMB=96.9%, FF=90.7%, RAM=0.0%, MUL=0.0%
Info: coord_dist: 0.115413 grad_dist: 0.063833
Info: iter=218 steplen=1.808050 a=111.174294 penalty=[0.01, 0.01, 0.01, 0.01]
Info:    update_chains distance 66.68
Info:    system potential: 3757345.500000 hpwl: 18258.994141
Info: overlap: COMB=96.9%, FF=90.6%, RAM=0.0%, MUL=0.0%
Info: coord_dist: 0.116685 grad_dist: 0.064490
Info: iter=219 steplen=1.809337 a=111.675415 penalty=[0.01, 0.01, 0.01, 0.01]
Info:    update_chains distance 67.51
Info:    system potential: 3725131.500000 hpwl: 18477.525391
Info: overlap: COMB=96.9%, FF=90.4%, RAM=0.0%, MUL=0.0%
Info: coord_dist: 0.117941 grad_dist: 0.065139
Info: iter=220 steplen=1.810611 a=112.176537 penalty=[0.01, 0.01, 0.01, 0.01]
Info:    update_chains distance 68.38
Info:    system potential: 3693135.500000 hpwl: 18697.146484
Info: overlap: COMB=96.9%, FF=90.4%, RAM=0.0%, MUL=0.0%
Info: coord_dist: 0.119168 grad_dist: 0.065776
Info: iter=221 steplen=1.811729 a=112.677650 penalty=[0.01, 0.01, 0.01, 0.01]
Info:    update_chains distance 69.24
Info:    system potential: 3656854.750000 hpwl: 18918.423828
Info: overlap: COMB=96.7%, FF=90.1%, RAM=0.0%, MUL=0.0%
Info: coord_dist: 0.120374 grad_dist: 0.066400
Info: iter=222 steplen=1.812859 a=113.178757 penalty=[0.01, 0.01, 0.01, 0.01]
Info:    update_chains distance 70.14
Info:    system potential: 3628093.250000 hpwl: 19142.156250
Info: overlap: COMB=96.6%, FF=90.0%, RAM=0.0%, MUL=0.0%
Info: coord_dist: 0.121543 grad_dist: 0.067009
Info: iter=223 steplen=1.813817 a=113.679863 penalty=[0.01, 0.01, 0.01, 0.01]
Info:    update_chains distance 71.05
Info:    system potential: 3594067.250000 hpwl: 19366.810547
Info: overlap: COMB=96.6%, FF=90.1%, RAM=0.0%, MUL=0.0%
Info: coord_dist: 0.122686 grad_dist: 0.067601
Info: iter=224 steplen=1.814853 a=114.180962 penalty=[0.01, 0.01, 0.01, 0.01]
Info:    update_chains distance 72.01
Info:    system potential: 3559474.750000 hpwl: 19594.535156
Info: overlap: COMB=96.6%, FF=90.1%, RAM=0.0%, MUL=0.0%
Info: coord_dist: 0.123788 grad_dist: 0.068174
Info: iter=225 steplen=1.815769 a=114.682053 penalty=[0.01, 0.01, 0.01, 0.01]
Info:    update_chains distance 72.98
Info:    system potential: 3528440.500000 hpwl: 19822.343750
Info: overlap: COMB=96.5%, FF=89.9%, RAM=0.0%, MUL=0.0%
Info: coord_dist: 0.124856 grad_dist: 0.068728
Info: iter=226 steplen=1.816655 a=115.183144 penalty=[0.01, 0.01, 0.01, 0.01]
Info:    update_chains distance 74.01
Info:    system potential: 3492570.250000 hpwl: 20053.828125
Info: overlap: COMB=96.4%, FF=89.4%, RAM=0.0%, MUL=0.0%
Info: coord_dist: 0.125878 grad_dist: 0.069258
Info: iter=227 steplen=1.817527 a=115.684227 penalty=[0.01, 0.01, 0.01, 0.01]
Info:    update_chains distance 75.03
Info:    system potential: 3461786.750000 hpwl: 20284.755859
Info: overlap: COMB=96.3%, FF=89.2%, RAM=0.0%, MUL=0.0%
Info: coord_dist: 0.126857 grad_dist: 0.069762
Info: iter=228 steplen=1.818442 a=116.185310 penalty=[0.01, 0.01, 0.01, 0.01]
Info:    update_chains distance 76.11
Info:    system potential: 3429086.250000 hpwl: 20519.091797
Info: overlap: COMB=96.3%, FF=89.0%, RAM=0.0%, MUL=0.0%
Info: coord_dist: 0.127790 grad_dist: 0.070241
Info: iter=229 steplen=1.819309 a=116.686386 penalty=[0.01, 0.01, 0.01, 0.01]
Info:    update_chains distance 77.16
Info:    system potential: 3398440.000000 hpwl: 20752.310547
Info: overlap: COMB=96.4%, FF=88.9%, RAM=0.0%, MUL=0.0%
Info: coord_dist: 0.128683 grad_dist: 0.070695
Info: iter=230 steplen=1.820247 a=117.187462 penalty=[0.01, 0.01, 0.01, 0.01]
Info:    update_chains distance 78.28
Info:    system potential: 3364164.500000 hpwl: 20988.890625
Info: overlap: COMB=96.3%, FF=88.9%, RAM=0.0%, MUL=0.0%
Info: coord_dist: 0.129525 grad_dist: 0.071124
Info: iter=231 steplen=1.821115 a=117.688530 penalty=[0.01, 0.01, 0.01, 0.01]
Info:    update_chains distance 79.38
Info:    system potential: 3334479.250000 hpwl: 21224.595703
Info: overlap: COMB=96.3%, FF=88.6%, RAM=0.0%, MUL=0.0%
Info: coord_dist: 0.130321 grad_dist: 0.071526
Info: iter=232 steplen=1.822006 a=118.189590 penalty=[0.01, 0.01, 0.01, 0.01]
Info:    update_chains distance 80.53
Info:    system potential: 3301195.250000 hpwl: 21463.806641
Info: overlap: COMB=96.2%, FF=88.4%, RAM=0.0%, MUL=0.0%
Info: coord_dist: 0.131060 grad_dist: 0.071899
Info: iter=233 steplen=1.822828 a=118.690651 penalty=[0.01, 0.01, 0.01, 0.01]
Info:    update_chains distance 81.66
Info:    system potential: 3268614.750000 hpwl: 21702.332031
Info: overlap: COMB=96.1%, FF=87.9%, RAM=0.0%, MUL=0.0%
Info: coord_dist: 0.131747 grad_dist: 0.072243
Info: iter=234 steplen=1.823666 a=119.191704 penalty=[0.01, 0.01, 0.01, 0.01]
Info:    update_chains distance 82.85
Info:    system potential: 3246746.250000 hpwl: 21944.130859
Info: overlap: COMB=95.9%, FF=87.8%, RAM=0.0%, MUL=0.0%
Info: coord_dist: 0.132371 grad_dist: 0.072557
Info: iter=235 steplen=1.824372 a=119.692749 penalty=[0.01, 0.01, 0.01, 0.01]
Info:    update_chains distance 84.01
Info:    system potential: 3216556.250000 hpwl: 22185.050781
Info: overlap: COMB=95.9%, FF=87.8%, RAM=0.0%, MUL=0.0%
Info: coord_dist: 0.132947 grad_dist: 0.072840
Info: iter=236 steplen=1.825202 a=120.193794 penalty=[0.01, 0.01, 0.01, 0.01]
Info:    update_chains distance 85.23
Info:    system potential: 3185128.500000 hpwl: 22430.900391
Info: overlap: COMB=95.7%, FF=87.7%, RAM=0.0%, MUL=0.0%
Info: coord_dist: 0.133457 grad_dist: 0.073096
Info: iter=237 steplen=1.825780 a=120.694832 penalty=[0.01, 0.01, 0.01, 0.01]
Info:    update_chains distance 86.40
Info:    system potential: 3153969.250000 hpwl: 22675.060547
Info: overlap: COMB=95.6%, FF=87.6%, RAM=0.0%, MUL=0.0%
Info: coord_dist: 0.133913 grad_dist: 0.073325
Info: iter=238 steplen=1.826284 a=121.195869 penalty=[0.01, 0.01, 0.01, 0.01]
Info:    update_chains distance 87.63
Info:    system potential: 3115736.750000 hpwl: 22925.292969
Info: overlap: COMB=95.6%, FF=87.3%, RAM=0.0%, MUL=0.0%
Info: coord_dist: 0.134288 grad_dist: 0.073516
Info: iter=239 steplen=1.826633 a=121.696899 penalty=[0.01, 0.01, 0.01, 0.01]
Info:    update_chains distance 88.81
Info:    system potential: 3086980.000000 hpwl: 23173.066406
Info: overlap: COMB=95.6%, FF=87.1%, RAM=0.0%, MUL=0.0%
Info: coord_dist: 0.134584 grad_dist: 0.073667
Info: iter=240 steplen=1.826935 a=122.197929 penalty=[0.01, 0.01, 0.01, 0.01]
Info:    update_chains distance 90.06
Info:    system potential: 3058013.750000 hpwl: 23427.605469
Info: overlap: COMB=95.5%, FF=86.9%, RAM=0.0%, MUL=0.0%
Info: coord_dist: 0.134796 grad_dist: 0.073777
Info: iter=241 steplen=1.827082 a=122.698952 penalty=[0.01, 0.01, 0.01, 0.01]
Info:    update_chains distance 91.27
Info:    system potential: 3030148.750000 hpwl: 23679.279297
Info: overlap: COMB=95.6%, FF=86.4%, RAM=0.0%, MUL=0.0%
Info: coord_dist: 0.134935 grad_dist: 0.073847
Info: iter=242 steplen=1.827222 a=123.199974 penalty=[0.01, 0.01, 0.01, 0.01]
Info:    update_chains distance 92.54
Info:    system potential: 3009162.250000 hpwl: 23939.556641
Info: overlap: COMB=95.5%, FF=85.7%, RAM=0.0%, MUL=0.0%
Info: coord_dist: 0.134989 grad_dist: 0.073879
Info: iter=243 steplen=1.827168 a=123.700989 penalty=[0.01, 0.01, 0.01, 0.01]
Info:    update_chains distance 93.77
Info:    system potential: 2981113.750000 hpwl: 24195.367188
Info: overlap: COMB=95.4%, FF=85.8%, RAM=0.0%, MUL=0.0%
Info: coord_dist: 0.134974 grad_dist: 0.073870
Info: iter=244 steplen=1.827181 a=124.201996 penalty=[0.01, 0.01, 0.01, 0.01]
Info:    update_chains distance 95.08
Info:    system potential: 2953028.500000 hpwl: 24461.812500
Info: overlap: COMB=95.3%, FF=85.7%, RAM=0.0%, MUL=0.0%
Info: coord_dist: 0.134868 grad_dist: 0.073822
Info: iter=245 steplen=1.826923 a=124.703003 penalty=[0.01, 0.01, 0.01, 0.01]
Info:    update_chains distance 96.35
Info:    system potential: 2927574.000000 hpwl: 24721.267578
Info: overlap: COMB=95.0%, FF=85.2%, RAM=0.0%, MUL=0.0%
Info: coord_dist: 0.134684 grad_dist: 0.073733
Info: iter=246 steplen=1.826634 a=125.204002 penalty=[0.01, 0.01, 0.01, 0.01]
Info:    update_chains distance 97.71
Info:    system potential: 2899663.000000 hpwl: 24993.507812
Info: overlap: COMB=95.0%, FF=85.1%, RAM=0.0%, MUL=0.0%
Info: coord_dist: 0.134399 grad_dist: 0.073593
Info: iter=247 steplen=1.826247 a=125.705002 penalty=[0.01, 0.01, 0.01, 0.01]
Info:    update_chains distance 99.04
Info:    system potential: 2867884.750000 hpwl: 25257.064453
Info: overlap: COMB=94.9%, FF=85.0%, RAM=0.0%, MUL=0.0%
Info: coord_dist: 0.134023 grad_dist: 0.073402
Info: iter=248 steplen=1.825880 a=126.205994 penalty=[0.01, 0.01, 0.01, 0.01]
Info:    update_chains distance 100.47
Info:    system potential: 2839718.250000 hpwl: 25536.142578
Info: overlap: COMB=94.9%, FF=85.1%, RAM=0.0%, MUL=0.0%
Info: coord_dist: 0.133545 grad_dist: 0.073163
Info: iter=249 steplen=1.825295 a=126.706985 penalty=[0.01, 0.01, 0.01, 0.01]
Info:    update_chains distance 101.87
Info:    system potential: 2813498.250000 hpwl: 25805.027344
Info: overlap: COMB=94.9%, FF=85.3%, RAM=0.0%, MUL=0.0%
Info: coord_dist: 0.132975 grad_dist: 0.072874
Info: iter=250 steplen=1.824735 a=127.207970 penalty=[0.01, 0.01, 0.01, 0.01]
Info:    update_chains distance 103.38
Info:    system potential: 2787680.250000 hpwl: 26091.232422
Info: overlap: COMB=94.9%, FF=85.2%, RAM=0.0%, MUL=0.0%
Info: coord_dist: 0.132298 grad_dist: 0.072530
Info: iter=251 steplen=1.824056 a=127.708954 penalty=[0.01, 0.01, 0.01, 0.01]
Info:    update_chains distance 104.85
Info:    system potential: 2757824.250000 hpwl: 26365.931641
Info: overlap: COMB=94.8%, FF=85.1%, RAM=0.0%, MUL=0.0%
Info: coord_dist: 0.131533 grad_dist: 0.072135
Info: iter=252 steplen=1.823427 a=128.209930 penalty=[0.01, 0.01, 0.01, 0.01]
Info:    update_chains distance 106.40
Info:    system potential: 2725088.500000 hpwl: 26660.105469
Info: overlap: COMB=94.6%, FF=84.7%, RAM=0.0%, MUL=0.0%
Info: coord_dist: 0.130661 grad_dist: 0.071695
Info: iter=253 steplen=1.822443 a=128.710907 penalty=[0.01, 0.01, 0.01, 0.01]
Info:    update_chains distance 107.88
Info:    system potential: 2697391.500000 hpwl: 26940.792969
Info: overlap: COMB=94.4%, FF=84.1%, RAM=0.0%, MUL=0.0%
Info: coord_dist: 0.129690 grad_dist: 0.071206
Info: iter=254 steplen=1.821338 a=129.211884 penalty=[0.01, 0.01, 0.01, 0.01]
Info:    update_chains distance 109.44
Info:    system potential: 2675123.500000 hpwl: 27242.322266
Info: overlap: COMB=94.4%, FF=83.6%, RAM=0.0%, MUL=0.0%
Info: coord_dist: 0.128599 grad_dist: 0.070654
Info: iter=255 steplen=1.820114 a=129.712845 penalty=[0.01, 0.01, 0.01, 0.01]
Info:    update_chains distance 110.93
Info:    system potential: 2653252.500000 hpwl: 27530.800781
Info: overlap: COMB=94.3%, FF=82.9%, RAM=0.0%, MUL=0.0%
Info: coord_dist: 0.127415 grad_dist: 0.070046
Info: iter=256 steplen=1.819010 a=130.213806 penalty=[0.01, 0.01, 0.01, 0.01]
Info:    update_chains distance 112.50
Info:    system potential: 2625045.250000 hpwl: 27842.980469
Info: overlap: COMB=94.2%, FF=83.1%, RAM=0.0%, MUL=0.0%
Info: coord_dist: 0.126139 grad_dist: 0.069400
Info: iter=257 steplen=1.817559 a=130.714767 penalty=[0.01, 0.01, 0.01, 0.01]
Info:    update_chains distance 114.02
Info:    system potential: 2598766.250000 hpwl: 28140.531250
Info: overlap: COMB=94.2%, FF=83.1%, RAM=0.0%, MUL=0.0%
Info: coord_dist: 0.124786 grad_dist: 0.068720
Info: iter=258 steplen=1.815862 a=131.215714 penalty=[0.01, 0.01, 0.01, 0.01]
Info:    update_chains distance 115.62
Info:    system potential: 2568909.250000 hpwl: 28463.080078
Info: overlap: COMB=94.0%, FF=82.8%, RAM=0.0%, MUL=0.0%
Info: coord_dist: 0.123325 grad_dist: 0.067986
Info: iter=259 steplen=1.813973 a=131.716660 penalty=[0.01, 0.01, 0.01, 0.01]
Info:    update_chains distance 117.19
Info:    system potential: 2537531.000000 hpwl: 28769.453125
Info: overlap: COMB=94.0%, FF=82.8%, RAM=0.0%, MUL=0.0%
Info: coord_dist: 0.121755 grad_dist: 0.067190
Info: iter=260 steplen=1.812117 a=132.217606 penalty=[0.02, 0.02, 0.02, 0.02]
Info:    update_chains distance 118.86
Info:    system potential: 2512710.500000 hpwl: 29102.195312
Info: overlap: COMB=93.7%, FF=82.0%, RAM=0.0%, MUL=0.0%
Info: coord_dist: 0.120073 grad_dist: 0.066335
Info: iter=261 steplen=1.810103 a=132.718552 penalty=[0.02, 0.02, 0.02, 0.02]
Info:    update_chains distance 120.50
Info:    system potential: 2492911.000000 hpwl: 29416.316406
Info: overlap: COMB=93.6%, FF=81.6%, RAM=0.0%, MUL=0.0%
Info: coord_dist: 0.118310 grad_dist: 0.065429
Info: iter=262 steplen=1.808219 a=133.219498 penalty=[0.02, 0.02, 0.02, 0.02]
Info:    update_chains distance 122.25
Info:    system potential: 2468728.250000 hpwl: 29756.978516
Info: overlap: COMB=93.4%, FF=81.0%, RAM=0.0%, MUL=0.0%
Info: coord_dist: 0.116471 grad_dist: 0.064478
Info: iter=263 steplen=1.806364 a=133.720428 penalty=[0.02, 0.02, 0.02, 0.02]
Info:    update_chains distance 123.97
Info:    system potential: 2441460.500000 hpwl: 30078.949219
Info: overlap: COMB=93.3%, FF=80.9%, RAM=0.0%, MUL=0.0%
Info: coord_dist: 0.114568 grad_dist: 0.063494
Info: iter=264 steplen=1.804383 a=134.221359 penalty=[0.02, 0.02, 0.02, 0.02]
Info:    update_chains distance 125.78
Info:    system potential: 2413471.000000 hpwl: 30426.777344
Info: overlap: COMB=93.3%, FF=80.8%, RAM=0.0%, MUL=0.0%
Info: coord_dist: 0.112601 grad_dist: 0.062476
Info: iter=265 steplen=1.802306 a=134.722290 penalty=[0.02, 0.02, 0.02, 0.02]
Info:    update_chains distance 127.53
Info:    system potential: 2386902.000000 hpwl: 30756.544922
Info: overlap: COMB=93.3%, FF=80.8%, RAM=0.0%, MUL=0.0%
Info: coord_dist: 0.110568 grad_dist: 0.061418
Info: iter=266 steplen=1.800251 a=135.223221 penalty=[0.02, 0.02, 0.02, 0.02]
Info:    update_chains distance 129.36
Info:    system potential: 2361020.500000 hpwl: 31109.386719
Info: overlap: COMB=93.1%, FF=80.1%, RAM=0.0%, MUL=0.0%
Info: coord_dist: 0.108474 grad_dist: 0.060322
Info: iter=267 steplen=1.798242 a=135.724152 penalty=[0.02, 0.02, 0.02, 0.02]
Info:    update_chains distance 131.13
Info:    system potential: 2336535.500000 hpwl: 31447.740234
Info: overlap: COMB=93.1%, FF=80.2%, RAM=0.0%, MUL=0.0%
Info: coord_dist: 0.106344 grad_dist: 0.059201
Info: iter=268 steplen=1.796335 a=136.225067 penalty=[0.02, 0.02, 0.02, 0.02]
Info:    update_chains distance 132.96
Info:    system potential: 2313116.000000 hpwl: 31806.652344
Info: overlap: COMB=92.8%, FF=79.5%, RAM=0.0%, MUL=0.0%
Info: coord_dist: 0.104199 grad_dist: 0.058068
Info: iter=269 steplen=1.794423 a=136.725983 penalty=[0.02, 0.02, 0.02, 0.02]
Info:    update_chains distance 134.74
Info:    system potential: 2288399.250000 hpwl: 32153.570312
Info: overlap: COMB=92.6%, FF=79.8%, RAM=0.0%, MUL=0.0%
Info: coord_dist: 0.102067 grad_dist: 0.056935
Info: iter=270 steplen=1.792675 a=137.226898 penalty=[0.02, 0.02, 0.02, 0.02]
Info:    update_chains distance 136.59
Info:    system potential: 2262210.000000 hpwl: 32519.486328
Info: overlap: COMB=92.5%, FF=79.4%, RAM=0.0%, MUL=0.0%
Info: coord_dist: 0.099951 grad_dist: 0.055810
Info: iter=271 steplen=1.790908 a=137.727798 penalty=[0.02, 0.02, 0.02, 0.02]
Info:    update_chains distance 138.41
Info:    system potential: 2236369.500000 hpwl: 32875.203125
Info: overlap: COMB=92.3%, FF=79.1%, RAM=0.0%, MUL=0.0%
Info: coord_dist: 0.097881 grad_dist: 0.054700
Info: iter=272 steplen=1.789409 a=138.228714 penalty=[0.02, 0.02, 0.02, 0.02]
Info:    update_chains distance 140.30
Info:    system potential: 2210155.500000 hpwl: 33248.867188
Info: overlap: COMB=92.1%, FF=78.7%, RAM=0.0%, MUL=0.0%
Info: coord_dist: 0.095867 grad_dist: 0.053612
Info: iter=273 steplen=1.788166 a=138.729614 penalty=[0.02, 0.02, 0.02, 0.02]
Info:    update_chains distance 142.17
Info:    system potential: 2184050.750000 hpwl: 33613.546875
Info: overlap: COMB=92.1%, FF=78.6%, RAM=0.0%, MUL=0.0%
Info: coord_dist: 0.093942 grad_dist: 0.052559
Info: iter=274 steplen=1.787376 a=139.230515 penalty=[0.02, 0.02, 0.02, 0.02]
Info:    update_chains distance 144.08
Info:    system potential: 2157209.500000 hpwl: 33995.226562
Info: overlap: COMB=92.1%, FF=78.4%, RAM=0.0%, MUL=0.0%
Info: coord_dist: 0.092127 grad_dist: 0.051558
Info: iter=275 steplen=1.786858 a=139.731415 penalty=[0.02, 0.02, 0.02, 0.02]
Info:    update_chains distance 145.94
Info:    system potential: 2134231.500000 hpwl: 34369.488281
Info: overlap: COMB=91.8%, FF=77.3%, RAM=0.0%, MUL=0.0%
Info: coord_dist: 0.090470 grad_dist: 0.050626
Info: iter=276 steplen=1.787026 a=140.232315 penalty=[0.02, 0.02, 0.02, 0.02]
Info:    update_chains distance 147.87
Info:    system potential: 2104992.750000 hpwl: 34760.445312
Info: overlap: COMB=91.6%, FF=77.3%, RAM=0.0%, MUL=0.0%
Info: coord_dist: 0.088998 grad_dist: 0.049784
Info: iter=277 steplen=1.787693 a=140.733200 penalty=[0.02, 0.02, 0.02, 0.02]
Info:    update_chains distance 149.74
Info:    system potential: 2079202.000000 hpwl: 35146.277344
Info: overlap: COMB=91.4%, FF=76.4%, RAM=0.0%, MUL=0.0%
Info: coord_dist: 0.087762 grad_dist: 0.049059
Info: iter=278 steplen=1.788913 a=141.234085 penalty=[0.02, 0.02, 0.02, 0.02]
Info:    update_chains distance 151.65
Info:    system potential: 2053050.250000 hpwl: 35546.171875
Info: overlap: COMB=91.2%, FF=76.2%, RAM=0.0%, MUL=0.0%
Info: coord_dist: 0.086790 grad_dist: 0.048471
Info: iter=279 steplen=1.790570 a=141.734970 penalty=[0.02, 0.02, 0.02, 0.02]
Info:    update_chains distance 153.52
Info:    system potential: 2022814.000000 hpwl: 35944.484375
Info: overlap: COMB=91.3%, FF=76.0%, RAM=0.0%, MUL=0.0%
Info: coord_dist: 0.086110 grad_dist: 0.048031
Info: iter=280 steplen=1.792801 a=142.235855 penalty=[0.02, 0.02, 0.02, 0.02]
Info:    update_chains distance 155.47
Info:    system potential: 1995800.125000 hpwl: 36355.667969
Info: overlap: COMB=91.1%, FF=76.3%, RAM=0.0%, MUL=0.0%
Info: coord_dist: 0.085749 grad_dist: 0.047751
Info: iter=281 steplen=1.795767 a=142.736740 penalty=[0.03, 0.03, 0.03, 0.03]
Info:    update_chains distance 157.42
Info:    system potential: 1969756.375000 hpwl: 36766.609375
Info: overlap: COMB=90.8%, FF=75.7%, RAM=0.0%, MUL=0.0%
Info: coord_dist: 0.085747 grad_dist: 0.047650
Info: iter=282 steplen=1.799525 a=143.237610 penalty=[0.03, 0.03, 0.03, 0.03]
Info:    update_chains distance 159.47
Info:    system potential: 1945184.125000 hpwl: 37191.394531
Info: overlap: COMB=90.7%, FF=75.1%, RAM=0.0%, MUL=0.0%
Info: coord_dist: 0.086138 grad_dist: 0.047751
Info: iter=283 steplen=1.803885 a=143.738480 penalty=[0.03, 0.03, 0.03, 0.03]
Info:    update_chains distance 161.48
Info:    system potential: 1918799.375000 hpwl: 37616.925781
Info: overlap: COMB=90.5%, FF=74.5%, RAM=0.0%, MUL=0.0%
Info: coord_dist: 0.086946 grad_dist: 0.048072
Info: iter=284 steplen=1.808656 a=144.239349 penalty=[0.03, 0.03, 0.03, 0.03]
Info:    update_chains distance 163.55
Info:    system potential: 1892061.625000 hpwl: 38054.613281
Info: overlap: COMB=90.4%, FF=74.3%, RAM=0.0%, MUL=0.0%
Info: coord_dist: 0.088169 grad_dist: 0.048615
Info: iter=285 steplen=1.813634 a=144.740219 penalty=[0.03, 0.03, 0.03, 0.03]
Info:    update_chains distance 165.59
Info:    system potential: 1868252.250000 hpwl: 38493.636719
Info: overlap: COMB=90.1%, FF=74.2%, RAM=0.0%, MUL=0.0%
Info: coord_dist: 0.089799 grad_dist: 0.049368
Info: iter=286 steplen=1.818966 a=145.241074 penalty=[0.03, 0.03, 0.03, 0.03]
Info:    update_chains distance 167.69
Info:    system potential: 1843982.000000 hpwl: 38945.535156
Info: overlap: COMB=89.8%, FF=73.1%, RAM=0.0%, MUL=0.0%
Info: coord_dist: 0.091814 grad_dist: 0.050321
Info: iter=287 steplen=1.824549 a=145.741928 penalty=[0.03, 0.03, 0.03, 0.03]
Info:    update_chains distance 169.75
Info:    system potential: 1817313.375000 hpwl: 39398.785156
Info: overlap: COMB=89.7%, FF=72.5%, RAM=0.0%, MUL=0.0%
Info: coord_dist: 0.094205 grad_dist: 0.051469
Info: iter=288 steplen=1.830331 a=146.242783 penalty=[0.03, 0.03, 0.03, 0.03]
Info:    update_chains distance 171.88
Info:    system potential: 1791054.000000 hpwl: 39866.933594
Info: overlap: COMB=89.6%, FF=72.4%, RAM=0.0%, MUL=0.0%
Info: coord_dist: 0.096932 grad_dist: 0.052800
Info: iter=289 steplen=1.835839 a=146.743637 penalty=[0.03, 0.03, 0.03, 0.03]
Info:    update_chains distance 173.97
Info:    system potential: 1762001.750000 hpwl: 40333.933594
Info: overlap: COMB=89.5%, FF=72.8%, RAM=0.0%, MUL=0.0%
Info: coord_dist: 0.099969 grad_dist: 0.054286
Info: iter=290 steplen=1.841536 a=147.244492 penalty=[0.03, 0.03, 0.03, 0.03]
Info:    update_chains distance 176.15
Info:    system potential: 1738440.625000 hpwl: 40817.558594
Info: overlap: COMB=89.5%, FF=73.2%, RAM=0.0%, MUL=0.0%
Info: coord_dist: 0.103266 grad_dist: 0.055895
Info: iter=291 steplen=1.847484 a=147.745331 penalty=[0.03, 0.03, 0.03, 0.03]
Info:    update_chains distance 178.32
Info:    system potential: 1714568.125000 hpwl: 41298.214844
Info: overlap: COMB=89.3%, FF=73.1%, RAM=0.0%, MUL=0.0%
Info: coord_dist: 0.106795 grad_dist: 0.057626
Info: iter=292 steplen=1.853223 a=148.246185 penalty=[0.03, 0.03, 0.03, 0.03]
Info:    update_chains distance 180.60
Info:    system potential: 1688180.875000 hpwl: 41799.242188
Info: overlap: COMB=88.9%, FF=72.3%, RAM=0.0%, MUL=0.0%
Info: coord_dist: 0.110524 grad_dist: 0.059464
Info: iter=293 steplen=1.858669 a=148.747025 penalty=[0.03, 0.03, 0.03, 0.03]
Info:    update_chains distance 182.81
Info:    system potential: 1661179.250000 hpwl: 42293.519531
Info: overlap: COMB=88.6%, FF=71.5%, RAM=0.0%, MUL=0.0%
Info: coord_dist: 0.114387 grad_dist: 0.061367
Info: iter=294 steplen=1.863985 a=149.247864 penalty=[0.04, 0.04, 0.04, 0.04]
Info:    update_chains distance 185.10
Info:    system potential: 1631940.375000 hpwl: 42811.039062
Info: overlap: COMB=88.3%, FF=71.2%, RAM=0.0%, MUL=0.0%
Info: coord_dist: 0.118327 grad_dist: 0.063305
Info: iter=295 steplen=1.869168 a=149.748703 penalty=[0.04, 0.04, 0.04, 0.04]
Info:    update_chains distance 187.30
Info:    system potential: 1603837.375000 hpwl: 43318.074219
Info: overlap: COMB=88.1%, FF=70.4%, RAM=0.0%, MUL=0.0%
Info: coord_dist: 0.122296 grad_dist: 0.065255
Info: iter=296 steplen=1.874123 a=150.249542 penalty=[0.04, 0.04, 0.04, 0.04]
Info:    update_chains distance 189.59
Info:    system potential: 1573837.000000 hpwl: 43851.621094
Info: overlap: COMB=87.8%, FF=69.4%, RAM=0.0%, MUL=0.0%
Info: coord_dist: 0.126255 grad_dist: 0.067197
Info: iter=297 steplen=1.878870 a=150.750381 penalty=[0.04, 0.04, 0.04, 0.04]
Info:    update_chains distance 191.80
Info:    system potential: 1547659.250000 hpwl: 44367.437500
Info: overlap: COMB=87.6%, FF=69.0%, RAM=0.0%, MUL=0.0%
Info: coord_dist: 0.130176 grad_dist: 0.069107
Info: iter=298 steplen=1.883693 a=151.251205 penalty=[0.04, 0.04, 0.04, 0.04]
Info:    update_chains distance 194.10
Info:    system potential: 1521394.375000 hpwl: 44915.273438
Info: overlap: COMB=87.5%, FF=69.2%, RAM=0.0%, MUL=0.0%
Info: coord_dist: 0.134012 grad_dist: 0.070977
Info: iter=299 steplen=1.888108 a=151.752029 penalty=[0.04, 0.04, 0.04, 0.04]
Info:    update_chains distance 196.35
Info:    system potential: 1493733.250000 hpwl: 45437.484375
Info: overlap: COMB=87.5%, FF=69.1%, RAM=0.0%, MUL=0.0%
Info: coord_dist: 0.137734 grad_dist: 0.072797
Info: iter=300 steplen=1.892036 a=152.252853 penalty=[0.04, 0.04, 0.04, 0.04]
Info:    update_chains distance 198.73
Info:    system potential: 1467182.500000 hpwl: 45995.589844
Info: overlap: COMB=87.2%, FF=68.2%, RAM=0.0%, MUL=0.0%
Info: coord_dist: 0.141300 grad_dist: 0.074533
Info: iter=301 steplen=1.895801 a=152.753677 penalty=[0.04, 0.04, 0.04, 0.04]
Info:    update_chains distance 200.96
Info:    system potential: 1443358.000000 hpwl: 46522.445312
Info: overlap: COMB=86.9%, FF=67.8%, RAM=0.0%, MUL=0.0%
Info: coord_dist: 0.144675 grad_dist: 0.076171
Info: iter=302 steplen=1.899343 a=153.254501 penalty=[0.04, 0.04, 0.04, 0.04]
Info:    update_chains distance 203.30
Info:    system potential: 1418588.625000 hpwl: 47090.300781
Info: overlap: COMB=86.8%, FF=67.3%, RAM=0.0%, MUL=0.0%
Info: coord_dist: 0.147843 grad_dist: 0.077714
Info: iter=303 steplen=1.902407 a=153.755310 penalty=[0.04, 0.04, 0.04, 0.04]
Info:    update_chains distance 205.58
Info:    system potential: 1394502.250000 hpwl: 47623.062500
Info: overlap: COMB=86.6%, FF=66.8%, RAM=0.0%, MUL=0.0%
Info: coord_dist: 0.150785 grad_dist: 0.079146
Info: iter=304 steplen=1.905155 a=154.256119 penalty=[0.05, 0.05, 0.05, 0.05]
Info:    update_chains distance 207.98
Info:    system potential: 1365500.500000 hpwl: 48201.382812
Info: overlap: COMB=86.3%, FF=66.5%, RAM=0.0%, MUL=0.0%
Info: coord_dist: 0.153450 grad_dist: 0.080447
Info: iter=305 steplen=1.907472 a=154.756927 penalty=[0.05, 0.05, 0.05, 0.05]
Info:    update_chains distance 210.21
Info:    system potential: 1340192.125000 hpwl: 48738.648438
Info: overlap: COMB=86.0%, FF=65.8%, RAM=0.0%, MUL=0.0%
Info: coord_dist: 0.155833 grad_dist: 0.081600
Info: iter=306 steplen=1.909713 a=155.257736 penalty=[0.05, 0.05, 0.05, 0.05]
Info:    update_chains distance 212.58
Info:    system potential: 1315067.000000 hpwl: 49325.710938
Info: overlap: COMB=85.7%, FF=65.2%, RAM=0.0%, MUL=0.0%
Info: coord_dist: 0.157901 grad_dist: 0.082607
Info: iter=307 steplen=1.911477 a=155.758545 penalty=[0.05, 0.05, 0.05, 0.05]
Info:    update_chains distance 214.85
Info:    system potential: 1288748.000000 hpwl: 49868.644531
Info: overlap: COMB=85.5%, FF=64.9%, RAM=0.0%, MUL=0.0%
Info: coord_dist: 0.159681 grad_dist: 0.083474
Info: iter=308 steplen=1.912943 a=156.259354 penalty=[0.05, 0.05, 0.05, 0.05]
Info:    update_chains distance 217.22
Info:    system potential: 1261813.000000 hpwl: 50462.695312
Info: overlap: COMB=85.1%, FF=64.2%, RAM=0.0%, MUL=0.0%
Info: coord_dist: 0.161151 grad_dist: 0.084200
Info: iter=309 steplen=1.913920 a=156.760162 penalty=[0.05, 0.05, 0.05, 0.05]
Info:    update_chains distance 219.41
Info:    system potential: 1236862.625000 hpwl: 51010.964844
Info: overlap: COMB=84.7%, FF=63.1%, RAM=0.0%, MUL=0.0%
Info: coord_dist: 0.162316 grad_dist: 0.084781
Info: iter=310 steplen=1.914537 a=157.260956 penalty=[0.05, 0.05, 0.05, 0.05]
Info:    update_chains distance 221.80
Info:    system potential: 1213856.500000 hpwl: 51613.265625
Info: overlap: COMB=84.5%, FF=62.8%, RAM=0.0%, MUL=0.0%
Info: coord_dist: 0.163163 grad_dist: 0.085206
Info: iter=311 steplen=1.914925 a=157.761749 penalty=[0.05, 0.05, 0.05, 0.05]
Info:    update_chains distance 224.07
Info:    system potential: 1189944.625000 hpwl: 52169.816406
Info: overlap: COMB=84.2%, FF=61.6%, RAM=0.0%, MUL=0.0%
Info: coord_dist: 0.163717 grad_dist: 0.085473
Info: iter=312 steplen=1.915428 a=158.262543 penalty=[0.05, 0.05, 0.05, 0.05]
Info:    update_chains distance 226.46
Info:    system potential: 1163608.125000 hpwl: 52781.156250
Info: overlap: COMB=84.0%, FF=61.3%, RAM=0.0%, MUL=0.0%
Info: coord_dist: 0.163983 grad_dist: 0.085611
Info: iter=313 steplen=1.915442 a=158.763336 penalty=[0.06, 0.06, 0.06, 0.06]
Info:    update_chains distance 228.64
Info:    system potential: 1138379.375000 hpwl: 53347.023438
Info: overlap: COMB=83.9%, FF=61.4%, RAM=0.0%, MUL=0.0%
Info: coord_dist: 0.164035 grad_dist: 0.085645
Info: iter=314 steplen=1.915284 a=159.264130 penalty=[0.06, 0.06, 0.06, 0.06]
Info:    update_chains distance 230.99
Info:    system potential: 1117846.500000 hpwl: 53966.812500
Info: overlap: COMB=83.7%, FF=60.4%, RAM=0.0%, MUL=0.0%
Info: coord_dist: 0.163860 grad_dist: 0.085574
Info: iter=315 steplen=1.914846 a=159.764908 penalty=[0.06, 0.06, 0.06, 0.06]
Info:    update_chains distance 233.17
Info:    system potential: 1096324.625000 hpwl: 54541.125000
Info: overlap: COMB=83.5%, FF=60.9%, RAM=0.0%, MUL=0.0%
Info: coord_dist: 0.163491 grad_dist: 0.085401
Info: iter=316 steplen=1.914405 a=160.265686 penalty=[0.06, 0.06, 0.06, 0.06]
Info:    update_chains distance 235.49
Info:    system potential: 1071944.375000 hpwl: 55172.156250
Info: overlap: COMB=82.9%, FF=59.8%, RAM=0.0%, MUL=0.0%
Info: coord_dist: 0.162967 grad_dist: 0.085135
Info: iter=317 steplen=1.914223 a=160.766464 penalty=[0.06, 0.06, 0.06, 0.06]
Info:    update_chains distance 237.64
Info:    system potential: 1050678.750000 hpwl: 55759.777344
Info: overlap: COMB=82.6%, FF=59.4%, RAM=0.0%, MUL=0.0%
Info: coord_dist: 0.162345 grad_dist: 0.084807
Info: iter=318 steplen=1.914290 a=161.267242 penalty=[0.06, 0.06, 0.06, 0.06]
Info:    update_chains distance 239.90
Info:    system potential: 1024486.625000 hpwl: 56405.390625
Info: overlap: COMB=82.4%, FF=58.3%, RAM=0.0%, MUL=0.0%
Info: coord_dist: 0.161685 grad_dist: 0.084464
Info: iter=319 steplen=1.914248 a=161.768021 penalty=[0.07, 0.07, 0.07, 0.07]
Info:    update_chains distance 241.98
Info:    system potential: 1000763.625000 hpwl: 57010.933594
Info: overlap: COMB=82.1%, FF=57.7%, RAM=0.0%, MUL=0.0%
Info: coord_dist: 0.161070 grad_dist: 0.084133
Info: iter=320 steplen=1.914476 a=162.268799 penalty=[0.07, 0.07, 0.07, 0.07]
Info:    update_chains distance 244.23
Info:    system potential: 977026.937500 hpwl: 57670.875000
Info: overlap: COMB=81.6%, FF=56.6%, RAM=0.0%, MUL=0.0%
Info: coord_dist: 0.160506 grad_dist: 0.083819
Info: iter=321 steplen=1.914912 a=162.769562 penalty=[0.07, 0.07, 0.07, 0.07]
Info:    update_chains distance 246.23
Info:    system potential: 954483.687500 hpwl: 58291.000000
Info: overlap: COMB=81.4%, FF=56.4%, RAM=0.0%, MUL=0.0%
Info: coord_dist: 0.160041 grad_dist: 0.083535
Info: iter=322 steplen=1.915852 a=163.270325 penalty=[0.07, 0.07, 0.07, 0.07]
Info:    update_chains distance 248.42
Info:    system potential: 933709.437500 hpwl: 58965.707031
Info: overlap: COMB=81.1%, FF=55.4%, RAM=0.0%, MUL=0.0%
Info: coord_dist: 0.159742 grad_dist: 0.083303
Info: iter=323 steplen=1.917602 a=163.771088 penalty=[0.07, 0.07, 0.07, 0.07]
Info:    update_chains distance 250.45
Info:    system potential: 911229.375000 hpwl: 59606.640625
Info: overlap: COMB=80.4%, FF=54.2%, RAM=0.0%, MUL=0.0%
Info: coord_dist: 0.159685 grad_dist: 0.083178
Info: iter=324 steplen=1.919800 a=164.271851 penalty=[0.07, 0.07, 0.07, 0.07]
Info:    update_chains distance 252.64
Info:    system potential: 890168.250000 hpwl: 60303.453125
Info: overlap: COMB=80.5%, FF=54.6%, RAM=0.0%, MUL=0.0%
Info: coord_dist: 0.159927 grad_dist: 0.083205
Info: iter=325 steplen=1.922080 a=164.772614 penalty=[0.08, 0.08, 0.08, 0.08]
Info:    update_chains distance 254.67
Info:    system potential: 866066.125000 hpwl: 60964.828125
Info: overlap: COMB=79.9%, FF=54.4%, RAM=0.0%, MUL=0.0%
Info: coord_dist: 0.160491 grad_dist: 0.083365
Info: iter=326 steplen=1.925157 a=165.273376 penalty=[0.08, 0.08, 0.08, 0.08]
Info:    update_chains distance 256.83
Info:    system potential: 844353.000000 hpwl: 61680.906250
Info: overlap: COMB=79.6%, FF=53.5%, RAM=0.0%, MUL=0.0%
Info: coord_dist: 0.161331 grad_dist: 0.083650
Info: iter=327 steplen=1.928654 a=165.774139 penalty=[0.08, 0.08, 0.08, 0.08]
Info:    update_chains distance 258.73
Info:    system potential: 823618.125000 hpwl: 62362.546875
Info: overlap: COMB=79.0%, FF=52.6%, RAM=0.0%, MUL=0.0%
Info: coord_dist: 0.162508 grad_dist: 0.084083
Info: iter=328 steplen=1.932702 a=166.274887 penalty=[0.08, 0.08, 0.08, 0.08]
Info:    update_chains distance 260.84
Info:    system potential: 803165.750000 hpwl: 63099.886719
Info: overlap: COMB=78.8%, FF=51.5%, RAM=0.0%, MUL=0.0%
Info: coord_dist: 0.164044 grad_dist: 0.084677
Info: iter=329 steplen=1.937300 a=166.775635 penalty=[0.08, 0.08, 0.08, 0.08]
Info:    update_chains distance 262.77
Info:    system potential: 780379.437500 hpwl: 63803.554688
Info: overlap: COMB=78.8%, FF=51.6%, RAM=0.0%, MUL=0.0%
Info: coord_dist: 0.165922 grad_dist: 0.085435
Info: iter=330 steplen=1.942083 a=167.276382 penalty=[0.09, 0.09, 0.09, 0.09]
Info:    update_chains distance 264.82
Info:    system potential: 758608.062500 hpwl: 64562.277344
Info: overlap: COMB=78.5%, FF=50.9%, RAM=0.0%, MUL=0.0%
Info: coord_dist: 0.168068 grad_dist: 0.086337
Info: iter=331 steplen=1.946645 a=167.777130 penalty=[0.09, 0.09, 0.09, 0.09]
Info:    update_chains distance 266.60
Info:    system potential: 737945.375000 hpwl: 65285.960938
Info: overlap: COMB=77.9%, FF=50.0%, RAM=0.0%, MUL=0.0%
Info: coord_dist: 0.170422 grad_dist: 0.087333
Info: iter=332 steplen=1.951404 a=168.277878 penalty=[0.09, 0.09, 0.09, 0.09]
Info:    update_chains distance 268.59
Info:    system potential: 715477.062500 hpwl: 66062.304688
Info: overlap: COMB=77.6%, FF=49.2%, RAM=0.0%, MUL=0.0%
Info: coord_dist: 0.172922 grad_dist: 0.088391
Info: iter=333 steplen=1.956325 a=168.778625 penalty=[0.09, 0.09, 0.09, 0.09]
Info:    update_chains distance 270.32
Info:    system potential: 696568.062500 hpwl: 66806.648438
Info: overlap: COMB=77.1%, FF=48.3%, RAM=0.0%, MUL=0.0%
Info: coord_dist: 0.175497 grad_dist: 0.089506
Info: iter=334 steplen=1.960732 a=169.279373 penalty=[0.09, 0.09, 0.09, 0.09]
Info:    update_chains distance 272.26
Info:    system potential: 678429.250000 hpwl: 67597.468750
Info: overlap: COMB=76.8%, FF=47.7%, RAM=0.0%, MUL=0.0%
Info: coord_dist: 0.178140 grad_dist: 0.090633
Info: iter=335 steplen=1.965511 a=169.780106 penalty=[0.10, 0.10, 0.10, 0.10]
Info:    update_chains distance 273.95
Info:    system potential: 658875.437500 hpwl: 68358.882812
Info: overlap: COMB=76.6%, FF=47.6%, RAM=0.0%, MUL=0.0%
Info: coord_dist: 0.180775 grad_dist: 0.091754
Info: iter=336 steplen=1.970220 a=170.280838 penalty=[0.10, 0.10, 0.10, 0.10]
Info:    update_chains distance 275.82
Info:    system potential: 638048.875000 hpwl: 69166.671875
Info: overlap: COMB=76.1%, FF=46.8%, RAM=0.0%, MUL=0.0%
Info: coord_dist: 0.183355 grad_dist: 0.092888
Info: iter=337 steplen=1.973946 a=170.781570 penalty=[0.10, 0.10, 0.10, 0.10]
Info:    update_chains distance 277.36
Info:    system potential: 619693.562500 hpwl: 69940.960938
Info: overlap: COMB=75.8%, FF=45.8%, RAM=0.0%, MUL=0.0%
Info: coord_dist: 0.185773 grad_dist: 0.093972
Info: iter=338 steplen=1.976902 a=171.282303 penalty=[0.10, 0.10, 0.10, 0.10]
Info:    update_chains distance 279.21
Info:    system potential: 600167.687500 hpwl: 70754.695312
Info: overlap: COMB=75.7%, FF=45.3%, RAM=0.0%, MUL=0.0%
Info: coord_dist: 0.187938 grad_dist: 0.094910
Info: iter=339 steplen=1.980159 a=171.783035 penalty=[0.11, 0.11, 0.11, 0.11]
Info:    update_chains distance 280.76
Info:    system potential: 580950.500000 hpwl: 71541.640625
Info: overlap: COMB=75.2%, FF=45.1%, RAM=0.0%, MUL=0.0%
Info: coord_dist: 0.189768 grad_dist: 0.095719
Info: iter=340 steplen=1.982555 a=172.283768 penalty=[0.11, 0.11, 0.11, 0.11]
Info:    update_chains distance 282.54
Info:    system potential: 565097.000000 hpwl: 72362.726562
Info: overlap: COMB=74.6%, FF=43.6%, RAM=0.0%, MUL=0.0%
Info: coord_dist: 0.191311 grad_dist: 0.096419
Info: iter=341 steplen=1.984170 a=172.784500 penalty=[0.11, 0.11, 0.11, 0.11]
Info:    update_chains distance 284.08
Info:    system potential: 547988.687500 hpwl: 73155.093750
Info: overlap: COMB=74.3%, FF=42.3%, RAM=0.0%, MUL=0.0%
Info: coord_dist: 0.192572 grad_dist: 0.096954
Info: iter=342 steplen=1.986207 a=173.285233 penalty=[0.12, 0.12, 0.12, 0.12]
Info:    update_chains distance 285.94
Info:    system potential: 530487.437500 hpwl: 73984.023438
Info: overlap: COMB=74.2%, FF=42.7%, RAM=0.0%, MUL=0.0%
Info: coord_dist: 0.193492 grad_dist: 0.097353
Info: iter=343 steplen=1.987526 a=173.785950 penalty=[0.12, 0.12, 0.12, 0.12]
Info:    update_chains distance 287.36
Info:    system potential: 514400.875000 hpwl: 74784.843750
Info: overlap: COMB=73.5%, FF=41.9%, RAM=0.0%, MUL=0.0%
Info: coord_dist: 0.194132 grad_dist: 0.097659
Info: iter=344 steplen=1.987869 a=174.286667 penalty=[0.12, 0.12, 0.12, 0.12]
Info:    update_chains distance 289.09
Info:    system potential: 499281.937500 hpwl: 75617.148438
Info: overlap: COMB=73.1%, FF=41.2%, RAM=0.0%, MUL=0.0%
Info: coord_dist: 0.194490 grad_dist: 0.097812
Info: iter=345 steplen=1.988407 a=174.787384 penalty=[0.12, 0.12, 0.12, 0.12]
Info:    update_chains distance 290.56
Info:    system potential: 483101.250000 hpwl: 76424.062500
Info: overlap: COMB=72.6%, FF=40.5%, RAM=0.0%, MUL=0.0%
Info: coord_dist: 0.194570 grad_dist: 0.097813
Info: iter=346 steplen=1.989213 a=175.288101 penalty=[0.13, 0.13, 0.13, 0.13]
Info:    update_chains distance 292.31
Info:    system potential: 467811.843750 hpwl: 77264.601562
Info: overlap: COMB=72.2%, FF=39.1%, RAM=0.0%, MUL=0.0%
Info: coord_dist: 0.194464 grad_dist: 0.097748
Info: iter=347 steplen=1.989455 a=175.788818 penalty=[0.13, 0.13, 0.13, 0.13]
Info:    update_chains distance 293.61
Info:    system potential: 453081.750000 hpwl: 78078.945312
Info: overlap: COMB=72.0%, FF=38.2%, RAM=0.0%, MUL=0.0%
Info: coord_dist: 0.194293 grad_dist: 0.097643
Info: iter=348 steplen=1.989834 a=176.289536 penalty=[0.13, 0.13, 0.13, 0.13]
Info:    update_chains distance 295.32
Info:    system potential: 438590.937500 hpwl: 78924.242188
Info: overlap: COMB=71.7%, FF=37.9%, RAM=0.0%, MUL=0.0%
Info: coord_dist: 0.194063 grad_dist: 0.097482
Info: iter=349 steplen=1.990756 a=176.790237 penalty=[0.14, 0.14, 0.14, 0.14]
Info:    update_chains distance 296.66
Info:    system potential: 424514.187500 hpwl: 79746.804688
Info: overlap: COMB=71.1%, FF=37.3%, RAM=0.0%, MUL=0.0%
Info: coord_dist: 0.193885 grad_dist: 0.097309
Info: iter=350 steplen=1.992480 a=177.290939 penalty=[0.14, 0.14, 0.14, 0.14]
Info:    update_chains distance 298.23
Info:    system potential: 411689.593750 hpwl: 80600.539062
Info: overlap: COMB=71.0%, FF=36.7%, RAM=0.0%, MUL=0.0%
Info: coord_dist: 0.193924 grad_dist: 0.097208
Info: iter=351 steplen=1.994941 a=177.791641 penalty=[0.14, 0.14, 0.14, 0.14]
Info:    update_chains distance 299.54
Info:    system potential: 396681.593750 hpwl: 81434.023438
Info: overlap: COMB=70.6%, FF=35.1%, RAM=0.0%, MUL=0.0%
Info: coord_dist: 0.194336 grad_dist: 0.097258
Info: iter=352 steplen=1.998150 a=178.292343 penalty=[0.15, 0.15, 0.15, 0.15]
Info:    update_chains distance 301.16
Info:    system potential: 383841.937500 hpwl: 82298.328125
Info: overlap: COMB=69.8%, FF=33.9%, RAM=0.0%, MUL=0.0%
Info: coord_dist: 0.195134 grad_dist: 0.097486
Info: iter=353 steplen=2.001652 a=178.793045 penalty=[0.15, 0.15, 0.15, 0.15]
Info:    update_chains distance 302.47
Info:    system potential: 372050.937500 hpwl: 83141.179688
Info: overlap: COMB=69.2%, FF=33.7%, RAM=0.0%, MUL=0.0%
Info: coord_dist: 0.196381 grad_dist: 0.097876
Info: iter=354 steplen=2.006425 a=179.293747 penalty=[0.15, 0.15, 0.15, 0.15]
Info:    update_chains distance 304.13
Info:    system potential: 359683.625000 hpwl: 84015.070312
Info: overlap: COMB=69.2%, FF=33.3%, RAM=0.0%, MUL=0.0%
Info: coord_dist: 0.198135 grad_dist: 0.098462
Info: iter=355 steplen=2.012306 a=179.794449 penalty=[0.16, 0.16, 0.16, 0.16]
Info:    update_chains distance 305.48
Info:    system potential: 347710.968750 hpwl: 84872.898438
Info: overlap: COMB=68.7%, FF=32.4%, RAM=0.0%, MUL=0.0%
Info: coord_dist: 0.200480 grad_dist: 0.099322
Info: iter=356 steplen=2.018480 a=180.295135 penalty=[0.16, 0.16, 0.16, 0.16]
Info:    update_chains distance 307.18
Info:    system potential: 336445.093750 hpwl: 85756.796875
Info: overlap: COMB=67.8%, FF=31.9%, RAM=0.0%, MUL=0.0%
Info: coord_dist: 0.203356 grad_dist: 0.100436
Info: iter=357 steplen=2.024739 a=180.795822 penalty=[0.17, 0.17, 0.17, 0.17]
Info:    update_chains distance 308.51
Info:    system potential: 324542.343750 hpwl: 86623.015625
Info: overlap: COMB=67.7%, FF=31.0%, RAM=0.0%, MUL=0.0%
Info: coord_dist: 0.206619 grad_dist: 0.101723
Info: iter=358 steplen=2.031179 a=181.296509 penalty=[0.17, 0.17, 0.17, 0.17]
Info:    update_chains distance 310.14
Info:    system potential: 312635.031250 hpwl: 87510.164062
Info: overlap: COMB=67.0%, FF=30.3%, RAM=0.0%, MUL=0.0%
Info: coord_dist: 0.210204 grad_dist: 0.103137
Info: iter=359 steplen=2.038094 a=181.797195 penalty=[0.18, 0.18, 0.18, 0.18]
Info:    update_chains distance 311.31
Info:    system potential: 301512.531250 hpwl: 88381.226562
Info: overlap: COMB=66.5%, FF=30.2%, RAM=0.0%, MUL=0.0%
Info: coord_dist: 0.214009 grad_dist: 0.104671
Info: iter=360 steplen=2.044579 a=182.297882 penalty=[0.18, 0.18, 0.18, 0.18]
Info:    update_chains distance 312.78
Info:    system potential: 291503.687500 hpwl: 89267.609375
Info: overlap: COMB=66.1%, FF=29.9%, RAM=0.0%, MUL=0.0%
Info: coord_dist: 0.217943 grad_dist: 0.106290
Info: iter=361 steplen=2.050451 a=182.798569 penalty=[0.18, 0.18, 0.18, 0.18]
Info:    update_chains distance 313.81
Info:    system potential: 281322.093750 hpwl: 90133.203125
Info: overlap: COMB=65.8%, FF=29.0%, RAM=0.0%, MUL=0.0%
Info: coord_dist: 0.221825 grad_dist: 0.107905
Info: iter=362 steplen=2.055740 a=183.299255 penalty=[0.19, 0.19, 0.19, 0.19]
Info:    update_chains distance 315.25
Info:    system potential: 270961.968750 hpwl: 91010.453125
Info: overlap: COMB=65.5%, FF=28.6%, RAM=0.0%, MUL=0.0%
Info: coord_dist: 0.225480 grad_dist: 0.109441
Info: iter=363 steplen=2.060297 a=183.799942 penalty=[0.19, 0.19, 0.19, 0.19]
Info:    update_chains distance 316.17
Info:    system potential: 261459.531250 hpwl: 91865.335938
Info: overlap: COMB=65.0%, FF=27.4%, RAM=0.0%, MUL=0.0%
Info: coord_dist: 0.228811 grad_dist: 0.110850
Info: iter=364 steplen=2.064144 a=184.300613 penalty=[0.20, 0.20, 0.20, 0.20]
Info:    update_chains distance 317.60
Info:    system potential: 252832.500000 hpwl: 92729.960938
Info: overlap: COMB=64.5%, FF=27.0%, RAM=0.0%, MUL=0.0%
Info: coord_dist: 0.231696 grad_dist: 0.112101
Info: iter=365 steplen=2.066837 a=184.801285 penalty=[0.20, 0.20, 0.20, 0.20]
Info:    update_chains distance 318.61
Info:    system potential: 243646.656250 hpwl: 93571.406250
Info: overlap: COMB=63.9%, FF=26.5%, RAM=0.0%, MUL=0.0%
Info: coord_dist: 0.233996 grad_dist: 0.113145
Info: iter=366 steplen=2.068113 a=185.301956 penalty=[0.21, 0.21, 0.21, 0.21]
Info:    update_chains distance 320.10
Info:    system potential: 235145.687500 hpwl: 94411.390625
Info: overlap: COMB=63.6%, FF=25.6%, RAM=0.0%, MUL=0.0%
Info: coord_dist: 0.235624 grad_dist: 0.113899
Info: iter=367 steplen=2.068708 a=185.802628 penalty=[0.21, 0.21, 0.21, 0.21]
Info:    update_chains distance 321.10
Info:    system potential: 227244.468750 hpwl: 95229.593750
Info: overlap: COMB=63.1%, FF=25.2%, RAM=0.0%, MUL=0.0%
Info: coord_dist: 0.236511 grad_dist: 0.114346
Info: iter=368 steplen=2.068381 a=186.303299 penalty=[0.22, 0.22, 0.22, 0.22]
Info:    update_chains distance 322.76
Info:    system potential: 219732.125000 hpwl: 96048.367188
Info: overlap: COMB=62.7%, FF=24.4%, RAM=0.0%, MUL=0.0%
Info: coord_dist: 0.236709 grad_dist: 0.114516
Info: iter=369 steplen=2.067029 a=186.803970 penalty=[0.22, 0.22, 0.22, 0.22]
Info:    update_chains distance 323.87
Info:    system potential: 212239.125000 hpwl: 96844.976562
Info: overlap: COMB=62.1%, FF=23.5%, RAM=0.0%, MUL=0.0%
Info: coord_dist: 0.236205 grad_dist: 0.114398
Info: iter=370 steplen=2.064773 a=187.304642 penalty=[0.23, 0.23, 0.23, 0.23]
Info:    update_chains distance 325.69
Info:    system potential: 204744.640625 hpwl: 97643.000000
Info: overlap: COMB=61.3%, FF=23.5%, RAM=0.0%, MUL=0.0%
Info: coord_dist: 0.234998 grad_dist: 0.113984
Info: iter=371 steplen=2.061675 a=187.805298 penalty=[0.24, 0.24, 0.24, 0.24]
Info:    update_chains distance 326.90
Info:    system potential: 198011.515625 hpwl: 98423.070312
Info: overlap: COMB=60.8%, FF=23.4%, RAM=0.0%, MUL=0.0%
Info: coord_dist: 0.233191 grad_dist: 0.113292
Info: iter=372 steplen=2.058322 a=188.305954 penalty=[0.24, 0.24, 0.24, 0.24]
Info:    update_chains distance 328.73
Info:    system potential: 191483.531250 hpwl: 99198.187500
Info: overlap: COMB=60.0%, FF=22.4%, RAM=0.0%, MUL=0.0%
Info: coord_dist: 0.230912 grad_dist: 0.112360
Info: iter=373 steplen=2.055102 a=188.806625 penalty=[0.25, 0.25, 0.25, 0.25]
Info:    update_chains distance 330.08
Info:    system potential: 184948.656250 hpwl: 99965.906250
Info: overlap: COMB=59.5%, FF=21.3%, RAM=0.0%, MUL=0.0%
Info: coord_dist: 0.228308 grad_dist: 0.111277
Info: iter=374 steplen=2.051703 a=189.307281 penalty=[0.25, 0.25, 0.25, 0.25]
Info:    update_chains distance 332.06
Info:    system potential: 178557.078125 hpwl: 100726.929688
Info: overlap: COMB=59.2%, FF=21.2%, RAM=0.0%, MUL=0.0%
Info: coord_dist: 0.225539 grad_dist: 0.110108
Info: iter=375 steplen=2.048338 a=189.807938 penalty=[0.26, 0.26, 0.26, 0.26]
Info:    update_chains distance 333.53
Info:    system potential: 172487.750000 hpwl: 101479.609375
Info: overlap: COMB=58.5%, FF=21.5%, RAM=0.0%, MUL=0.0%
Info: coord_dist: 0.222671 grad_dist: 0.108872
Info: iter=376 steplen=2.045260 a=190.308594 penalty=[0.27, 0.27, 0.27, 0.27]
Info:    update_chains distance 335.60
Info:    system potential: 166894.953125 hpwl: 102226.578125
Info: overlap: COMB=58.0%, FF=20.6%, RAM=0.0%, MUL=0.0%
Info: coord_dist: 0.219845 grad_dist: 0.107597
Info: iter=377 steplen=2.043225 a=190.809250 penalty=[0.27, 0.27, 0.27, 0.27]
Info:    update_chains distance 337.19
Info:    system potential: 161279.000000 hpwl: 102970.515625
Info: overlap: COMB=57.3%, FF=20.0%, RAM=0.0%, MUL=0.0%
Info: coord_dist: 0.217169 grad_dist: 0.106368
Info: iter=378 steplen=2.041681 a=191.309906 penalty=[0.28, 0.28, 0.28, 0.28]
Info:    update_chains distance 339.44
Info:    system potential: 155802.593750 hpwl: 103711.406250
Info: overlap: COMB=56.5%, FF=19.9%, RAM=0.0%, MUL=0.0%
Info: coord_dist: 0.214793 grad_dist: 0.105267
Info: iter=379 steplen=2.040449 a=191.810562 penalty=[0.29, 0.29, 0.29, 0.29]
Info:    update_chains distance 341.20
Info:    system potential: 150498.265625 hpwl: 104446.226562
Info: overlap: COMB=56.2%, FF=19.2%, RAM=0.0%, MUL=0.0%
Info: coord_dist: 0.212696 grad_dist: 0.104296
Info: iter=380 steplen=2.039359 a=192.311218 penalty=[0.29, 0.29, 0.29, 0.29]
Info:    update_chains distance 343.51
Info:    system potential: 145335.875000 hpwl: 105173.234375
Info: overlap: COMB=55.5%, FF=18.6%, RAM=0.0%, MUL=0.0%
Info: coord_dist: 0.210897 grad_dist: 0.103417
Info: iter=381 steplen=2.039293 a=192.811874 penalty=[0.30, 0.30, 0.30, 0.30]
Info:    update_chains distance 345.37
Info:    system potential: 140392.140625 hpwl: 105894.343750
Info: overlap: COMB=54.9%, FF=18.1%, RAM=0.0%, MUL=0.0%
Info: coord_dist: 0.209296 grad_dist: 0.102653
Info: iter=382 steplen=2.038863 a=193.312515 penalty=[0.31, 0.31, 0.31, 0.31]
Info:    update_chains distance 347.73
Info:    system potential: 135629.656250 hpwl: 106607.250000
Info: overlap: COMB=54.5%, FF=17.1%, RAM=0.0%, MUL=0.0%
Info: coord_dist: 0.207949 grad_dist: 0.102002
Info: iter=383 steplen=2.038689 a=193.813171 penalty=[0.32, 0.32, 0.32, 0.32]
Info:    update_chains distance 349.60
Info:    system potential: 131015.070312 hpwl: 107311.093750
Info: overlap: COMB=53.7%, FF=16.7%, RAM=0.0%, MUL=0.0%
Info: coord_dist: 0.206685 grad_dist: 0.101407
Info: iter=384 steplen=2.038161 a=194.313828 penalty=[0.33, 0.33, 0.33, 0.33]
Info:    update_chains distance 352.01
Info:    system potential: 126618.726562 hpwl: 108003.328125
Info: overlap: COMB=53.0%, FF=16.4%, RAM=0.0%, MUL=0.0%
Info: coord_dist: 0.205471 grad_dist: 0.100842
Info: iter=385 steplen=2.037562 a=194.814468 penalty=[0.33, 0.33, 0.33, 0.33]
Info:    update_chains distance 353.98
Info:    system potential: 122386.031250 hpwl: 108682.906250
Info: overlap: COMB=52.5%, FF=15.8%, RAM=0.0%, MUL=0.0%
Info: coord_dist: 0.204164 grad_dist: 0.100271
Info: iter=386 steplen=2.036124 a=195.315109 penalty=[0.34, 0.34, 0.34, 0.34]
Info:    update_chains distance 356.38
Info:    system potential: 118249.070312 hpwl: 109350.492188
Info: overlap: COMB=51.9%, FF=15.1%, RAM=0.0%, MUL=0.0%
Info: coord_dist: 0.202711 grad_dist: 0.099638
Info: iter=387 steplen=2.034483 a=195.815750 penalty=[0.35, 0.35, 0.35, 0.35]
Info:    update_chains distance 358.33
Info:    system potential: 114335.875000 hpwl: 110005.562500
Info: overlap: COMB=51.5%, FF=15.1%, RAM=0.0%, MUL=0.0%
Info: coord_dist: 0.201074 grad_dist: 0.098903
Info: iter=388 steplen=2.033053 a=196.316391 penalty=[0.36, 0.36, 0.36, 0.36]
Info:    update_chains distance 360.75
Info:    system potential: 110647.929688 hpwl: 110651.945312
Info: overlap: COMB=50.8%, FF=15.3%, RAM=0.0%, MUL=0.0%
Info: coord_dist: 0.199362 grad_dist: 0.098100
Info: iter=389 steplen=2.032222 a=196.817032 penalty=[0.37, 0.37, 0.37, 0.37]
Info:    update_chains distance 362.74
Info:    system potential: 107072.109375 hpwl: 111284.757812
Info: overlap: COMB=50.4%, FF=14.2%, RAM=0.0%, MUL=0.0%
Info: coord_dist: 0.197669 grad_dist: 0.097306
Info: iter=390 steplen=2.031423 a=197.317673 penalty=[0.38, 0.38, 0.38, 0.38]
Info:    update_chains distance 365.12
Info:    system potential: 103568.851562 hpwl: 111911.562500
Info: overlap: COMB=49.6%, FF=13.7%, RAM=0.0%, MUL=0.0%
Info: coord_dist: 0.196034 grad_dist: 0.096556
Info: iter=391 steplen=2.030267 a=197.818314 penalty=[0.39, 0.39, 0.39, 0.39]
Info:    update_chains distance 367.01
Info:    system potential: 100274.101562 hpwl: 112519.062500
Info: overlap: COMB=49.0%, FF=13.4%, RAM=0.0%, MUL=0.0%
Info: coord_dist: 0.194428 grad_dist: 0.095817
Info: iter=392 steplen=2.029151 a=198.318954 penalty=[0.40, 0.40, 0.40, 0.40]
Info:    update_chains distance 369.34
Info:    system potential: 97043.343750 hpwl: 113120.484375
Info: overlap: COMB=48.6%, FF=12.8%, RAM=0.0%, MUL=0.0%
Info: coord_dist: 0.192884 grad_dist: 0.095057
Info: iter=393 steplen=2.029152 a=198.819580 penalty=[0.41, 0.41, 0.41, 0.41]
Info:    update_chains distance 371.21
Info:    system potential: 93935.687500 hpwl: 113708.820312
Info: overlap: COMB=47.8%, FF=12.2%, RAM=0.0%, MUL=0.0%
Info: coord_dist: 0.191468 grad_dist: 0.094342
Info: iter=394 steplen=2.029504 a=199.320206 penalty=[0.42, 0.42, 0.42, 0.42]
Info:    update_chains distance 373.54
Info:    system potential: 90887.273438 hpwl: 114293.242188
Info: overlap: COMB=46.7%, FF=12.0%, RAM=0.0%, MUL=0.0%
Info: coord_dist: 0.190291 grad_dist: 0.093753
Info: iter=395 steplen=2.029708 a=199.820831 penalty=[0.43, 0.43, 0.43, 0.43]
Info:    update_chains distance 375.44
Info:    system potential: 87905.085938 hpwl: 114861.625000
Info: overlap: COMB=46.2%, FF=12.0%, RAM=0.0%, MUL=0.0%
Info: coord_dist: 0.189314 grad_dist: 0.093260
Info: iter=396 steplen=2.029961 a=200.321457 penalty=[0.44, 0.44, 0.44, 0.44]
Info:    update_chains distance 377.79
Info:    system potential: 85076.875000 hpwl: 115429.484375
Info: overlap: COMB=45.4%, FF=11.6%, RAM=0.0%, MUL=0.0%
Info: coord_dist: 0.188445 grad_dist: 0.092823
Info: iter=397 steplen=2.030155 a=200.822083 penalty=[0.45, 0.45, 0.45, 0.45]
Info:    update_chains distance 379.64
Info:    system potential: 82382.820312 hpwl: 115976.492188
Info: overlap: COMB=44.9%, FF=11.2%, RAM=0.0%, MUL=0.0%
Info: coord_dist: 0.187585 grad_dist: 0.092411
Info: iter=398 steplen=2.029904 a=201.322708 penalty=[0.46, 0.46, 0.46, 0.46]
Info:    update_chains distance 381.95
Info:    system potential: 79758.531250 hpwl: 116521.320312
Info: overlap: COMB=44.3%, FF=10.6%, RAM=0.0%, MUL=0.0%
Info: coord_dist: 0.186713 grad_dist: 0.091988
Info: iter=399 steplen=2.029758 a=201.823334 penalty=[0.47, 0.47, 0.47, 0.47]
Info:    update_chains distance 383.77
Info:    system potential: 77215.046875 hpwl: 117045.218750
Info: overlap: COMB=43.6%, FF=10.1%, RAM=0.0%, MUL=0.0%
Info: coord_dist: 0.185847 grad_dist: 0.091541
Info: iter=400 steplen=2.030207 a=202.323944 penalty=[0.48, 0.48, 0.48, 0.48]
Info:    update_chains distance 386.08
Info:    system potential: 74683.414062 hpwl: 117565.601562
Info: overlap: COMB=43.0%, FF=10.0%, RAM=0.0%, MUL=0.0%
Info: coord_dist: 0.185009 grad_dist: 0.091120
Info: iter=401 steplen=2.030389 a=202.824554 penalty=[0.49, 0.49, 0.49, 0.49]
Info:    update_chains distance 388.01
Info:    system potential: 72268.867188 hpwl: 118072.960938
Info: overlap: COMB=42.6%, FF=9.5%, RAM=0.0%, MUL=0.0%
Info: coord_dist: 0.184137 grad_dist: 0.090744
Info: iter=402 steplen=2.029199 a=203.325180 penalty=[0.51, 0.51, 0.51, 0.51]
Info:    update_chains distance 390.36
Info:    system potential: 69933.273438 hpwl: 118564.984375
Info: overlap: COMB=41.8%, FF=9.0%, RAM=0.0%, MUL=0.0%
Info: coord_dist: 0.183097 grad_dist: 0.090315
Info: iter=403 steplen=2.027312 a=203.825790 penalty=[0.52, 0.52, 0.52, 0.52]
Info:    update_chains distance 392.21
Info:    system potential: 67706.078125 hpwl: 119049.664062
Info: overlap: COMB=41.4%, FF=8.4%, RAM=0.0%, MUL=0.0%
Info: coord_dist: 0.181849 grad_dist: 0.089733
Info: iter=404 steplen=2.026561 a=204.326401 penalty=[0.53, 0.53, 0.53, 0.53]
Info:    update_chains distance 394.53
Info:    system potential: 65626.484375 hpwl: 119520.281250
Info: overlap: COMB=40.7%, FF=8.3%, RAM=0.0%, MUL=0.0%
Info: coord_dist: 0.180606 grad_dist: 0.089068
Info: iter=405 steplen=2.027737 a=204.827011 penalty=[0.55, 0.55, 0.55, 0.55]
Info:    update_chains distance 396.50
Info:    system potential: 63566.652344 hpwl: 119999.187500
Info: overlap: COMB=40.2%, FF=7.7%, RAM=0.0%, MUL=0.0%
Info: coord_dist: 0.179587 grad_dist: 0.088513
Info: iter=406 steplen=2.028930 a=205.327621 penalty=[0.56, 0.56, 0.56, 0.56]
Info:    update_chains distance 399.02
Info:    system potential: 61573.984375 hpwl: 120465.617188
Info: overlap: COMB=39.8%, FF=7.6%, RAM=0.0%, MUL=0.0%
Info: coord_dist: 0.178953 grad_dist: 0.088148
Info: iter=407 steplen=2.030138 a=205.828232 penalty=[0.57, 0.57, 0.57, 0.57]
Info:    update_chains distance 401.10
Info:    system potential: 59590.441406 hpwl: 120939.812500
Info: overlap: COMB=39.1%, FF=7.4%, RAM=0.0%, MUL=0.0%
Info: coord_dist: 0.178509 grad_dist: 0.087901
Info: iter=408 steplen=2.030789 a=206.328842 penalty=[0.59, 0.59, 0.59, 0.59]
Info:    update_chains distance 403.63
Info:    system potential: 57781.550781 hpwl: 121398.656250
Info: overlap: COMB=38.6%, FF=7.5%, RAM=0.0%, MUL=0.0%
Info: coord_dist: 0.178145 grad_dist: 0.087696
Info: iter=409 steplen=2.031390 a=206.829453 penalty=[0.60, 0.60, 0.60, 0.60]
Info:    update_chains distance 405.65
Info:    system potential: 55933.847656 hpwl: 121872.906250
Info: overlap: COMB=38.0%, FF=7.0%, RAM=0.0%, MUL=0.0%
Info: coord_dist: 0.177842 grad_dist: 0.087486
Info: iter=410 steplen=2.032812 a=207.330063 penalty=[0.62, 0.62, 0.62, 0.62]
Info:    update_chains distance 408.09
Info:    system potential: 54024.042969 hpwl: 122333.304688
Info: overlap: COMB=37.1%, FF=6.8%, RAM=0.0%, MUL=0.0%
Info: coord_dist: 0.177518 grad_dist: 0.087309
Info: iter=411 steplen=2.033214 a=207.830658 penalty=[0.63, 0.63, 0.63, 0.63]
Info:    update_chains distance 410.16
Info:    system potential: 52195.578125 hpwl: 122812.617188
Info: overlap: COMB=36.5%, FF=6.3%, RAM=0.0%, MUL=0.0%
Info: coord_dist: 0.177187 grad_dist: 0.087150
Info: iter=412 steplen=2.033121 a=208.331253 penalty=[0.65, 0.65, 0.65, 0.65]
Info:    update_chains distance 412.72
Info:    system potential: 50362.500000 hpwl: 123274.671875
Info: overlap: COMB=35.9%, FF=6.1%, RAM=0.0%, MUL=0.0%
Info: coord_dist: 0.176810 grad_dist: 0.086920
Info: iter=413 steplen=2.034171 a=208.831848 penalty=[0.67, 0.67, 0.67, 0.67]
Info:    update_chains distance 414.80
Info:    system potential: 48573.363281 hpwl: 123760.976562
Info: overlap: COMB=35.3%, FF=5.8%, RAM=0.0%, MUL=0.0%
Info: coord_dist: 0.176424 grad_dist: 0.086661
Info: iter=414 steplen=2.035802 a=209.332443 penalty=[0.68, 0.68, 0.68, 0.68]
Info:    update_chains distance 417.29
Info:    system potential: 46811.378906 hpwl: 124234.335938
Info: overlap: COMB=34.8%, FF=6.0%, RAM=0.0%, MUL=0.0%
Info: coord_dist: 0.176070 grad_dist: 0.086467
Info: iter=415 steplen=2.036277 a=209.833038 penalty=[0.70, 0.70, 0.70, 0.70]
Info:    update_chains distance 419.35
Info:    system potential: 45118.382812 hpwl: 124728.085938
Info: overlap: COMB=34.5%, FF=5.9%, RAM=0.0%, MUL=0.0%
Info: coord_dist: 0.175877 grad_dist: 0.086294
Info: iter=416 steplen=2.038111 a=210.333633 penalty=[0.72, 0.72, 0.72, 0.72]
Info:    update_chains distance 421.65
Info:    system potential: 43458.222656 hpwl: 125211.093750
Info: overlap: COMB=34.1%, FF=5.2%, RAM=0.0%, MUL=0.0%
Info: coord_dist: 0.175830 grad_dist: 0.086128
Info: iter=417 steplen=2.041507 a=210.834229 penalty=[0.73, 0.73, 0.73, 0.73]
Info:    update_chains distance 423.78
Info:    system potential: 41741.523438 hpwl: 125719.406250
Info: overlap: COMB=33.3%, FF=4.7%, RAM=0.0%, MUL=0.0%
Info: coord_dist: 0.175925 grad_dist: 0.086097
Info: iter=418 steplen=2.043347 a=211.334824 penalty=[0.75, 0.75, 0.75, 0.75]
Info:    update_chains distance 426.20
Info:    system potential: 40209.914062 hpwl: 126215.601562
Info: overlap: COMB=32.9%, FF=4.6%, RAM=0.0%, MUL=0.0%
Info: coord_dist: 0.176030 grad_dist: 0.086169
Info: iter=419 steplen=2.042847 a=211.835419 penalty=[0.77, 0.77, 0.77, 0.77]
Info:    update_chains distance 428.19
Info:    system potential: 38723.980469 hpwl: 126720.539062
Info: overlap: COMB=32.3%, FF=4.5%, RAM=0.0%, MUL=0.0%
Info: coord_dist: 0.175996 grad_dist: 0.086109
Info: iter=420 steplen=2.043875 a=212.336014 penalty=[0.79, 0.79, 0.79, 0.79]
Info:    update_chains distance 430.43
Info:    system potential: 37195.742188 hpwl: 127220.273438
Info: overlap: COMB=31.9%, FF=4.6%, RAM=0.0%, MUL=0.0%
Info: coord_dist: 0.175745 grad_dist: 0.085886
Info: iter=421 steplen=2.046263 a=212.836594 penalty=[0.81, 0.81, 0.81, 0.81]
Info:    update_chains distance 432.36
Info:    system potential: 35735.921875 hpwl: 127739.312500
Info: overlap: COMB=31.4%, FF=4.5%, RAM=0.0%, MUL=0.0%
Info: coord_dist: 0.175517 grad_dist: 0.085701
Info: iter=422 steplen=2.048010 a=213.337173 penalty=[0.83, 0.83, 0.83, 0.83]
Info:    update_chains distance 434.49
Info:    system potential: 34291.511719 hpwl: 128245.851562
Info: overlap: COMB=30.9%, FF=4.2%, RAM=0.0%, MUL=0.0%
Info: coord_dist: 0.175404 grad_dist: 0.085582
Info: iter=423 steplen=2.049542 a=213.837753 penalty=[0.85, 0.85, 0.85, 0.85]
Info:    update_chains distance 436.25
Info:    system potential: 32834.160156 hpwl: 128767.234375
Info: overlap: COMB=30.2%, FF=4.4%, RAM=0.0%, MUL=0.0%
Info: coord_dist: 0.175250 grad_dist: 0.085442
Info: iter=424 steplen=2.051092 a=214.338333 penalty=[0.87, 0.87, 0.87, 0.87]
Info:    update_chains distance 438.10
Info:    system potential: 31396.417969 hpwl: 129274.796875
Info: overlap: COMB=29.8%, FF=4.2%, RAM=0.0%, MUL=0.0%
Info: coord_dist: 0.175059 grad_dist: 0.085265
Info: iter=425 steplen=2.053112 a=214.838913 penalty=[0.89, 0.89, 0.89, 0.89]
Info:    update_chains distance 439.38
Info:    system potential: 30121.751953 hpwl: 129795.484375
Info: overlap: COMB=29.1%, FF=3.9%, RAM=0.0%, MUL=0.0%
Info: coord_dist: 0.174909 grad_dist: 0.085079
Info: iter=426 steplen=2.055849 a=215.339493 penalty=[0.92, 0.92, 0.92, 0.92]
Info:    update_chains distance 440.94
Info:    system potential: 28823.443359 hpwl: 130301.960938
Info: overlap: COMB=28.5%, FF=3.7%, RAM=0.0%, MUL=0.0%
Info: coord_dist: 0.174824 grad_dist: 0.084937
Info: iter=427 steplen=2.058291 a=215.840073 penalty=[0.94, 0.94, 0.94, 0.94]
Info:    update_chains distance 442.14
Info:    system potential: 27537.847656 hpwl: 130823.562500
Info: overlap: COMB=27.9%, FF=3.4%, RAM=0.0%, MUL=0.0%
Info: coord_dist: 0.174825 grad_dist: 0.084833
Info: iter=428 steplen=2.060818 a=216.340652 penalty=[0.96, 0.96, 0.96, 0.96]
Info:    update_chains distance 443.50
Info:    system potential: 26314.400391 hpwl: 131324.093750
Info: overlap: COMB=27.9%, FF=3.6%, RAM=0.0%, MUL=0.0%
Info: coord_dist: 0.174813 grad_dist: 0.084746
Info: iter=429 steplen=2.062794 a=216.841232 penalty=[0.99, 0.99, 0.99, 0.99]
Info:    update_chains distance 444.61
Info:    system potential: 25083.455078 hpwl: 131837.171875
Info: overlap: COMB=27.3%, FF=3.2%, RAM=0.0%, MUL=0.0%
Info: coord_dist: 0.174756 grad_dist: 0.084634
Info: iter=430 steplen=2.064832 a=217.341812 penalty=[1.01, 1.01, 1.01, 1.01]
Info:    update_chains distance 445.90
Info:    system potential: 23858.943359 hpwl: 132322.734375
Info: overlap: COMB=26.8%, FF=3.5%, RAM=0.0%, MUL=0.0%
Info: coord_dist: 0.174600 grad_dist: 0.084484
Info: iter=431 steplen=2.066663 a=217.842392 penalty=[1.04, 1.04, 1.04, 1.04]
Info:    update_chains distance 446.61
Info:    system potential: 22709.591797 hpwl: 132817.859375
Info: overlap: COMB=26.2%, FF=3.1%, RAM=0.0%, MUL=0.0%
Info: coord_dist: 0.174214 grad_dist: 0.084306
Info: iter=432 steplen=2.066452 a=218.342972 penalty=[1.06, 1.06, 1.06, 1.06]
Info:    update_chains distance 447.59
Info:    system potential: 21630.294922 hpwl: 133277.156250
Info: overlap: COMB=25.6%, FF=2.9%, RAM=0.0%, MUL=0.0%
Info: coord_dist: 0.173573 grad_dist: 0.083995
Info: iter=433 steplen=2.066476 a=218.843536 penalty=[1.09, 1.09, 1.09, 1.09]
Info:    update_chains distance 448.18
Info:    system potential: 20663.419922 hpwl: 133741.781250
Info: overlap: COMB=25.0%, FF=2.9%, RAM=0.0%, MUL=0.0%
Info: coord_dist: 0.172700 grad_dist: 0.083503
Info: iter=434 steplen=2.068194 a=219.344101 penalty=[1.12, 1.12, 1.12, 1.12]
Info:    update_chains distance 449.10
Info:    system potential: 19734.441406 hpwl: 134183.781250
Info: overlap: COMB=24.4%, FF=2.8%, RAM=0.0%, MUL=0.0%
Info: coord_dist: 0.171834 grad_dist: 0.082981
Info: iter=435 steplen=2.070770 a=219.844681 penalty=[1.15, 1.15, 1.15, 1.15]
Info:    update_chains distance 449.57
Info:    system potential: 18867.146484 hpwl: 134626.671875
Info: overlap: COMB=24.0%, FF=2.7%, RAM=0.0%, MUL=0.0%
Info: coord_dist: 0.171048 grad_dist: 0.082572
Info: iter=436 steplen=2.071513 a=220.345245 penalty=[1.17, 1.17, 1.17, 1.17]
Info:    update_chains distance 450.31
Info:    system potential: 18020.859375 hpwl: 135047.687500
Info: overlap: COMB=23.8%, FF=2.7%, RAM=0.0%, MUL=0.0%
Info: coord_dist: 0.170332 grad_dist: 0.082199
Info: iter=437 steplen=2.072185 a=220.845810 penalty=[1.20, 1.20, 1.20, 1.20]
Info:    update_chains distance 450.66
Info:    system potential: 17237.900391 hpwl: 135457.640625
Info: overlap: COMB=23.2%, FF=2.5%, RAM=0.0%, MUL=0.0%
Info: coord_dist: 0.169588 grad_dist: 0.081754
Info: iter=438 steplen=2.074370 a=221.346375 penalty=[1.23, 1.23, 1.23, 1.23]
Info:    update_chains distance 451.43
Info:    system potential: 16498.933594 hpwl: 135856.750000
Info: overlap: COMB=22.7%, FF=2.6%, RAM=0.0%, MUL=0.0%
Info: coord_dist: 0.168909 grad_dist: 0.081321
Info: iter=439 steplen=2.077060 a=221.846939 penalty=[1.26, 1.26, 1.26, 1.26]
Info:    update_chains distance 452.04
Info:    system potential: 15816.792969 hpwl: 136243.890625
Info: overlap: COMB=22.0%, FF=2.4%, RAM=0.0%, MUL=0.0%
Info: coord_dist: 0.168323 grad_dist: 0.081013
Info: iter=440 steplen=2.077725 a=222.347504 penalty=[1.30, 1.30, 1.30, 1.30]
Info:    update_chains distance 453.23
Info:    system potential: 15168.061523 hpwl: 136617.953125
Info: overlap: COMB=21.8%, FF=2.3%, RAM=0.0%, MUL=0.0%
Info: coord_dist: 0.167808 grad_dist: 0.080719
Info: iter=441 steplen=2.078918 a=222.848068 penalty=[1.33, 1.33, 1.33, 1.33]
Info:    update_chains distance 454.01
Info:    system potential: 14549.710938 hpwl: 136973.437500
Info: overlap: COMB=21.2%, FF=2.1%, RAM=0.0%, MUL=0.0%
Info: coord_dist: 0.167122 grad_dist: 0.080347
Info: iter=442 steplen=2.079998 a=223.348633 penalty=[1.36, 1.36, 1.36, 1.36]
Info:    update_chains distance 455.14
Info:    system potential: 14012.304688 hpwl: 137324.343750
Info: overlap: COMB=20.8%, FF=2.0%, RAM=0.0%, MUL=0.0%
Info: coord_dist: 0.166201 grad_dist: 0.079932
Info: iter=443 steplen=2.079283 a=223.849197 penalty=[1.40, 1.40, 1.40, 1.40]
Info:    update_chains distance 455.81
Info:    system potential: 13449.343750 hpwl: 137642.703125
Info: overlap: COMB=20.7%, FF=1.8%, RAM=0.0%, MUL=0.0%
Info: coord_dist: 0.165297 grad_dist: 0.079404
Info: iter=444 steplen=2.081732 a=224.349762 penalty=[1.43, 1.43, 1.43, 1.43]
Info:    update_chains distance 456.59
Info:    system potential: 12947.724609 hpwl: 137973.218750
Info: overlap: COMB=20.4%, FF=1.6%, RAM=0.0%, MUL=0.0%
Info: coord_dist: 0.164392 grad_dist: 0.078838
Info: iter=445 steplen=2.085188 a=224.850327 penalty=[1.47, 1.47, 1.47, 1.47]
Info:    update_chains distance 456.93
Info:    system potential: 12423.333008 hpwl: 138273.875000
Info: overlap: COMB=20.1%, FF=1.7%, RAM=0.0%, MUL=0.0%
Info: coord_dist: 0.163911 grad_dist: 0.078440
Info: iter=446 steplen=2.089653 a=225.350876 penalty=[1.50, 1.50, 1.50, 1.50]
Info:    update_chains distance 457.68
Info:    system potential: 11962.882812 hpwl: 138600.062500
Info: overlap: COMB=20.1%, FF=2.0%, RAM=0.0%, MUL=0.0%
Info: coord_dist: 0.163669 grad_dist: 0.078250
Info: iter=447 steplen=2.091615 a=225.851425 penalty=[1.54, 1.54, 1.54, 1.54]
Info:    update_chains distance 458.10
Info:    system potential: 11523.691406 hpwl: 138878.593750
Info: overlap: COMB=19.7%, FF=1.9%, RAM=0.0%, MUL=0.0%
Info: coord_dist: 0.163421 grad_dist: 0.078133
Info: iter=448 steplen=2.091591 a=226.351974 penalty=[1.58, 1.58, 1.58, 1.58]
Info:    update_chains distance 458.95
Info:    system potential: 11112.025391 hpwl: 139188.718750
Info: overlap: COMB=19.3%, FF=1.9%, RAM=0.0%, MUL=0.0%
Info: coord_dist: 0.163086 grad_dist: 0.077852
Info: iter=449 steplen=2.094835 a=226.852524 penalty=[1.62, 1.62, 1.62, 1.62]
Info:    update_chains distance 459.56
Info:    system potential: 10695.295898 hpwl: 139448.859375
Info: overlap: COMB=19.1%, FF=1.7%, RAM=0.0%, MUL=0.0%
Info: coord_dist: 0.162593 grad_dist: 0.077489
Info: iter=450 steplen=2.098278 a=227.353073 penalty=[1.66, 1.66, 1.66, 1.66]
Info:    update_chains distance 460.60
Info:    system potential: 10314.656250 hpwl: 139763.062500
Info: overlap: COMB=18.8%, FF=1.8%, RAM=0.0%, MUL=0.0%
Info: coord_dist: 0.162129 grad_dist: 0.077241
Info: iter=451 steplen=2.099002 a=227.853622 penalty=[1.70, 1.70, 1.70, 1.70]
Info:    update_chains distance 461.25
Info:    system potential: 9902.566406 hpwl: 140011.531250
Info: overlap: COMB=18.4%, FF=1.7%, RAM=0.0%, MUL=0.0%
Info: coord_dist: 0.161913 grad_dist: 0.076991
Info: iter=452 steplen=2.103029 a=228.354172 penalty=[1.74, 1.74, 1.74, 1.74]
Info:    update_chains distance 461.91
Info:    system potential: 9538.675781 hpwl: 140323.812500
Info: overlap: COMB=18.1%, FF=1.5%, RAM=0.0%, MUL=0.0%
Info: coord_dist: 0.161786 grad_dist: 0.076729
Info: iter=453 steplen=2.108548 a=228.854721 penalty=[1.79, 1.79, 1.79, 1.79]
Info:    update_chains distance 462.48
Info:    system potential: 9133.239258 hpwl: 140578.937500
Info: overlap: COMB=17.8%, FF=1.4%, RAM=0.0%, MUL=0.0%
Info: coord_dist: 0.161871 grad_dist: 0.076684
Info: iter=454 steplen=2.110883 a=229.355270 penalty=[1.83, 1.83, 1.83, 1.83]
Info:    update_chains distance 463.35
Info:    system potential: 8760.636719 hpwl: 140894.234375
Info: overlap: COMB=17.4%, FF=1.5%, RAM=0.0%, MUL=0.0%
Info: coord_dist: 0.161743 grad_dist: 0.076727
Info: iter=455 steplen=2.108043 a=229.855820 penalty=[1.88, 1.88, 1.88, 1.88]
Info:    update_chains distance 463.91
Info:    system potential: 8430.484375 hpwl: 141135.718750
Info: overlap: COMB=17.3%, FF=1.5%, RAM=0.0%, MUL=0.0%
Info: coord_dist: 0.161242 grad_dist: 0.076449
Info: iter=456 steplen=2.109155 a=230.356369 penalty=[1.92, 1.92, 1.92, 1.92]
Info:    update_chains distance 464.53
Info:    system potential: 8101.475098 hpwl: 141441.859375
Info: overlap: COMB=17.0%, FF=1.5%, RAM=0.0%, MUL=0.0%
Info: coord_dist: 0.160544 grad_dist: 0.075857
Info: iter=457 steplen=2.116397 a=230.856918 penalty=[1.97, 1.97, 1.97, 1.97]
Info:    update_chains distance 465.08
Info:    system potential: 7765.088867 hpwl: 141703.937500
Info: overlap: COMB=16.6%, FF=1.4%, RAM=0.0%, MUL=0.0%
Info: coord_dist: 0.159941 grad_dist: 0.075492
Info: iter=458 steplen=2.118638 a=231.357468 penalty=[2.02, 2.02, 2.02, 2.02]
Info:    update_chains distance 465.67
Info:    system potential: 7434.513672 hpwl: 142017.578125
Info: overlap: COMB=16.3%, FF=1.4%, RAM=0.0%, MUL=0.0%
Info: coord_dist: 0.159570 grad_dist: 0.075390
Info: iter=459 steplen=2.116598 a=231.858002 penalty=[2.07, 2.07, 2.07, 2.07]
Info:    update_chains distance 466.33
Info:    system potential: 7129.029785 hpwl: 142272.234375
Info: overlap: COMB=16.1%, FF=1.1%, RAM=0.0%, MUL=0.0%
Info: coord_dist: 0.158951 grad_dist: 0.075050
Info: iter=460 steplen=2.117938 a=232.358536 penalty=[2.12, 2.12, 2.12, 2.12]
Info:    update_chains distance 467.25
Info:    system potential: 6845.776855 hpwl: 142581.718750
Info: overlap: COMB=15.8%, FF=1.1%, RAM=0.0%, MUL=0.0%
Info: coord_dist: 0.157981 grad_dist: 0.074435
Info: iter=461 steplen=2.122388 a=232.859070 penalty=[2.18, 2.18, 2.18, 2.18]
Info:    update_chains distance 468.16
Info:    system potential: 6588.242676 hpwl: 142842.734375
Info: overlap: COMB=15.4%, FF=1.2%, RAM=0.0%, MUL=0.0%
Info: coord_dist: 0.157232 grad_dist: 0.073915
Info: iter=462 steplen=2.127196 a=233.359604 penalty=[2.23, 2.23, 2.23, 2.23]
Info:    update_chains distance 469.41
Info:    system potential: 6301.302246 hpwl: 143155.875000
Info: overlap: COMB=15.7%, FF=1.2%, RAM=0.0%, MUL=0.0%
Info: coord_dist: 0.156984 grad_dist: 0.073639
Info: iter=463 steplen=2.131798 a=233.860138 penalty=[2.29, 2.29, 2.29, 2.29]
Info:    update_chains distance 470.54
Info:    system potential: 6057.123535 hpwl: 143425.281250
Info: overlap: COMB=15.4%, FF=1.3%, RAM=0.0%, MUL=0.0%
Info: coord_dist: 0.156727 grad_dist: 0.073522
Info: iter=464 steplen=2.131715 a=234.360672 penalty=[2.34, 2.34, 2.34, 2.34]
Info:    update_chains distance 471.61
Info:    system potential: 5776.902344 hpwl: 143725.671875
Info: overlap: COMB=15.1%, FF=1.3%, RAM=0.0%, MUL=0.0%
Info: coord_dist: 0.156326 grad_dist: 0.073320
Info: iter=465 steplen=2.132102 a=234.861206 penalty=[2.40, 2.40, 2.40, 2.40]
Info:    update_chains distance 472.30
Info:    system potential: 5557.244141 hpwl: 143986.046875
Info: overlap: COMB=14.8%, FF=1.2%, RAM=0.0%, MUL=0.0%
Info: coord_dist: 0.155186 grad_dist: 0.072834
Info: iter=466 steplen=2.130677 a=235.361740 penalty=[2.46, 2.46, 2.46, 2.46]
Info:    update_chains distance 473.63
Info:    system potential: 5319.213379 hpwl: 144268.250000
Info: overlap: COMB=14.0%, FF=1.3%, RAM=0.0%, MUL=0.0%
Info: coord_dist: 0.154075 grad_dist: 0.072111
Info: iter=467 steplen=2.136635 a=235.862274 penalty=[2.52, 2.52, 2.52, 2.52]
Info:    update_chains distance 474.89
Info:    system potential: 5082.393066 hpwl: 144528.281250
Info: overlap: COMB=13.8%, FF=1.3%, RAM=0.0%, MUL=0.0%
Info: coord_dist: 0.153111 grad_dist: 0.071433
Info: iter=468 steplen=2.143432 a=236.362808 penalty=[2.59, 2.59, 2.59, 2.59]
Info:    update_chains distance 476.11
Info:    system potential: 4869.984863 hpwl: 144809.843750
Info: overlap: COMB=13.4%, FF=1.2%, RAM=0.0%, MUL=0.0%
Info: coord_dist: 0.152972 grad_dist: 0.071160
Info: iter=469 steplen=2.149685 a=236.863342 penalty=[2.65, 2.65, 2.65, 2.65]
Info:    update_chains distance 476.98
Info:    system potential: 4643.716309 hpwl: 145067.109375
Info: overlap: COMB=13.2%, FF=0.9%, RAM=0.0%, MUL=0.0%
Info: coord_dist: 0.153304 grad_dist: 0.071225
Info: iter=470 steplen=2.152397 a=237.363861 penalty=[2.72, 2.72, 2.72, 2.72]
Info:    update_chains distance 477.85
Info:    system potential: 4461.454590 hpwl: 145326.531250
Info: overlap: COMB=13.0%, FF=0.8%, RAM=0.0%, MUL=0.0%
Info: coord_dist: 0.153390 grad_dist: 0.071300
Info: iter=471 steplen=2.151330 a=237.864380 penalty=[2.79, 2.79, 2.79, 2.79]
Info:    update_chains distance 478.07
Info:    system potential: 4268.108398 hpwl: 145554.406250
Info: overlap: COMB=12.7%, FF=0.9%, RAM=0.0%, MUL=0.0%
Info: coord_dist: 0.153334 grad_dist: 0.071096
Info: iter=472 steplen=2.156715 a=238.364914 penalty=[2.86, 2.86, 2.86, 2.86]
Info:    update_chains distance 478.78
Info:    system potential: 4078.253174 hpwl: 145787.968750
Info: overlap: COMB=12.5%, FF=0.9%, RAM=0.0%, MUL=0.0%
Info: coord_dist: 0.153043 grad_dist: 0.070766
Info: iter=473 steplen=2.162667 a=238.865433 penalty=[2.93, 2.93, 2.93, 2.93]
Info:    update_chains distance 479.41
Info:    system potential: 3917.518799 hpwl: 146010.359375
Info: overlap: COMB=12.3%, FF=0.8%, RAM=0.0%, MUL=0.0%
Info: coord_dist: 0.152932 grad_dist: 0.070660
Info: iter=474 steplen=2.164347 a=239.365952 penalty=[3.00, 3.00, 3.00, 3.00]
Info:    update_chains distance 480.25
Info:    system potential: 3758.513428 hpwl: 146219.406250
Info: overlap: COMB=11.9%, FF=0.6%, RAM=0.0%, MUL=0.0%
Info: coord_dist: 0.153350 grad_dist: 0.070560
Info: iter=475 steplen=2.173333 a=239.866470 penalty=[3.07, 3.07, 3.07, 3.07]
Info:    update_chains distance 481.13
Info:    system potential: 3619.491699 hpwl: 146431.187500
Info: overlap: COMB=11.8%, FF=0.5%, RAM=0.0%, MUL=0.0%
Info: coord_dist: 0.153576 grad_dist: 0.070573
Info: iter=476 steplen=2.176136 a=240.366989 penalty=[3.15, 3.15, 3.15, 3.15]
Info:    update_chains distance 482.62
Info:    system potential: 3508.918945 hpwl: 146631.578125
Info: overlap: COMB=11.5%, FF=0.7%, RAM=0.0%, MUL=0.0%
Info: coord_dist: 0.153543 grad_dist: 0.070685
Info: iter=477 steplen=2.172205 a=240.867508 penalty=[3.23, 3.23, 3.23, 3.23]
Info:    update_chains distance 483.21
Info:    system potential: 3374.741211 hpwl: 146804.765625
Info: overlap: COMB=11.2%, FF=0.7%, RAM=0.0%, MUL=0.0%
Info: coord_dist: 0.153227 grad_dist: 0.070396
Info: iter=478 steplen=2.176660 a=241.368027 penalty=[3.31, 3.31, 3.31, 3.31]
Info:    update_chains distance 484.26
Info:    system potential: 3255.671875 hpwl: 146994.984375
Info: overlap: COMB=11.0%, FF=0.7%, RAM=0.0%, MUL=0.0%
Info: coord_dist: 0.152323 grad_dist: 0.069792
Info: iter=479 steplen=2.182525 a=241.868546 penalty=[3.39, 3.39, 3.39, 3.39]
Info:    update_chains distance 485.27
Info:    system potential: 3144.638672 hpwl: 147172.062500
Info: overlap: COMB=10.9%, FF=0.5%, RAM=0.0%, MUL=0.0%
Info: coord_dist: 0.151657 grad_dist: 0.069385
Info: iter=480 steplen=2.185716 a=242.369064 penalty=[3.48, 3.48, 3.48, 3.48]
Info:    update_chains distance 486.61
Info:    system potential: 3011.866699 hpwl: 147366.593750
Info: overlap: COMB=10.7%, FF=0.4%, RAM=0.0%, MUL=0.0%
Info: coord_dist: 0.151521 grad_dist: 0.069117
Info: iter=481 steplen=2.192243 a=242.869583 penalty=[3.57, 3.57, 3.57, 3.57]
Info:    update_chains distance 487.51
Info:    system potential: 2905.388428 hpwl: 147543.781250
Info: overlap: COMB=10.4%, FF=0.4%, RAM=0.0%, MUL=0.0%
Info: coord_dist: 0.151530 grad_dist: 0.068924
Info: iter=482 steplen=2.198524 a=243.370102 penalty=[3.65, 3.65, 3.65, 3.65]
Info:    update_chains distance 489.26
Info:    system potential: 2802.557129 hpwl: 147748.046875
Info: overlap: COMB=10.2%, FF=0.5%, RAM=0.0%, MUL=0.0%
Info: coord_dist: 0.151931 grad_dist: 0.068858
Info: iter=483 steplen=2.206452 a=243.870621 penalty=[3.75, 3.75, 3.75, 3.75]
Info:    update_chains distance 490.59
Info:    system potential: 2689.866699 hpwl: 147929.328125
Info: overlap: COMB=10.0%, FF=0.5%, RAM=0.0%, MUL=0.0%
Info: coord_dist: 0.152483 grad_dist: 0.068981
Info: iter=484 steplen=2.210502 a=244.371124 penalty=[3.84, 3.84, 3.84, 3.84]
Info:    update_chains distance 492.25
Info:    system potential: 2593.473633 hpwl: 148131.437500
Info: overlap: COMB=10.0%, FF=0.6%, RAM=0.0%, MUL=0.0%
Info: Strict legalising 24792 cells...
Info: HPWL after legalise: 159214.000000 (delta: 11082.562500)

Info: Running simulated annealing placer for refinement.
Info:   at iteration #1: temp = 0.000000, timing cost = 0, wirelen = 159011
Info:   at iteration #5: temp = 0.000000, timing cost = 0, wirelen = 148373
Info:   at iteration #10: temp = 0.000000, timing cost = 0, wirelen = 146766
Info:   at iteration #15: temp = 0.000000, timing cost = 0, wirelen = 146348
Info:   at iteration #20: temp = 0.000000, timing cost = 0, wirelen = 146242
Info:   at iteration #23: temp = 0.000000, timing cost = 0, wirelen = 146233 
Info: SA placement time 37.59s

Info: Max frequency for clock '$glbnet$core_clk': 13.43 MHz (PASS at 10.00 MHz)

Info: Max delay <async>                  -> posedge $glbnet$core_clk: 3.52 ns
Info: Max delay posedge $glbnet$core_clk -> <async>                 : 9.48 ns

Info: Slack histogram:
Info:  legend: * represents 36 endpoint(s)
Info:          + represents [1,36) endpoint(s)
Info: [ 25523,  29209) |***+
Info: [ 29209,  32895) |+
Info: [ 32895,  36581) | 
Info: [ 36581,  40267) | 
Info: [ 40267,  43953) | 
Info: [ 43953,  47639) | 
Info: [ 47639,  51325) | 
Info: [ 51325,  55011) |+
Info: [ 55011,  58697) |*********+
Info: [ 58697,  62383) |**************************************+
Info: [ 62383,  66069) |******************************+
Info: [ 66069,  69755) |*******+
Info: [ 69755,  73441) |*+
Info: [ 73441,  77127) |*************+
Info: [ 77127,  80813) |***************************************************+
Info: [ 80813,  84499) |************************************************************ 
Info: [ 84499,  88185) |******************************************************+
Info: [ 88185,  91871) |**********************************+
Info: [ 91871,  95557) |*****************+
Info: [ 95557,  99243) |**+
Info: Checksum: 0xd4f9c64c
Info: Routing globals...
Info:     routing clock net $glbnet$core_clk using global 0

Info: Routing..
Info: Setting up routing queue.
Info: Routing 111218 arcs.
Info:            |   (re-)routed arcs  |   delta    | remaining|       time spent     |
Info:    IterCnt |  w/ripup   wo/ripup |  w/r  wo/r |      arcs| batch(sec) total(sec)|
Info:       1000 |        0        999 |    0   999 |    110219|       1.78       1.78|
Info:       2000 |        0       1999 |    0  1000 |    109219|       0.37       2.15|
Info:       3000 |        0       2999 |    0  1000 |    108219|       0.35       2.49|
Info:       4000 |        3       3996 |    3   997 |    107224|       0.37       2.87|
Info:       5000 |        4       4995 |    1   999 |    106225|       0.38       3.24|
Info:       6000 |       16       5983 |   12   988 |    105277|       0.43       3.67|
Info:       7000 |       32       6967 |   16   984 |    104294|       0.39       4.06|
Info:       8000 |       53       7946 |   21   979 |    103333|       0.42       4.48|
Info:       9000 |       56       8943 |    3   997 |    102349|       0.37       4.85|
Info:      10000 |       66       9933 |   10   990 |    101382|       0.41       5.26|
Info:      11000 |       69      10930 |    3   997 |    100392|       0.36       5.62|
Info:      12000 |       78      11921 |    9   991 |     99410|       0.53       6.15|
Info:      13000 |       82      12917 |    4   996 |     98418|       0.42       6.57|
Info:      14000 |       93      13906 |   11   989 |     97435|       0.43       7.00|
Info:      15000 |      112      14887 |   19   981 |     96475|       0.51       7.51|
Info:      16000 |      125      15874 |   13   987 |     95495|       0.51       8.02|
Info:      17000 |      149      16850 |   24   976 |     94537|       0.52       8.55|
Info:      18000 |      173      17826 |   24   976 |     93583|       0.45       9.00|
Info:      19000 |      187      18812 |   14   986 |     92609|       0.48       9.48|
Info:      20000 |      217      19782 |   30   970 |     91682|       0.51       9.99|
Info:      21000 |      251      20748 |   34   966 |     90736|       0.54      10.52|
Info:      22000 |      308      21691 |   57   943 |     89903|       0.53      11.05|
Info:      23000 |      342      22657 |   34   966 |     88962|       0.64      11.69|
Info:      24000 |      408      23591 |   66   934 |     88119|       0.55      12.24|
Info:      25000 |      487      24512 |   79   921 |     87318|       0.69      12.93|
Info:      26000 |      575      25424 |   88   912 |     86561|       0.64      13.56|
Info:      27000 |      658      26341 |   83   917 |     85860|       0.61      14.17|
Info:      28000 |      768      27231 |  110   890 |     85094|       0.67      14.85|
Info:      29000 |      850      28149 |   82   918 |     84271|       0.62      15.46|
Info:      30000 |      987      29012 |  137   863 |     83573|       0.88      16.34|
Info:      31000 |     1104      29895 |  117   883 |     82891|       0.80      17.13|
Info:      32000 |     1194      30805 |   90   910 |     82097|       0.65      17.78|
Info:      33000 |     1312      31687 |  118   882 |     81364|       0.66      18.44|
Info:      34000 |     1398      32601 |   86   914 |     80496|       0.58      19.03|
Info:      35000 |     1530      33469 |  132   868 |     79771|       0.68      19.71|
Info:      36000 |     1683      34316 |  153   847 |     79110|       0.75      20.46|
Info:      37000 |     1794      35205 |  111   889 |     78356|       0.66      21.11|
Info:      38000 |     1948      36051 |  154   846 |     77671|       0.73      21.84|
Info:      39000 |     2112      36887 |  164   836 |     77049|       0.81      22.65|
Info:      40000 |     2309      37690 |  197   803 |     76517|       1.01      23.66|
Info:      41000 |     2405      38594 |   96   904 |     75710|       0.61      24.27|
Info:      42000 |     2575      39424 |  170   830 |     75021|       0.81      25.09|
Info:      43000 |     2741      40258 |  166   834 |     74388|       0.87      25.96|
Info:      44000 |     3006      40993 |  265   735 |     73977|       1.03      26.98|
Info:      45000 |     3109      41890 |  103   897 |     73144|       0.70      27.68|
Info:      46000 |     3220      42779 |  111   889 |     72327|       0.73      28.42|
Info:      47000 |     3404      43595 |  184   816 |     71645|       0.82      29.24|
Info:      48000 |     3543      44456 |  139   861 |     70931|       0.73      29.97|
Info:      49000 |     3679      45320 |  136   864 |     70198|       0.83      30.80|
Info:      50000 |     3893      46031 |  214   711 |     69611|       0.95      31.75|
Info:      51000 |     4183      46715 |  290   684 |     69286|       1.27      33.03|
Info:      52000 |     4280      47527 |   97   812 |     68466|       0.67      33.69|
Info:      53000 |     4484      48289 |  204   762 |     67948|       0.97      34.66|
Info:      54000 |     4673      49094 |  189   805 |     67375|       1.06      35.71|
Info:      55000 |     4780      49966 |  107   872 |     66588|       0.66      36.38|
Info:      56000 |     4895      50849 |  115   883 |     65765|       0.66      37.04|
Info:      57000 |     5238      51502 |  343   653 |     65489|       1.52      38.56|
Info:      58000 |     5460      52273 |  222   771 |     64954|       1.03      39.59|
Info:      59000 |     5598      53123 |  138   850 |     64153|       0.72      40.31|
Info:      60000 |     5814      53902 |  216   779 |     63562|       0.96      41.27|
Info:      61000 |     5994      54722 |  180   820 |     62859|       0.87      42.14|
Info:      62000 |     6216      55496 |  222   774 |     62305|       1.11      43.25|
Info:      63000 |     6365      56345 |  149   849 |     61528|       0.72      43.97|
Info:      64000 |     6482      57222 |  117   877 |     60822|       0.62      44.59|
Info:      65000 |     6670      58030 |  188   808 |     60269|       0.89      45.48|
Info:      66000 |     6821      58872 |  151   842 |     59576|       0.87      46.34|
Info:      67000 |     6967      59707 |  146   835 |     58793|       0.69      47.04|
Info:      68000 |     7138      60497 |  171   790 |     58132|       0.87      47.91|
Info:      69000 |     7304      61284 |  166   787 |     57353|       0.79      48.70|
Info:      70000 |     7556      61988 |  252   704 |     56847|       1.25      49.95|
Info:      71000 |     8015      62529 |  459   541 |     56915|       2.23      52.17|
Info:      72000 |     8317      63199 |  302   670 |     56447|       1.41      53.58|
Info:      73000 |     8431      64022 |  114   823 |     55623|       0.62      54.20|
Info:      74000 |     8686      64735 |  255   713 |     55061|       1.52      55.72|
Info:      75000 |     8837      65563 |  151   828 |     54405|       0.84      56.56|
Info:      76000 |     9067      66307 |  230   744 |     53811|       1.21      57.77|
Info:      77000 |     9233      67105 |  166   798 |     53038|       0.81      58.58|
Info:      78000 |     9343      67987 |  110   882 |     52242|       0.85      59.43|
Info:      79000 |     9554      68769 |  211   782 |     51762|       1.36      60.78|
Info:      80000 |     9741      69573 |  187   804 |     51029|       1.15      61.94|
Info:      81000 |     9872      70430 |  131   857 |     50254|       0.78      62.72|
Info:      82000 |    10174      71122 |  302   692 |     49835|       1.85      64.57|
Info:      83000 |    10436      71845 |  262   723 |     49406|       1.55      66.11|
Info:      84000 |    10577      72695 |  141   850 |     48657|       1.08      67.19|
Info:      85000 |    10728      73538 |  151   843 |     47963|       1.09      68.28|
Info:      86000 |    10824      74437 |   96   899 |     47191|       0.72      68.99|
Info:      87000 |    10897      75359 |   73   922 |     46280|       0.51      69.50|
Info:      88000 |    10970      76278 |   73   919 |     45410|       0.52      70.02|
Info:      89000 |    11111      77130 |  141   852 |     44600|       0.73      70.75|
Info:      90000 |    11225      77964 |  114   834 |     43717|       0.52      71.27|
Info:      91000 |    11336      78792 |  111   828 |     42863|       0.71      71.97|
Info:      92000 |    11489      79530 |  153   738 |     42057|       0.64      72.61|
Info:      93000 |    11805      80214 |  316   684 |     42030|       1.93      74.55|
Info:      94000 |    12016      80923 |  211   709 |     41309|       0.96      75.51|
Info:      95000 |    12251      81655 |  235   732 |     40713|       1.23      76.74|
Info:      96000 |    12442      82418 |  191   763 |     39952|       0.70      77.43|
Info:      97000 |    12629      83199 |  187   781 |     39171|       0.72      78.16|
Info:      98000 |    13104      83724 |  475   525 |     39187|       2.73      80.89|
Info:      99000 |    13445      84369 |  341   645 |     38741|       1.84      82.73|
Info:     100000 |    13827      84983 |  382   614 |     38519|       2.24      84.97|
Info:     101000 |    14150      85653 |  323   670 |     38049|       1.41      86.38|
Info:     102000 |    14415      86376 |  265   723 |     37521|       1.26      87.64|
Info:     103000 |    14637      87120 |  222   744 |     36847|       1.18      88.82|
Info:     104000 |    14738      87971 |  101   851 |     35950|       0.57      89.39|
Info:     105000 |    14803      88803 |   65   832 |     35027|       0.52      89.91|
Info:     106000 |    14904      89643 |  101   840 |     34215|       0.79      90.70|
Info:     107000 |    14964      90474 |   60   831 |     33293|       0.58      91.28|
Info:     108000 |    15033      91322 |   69   848 |     32379|       0.52      91.80|
Info:     109000 |    15094      92200 |   61   878 |     31515|       0.51      92.31|
Info:     110000 |    15165      93038 |   71   838 |     30623|       0.51      92.82|
Info:     111000 |    15250      93825 |   85   787 |     29742|       0.57      93.39|
Info:     112000 |    15334      94563 |   84   738 |     28858|       0.62      94.00|
Info:     113000 |    15416      95303 |   82   740 |     27995|       0.54      94.54|
Info:     114000 |    15472      96069 |   56   766 |     27071|       0.50      95.05|
Info:     115000 |    15537      96894 |   65   825 |     26137|       0.62      95.67|
Info:     116000 |    15595      97710 |   58   816 |     25215|       0.48      96.15|
Info:     117000 |    15659      98505 |   64   795 |     24279|       0.56      96.71|
Info:     118000 |    15729      99299 |   70   794 |     23358|       0.69      97.40|
Info:     119000 |    15787     100125 |   58   826 |     22420|       0.48      97.88|
Info:     120000 |    15852     100956 |   65   831 |     21678|       0.52      98.40|
Info:     121000 |    15937     101754 |   85   798 |     20813|       0.55      98.95|
Info:     122000 |    16005     102629 |   68   875 |     19901|       0.55      99.49|
Info:     123000 |    16086     103514 |   81   885 |     18988|       0.57     100.07|
Info:     124000 |    16190     104389 |  104   875 |     18111|       0.65     100.72|
Info:     125000 |    16291     105194 |  101   805 |     17235|       0.59     101.32|
Info:     126000 |    16376     105980 |   85   786 |     16331|       0.57     101.88|
Info:     127000 |    16504     106762 |  128   782 |     15495|       0.71     102.59|
Info:     128000 |    16607     107604 |  103   842 |     14604|       0.64     103.23|
Info:     129000 |    16726     108424 |  119   820 |     13730|       0.63     103.86|
Info:     130000 |    16825     109281 |   99   857 |     12833|       0.61     104.47|
Info:     131000 |    16904     110145 |   79   864 |     11912|       0.53     105.00|
Info:     132000 |    17032     110980 |  128   835 |     11063|       0.70     105.71|
Info:     133000 |    17110     111881 |   78   901 |     10149|       0.53     106.24|
Info:     134000 |    17163     112749 |   53   868 |      9209|       0.55     106.79|
Info:     135000 |    17237     113573 |   74   824 |      8294|       0.51     107.29|
Info:     136000 |    17304     114453 |   67   880 |      7372|       0.54     107.83|
Info:     137000 |    17531     115226 |  227   773 |      6744|       1.05     108.88|
Info:     138000 |    17793     115964 |  262   738 |      6018|       0.77     109.65|
Info:     139000 |    18042     116715 |  249   751 |      5287|       0.70     110.35|
Info:     140000 |    18340     117417 |  298   702 |      4783|       1.20     111.55|
Info:     141000 |    18603     118154 |  263   737 |      4109|       0.84     112.39|
Info:     142000 |    18878     118879 |  275   725 |      3492|       1.04     113.43|
Info:     143000 |    19135     119622 |  257   743 |      2775|       0.74     114.18|
Info:     144000 |    19407     120350 |  272   728 |      2048|       0.66     114.83|
Info:     145000 |    19638     121113 |  231   763 |      1282|       0.63     115.46|
Info:     146000 |    19645     121745 |    7   632 |       291|       0.45     115.91|
Info:     146290 |    19645     121917 |    0   172 |         0|       0.35     116.26|
Info: Routing complete.
Info: Router1 time 116.26s
Info: Checksum: 0x323f3232

Info: Critical path report for clock '$glbnet$core_clk' (posedge -> posedge):
Info:       type curr  total name
Info:   clk-to-q  0.52  0.52 Source bridge.g_packet.asic.packet_core.adapter.datapath.multiplier.impl.rst_n_TRELLIS_FF_Q.Q
Info:    routing  5.85  6.37 Net bridge.por_shift[7] (9,8) -> (32,83)
Info:                          Sink bridge.g_packet.asic.packet_core.adapter.datapath.multiplier.impl.rst_n_LUT4_D.D
Info:                          Defined in:
Info:                               ulx3s_packet_top.sv:14.60-17.6
Info:                               uart_tx.sv:11.23-11.28
Info:                               uart_bridge.sv:59.7-66.6
Info:      logic  0.24  6.61 Source bridge.g_packet.asic.packet_core.adapter.datapath.multiplier.impl.rst_n_LUT4_D.F
Info:    routing  2.64  9.25 Net bridge.g_packet.asic.packet_core.last_status_TRELLIS_FF_Q_7_DI_LUT4_Z_C_LUT4_Z_D_LUT4_D_Z_LUT4_Z_1_D_LUT4_Z_D_LUT4_D_Z_LUT4_Z_1_D[0] (32,83) -> (76,77)
Info:                          Sink bridge.g_packet.asic.packet_core.last_status_TRELLIS_FF_Q_7_DI_LUT4_Z_C_LUT4_Z_D_LUT4_Z_D_LUT4_D_Z_LUT4_Z_B_LUT4_C_Z_LUT4_Z_D_LUT4_C_Z_LUT4_D_Z_LUT4_Z_D_LUT4_D_Z_CCU2C_S0_S1_PFUMX_Z_BLUT_LUT4_Z_B_CCU2C_S1_COUT_CCU2C_CIN_COUT_CCU2C_CIN_COUT_CCU2C_CIN_COUT_CCU2C_CIN_S0_LUT4_Z.D
Info:                          Defined in:
Info:                               /usr/bin/../share/yosys/ecp5/cells_map.v:108.23-108.24
Info:      logic  0.24  9.49 Source bridge.g_packet.asic.packet_core.last_status_TRELLIS_FF_Q_7_DI_LUT4_Z_C_LUT4_Z_D_LUT4_Z_D_LUT4_D_Z_LUT4_Z_B_LUT4_C_Z_LUT4_Z_D_LUT4_C_Z_LUT4_D_Z_LUT4_Z_D_LUT4_D_Z_CCU2C_S0_S1_PFUMX_Z_BLUT_LUT4_Z_B_CCU2C_S1_COUT_CCU2C_CIN_COUT_CCU2C_CIN_COUT_CCU2C_CIN_COUT_CCU2C_CIN_S0_LUT4_Z.F
Info:    routing  1.20  10.69 Net bridge.g_packet.asic.packet_core.last_status_TRELLIS_FF_Q_7_DI_LUT4_Z_C_LUT4_Z_D_LUT4_Z_D_LUT4_D_Z_LUT4_Z_B_LUT4_C_Z_LUT4_Z_D_LUT4_C_Z_LUT4_D_Z_LUT4_Z_D_LUT4_D_Z_CCU2C_S0_COUT_CCU2C_CIN_S0_PFUMX_Z_BLUT_LUT4_Z_B[1] (76,77) -> (80,77)
Info:                          Sink bridge.g_packet.asic.packet_core.last_status_TRELLIS_FF_Q_7_DI_LUT4_Z_C_LUT4_Z_D_LUT4_Z_D_LUT4_D_Z_LUT4_Z_B_LUT4_C_Z_LUT4_Z_D_LUT4_C_Z_LUT4_D_Z_LUT4_Z_D_LUT4_D_Z_CCU2C_S0_S1_PFUMX_Z_BLUT_LUT4_Z_B_CCU2C_S1_COUT_CCU2C_CIN_COUT_CCU2C_CIN_COUT_CCU2C_CIN_COUT_CCU2C_CIN_S0_LUT4_B.B
Info:                          Defined in:
Info:                               /usr/bin/../share/yosys/ecp5/cells_map.v:108.23-108.24
Info:      logic  0.24  10.92 Source bridge.g_packet.asic.packet_core.last_status_TRELLIS_FF_Q_7_DI_LUT4_Z_C_LUT4_Z_D_LUT4_Z_D_LUT4_D_Z_LUT4_Z_B_LUT4_C_Z_LUT4_Z_D_LUT4_C_Z_LUT4_D_Z_LUT4_Z_D_LUT4_D_Z_CCU2C_S0_S1_PFUMX_Z_BLUT_LUT4_Z_B_CCU2C_S1_COUT_CCU2C_CIN_COUT_CCU2C_CIN_COUT_CCU2C_CIN_COUT_CCU2C_CIN_S0_LUT4_B.F
Info:    routing  0.00  10.92 Net bridge.g_packet.asic.packet_core.last_status_TRELLIS_FF_Q_7_DI_LUT4_Z_C_LUT4_Z_D_LUT4_Z_D_LUT4_D_Z_LUT4_Z_B_LUT4_C_Z_LUT4_Z_D_LUT4_C_Z_LUT4_D_Z_LUT4_Z_D_LUT4_D_Z_CCU2C_S0_S1_PFUMX_Z_BLUT_LUT4_Z_B_CCU2C_S1_COUT_CCU2C_CIN_COUT_CCU2C_CIN_COUT_CCU2C_CIN_COUT_CCU2C_CIN_S0_LUT4_B_Z (80,77) -> (80,77)
Info:                          Sink bridge.g_packet.asic.packet_core.last_status_TRELLIS_FF_Q_7_DI_LUT4_Z_C_LUT4_Z_D_LUT4_Z_D_LUT4_D_Z_LUT4_Z_B_LUT4_C_Z_LUT4_Z_D_LUT4_C_Z_LUT4_D_Z_LUT4_Z_D_LUT4_D_Z_CCU2C_S0_S1_PFUMX_Z_BLUT_LUT4_Z_B_CCU2C_S1_COUT_CCU2C_CIN_COUT_CCU2C_CIN_COUT_CCU2C_CIN_COUT_CCU2C_CIN_S0_LUT4_C.F1
Info:                          Defined in:
Info:                               /usr/bin/../share/yosys/ecp5/cells_map.v:133.22-133.24
Info:      logic  0.17  11.09 Source bridge.g_packet.asic.packet_core.last_status_TRELLIS_FF_Q_7_DI_LUT4_Z_C_LUT4_Z_D_LUT4_Z_D_LUT4_D_Z_LUT4_Z_B_LUT4_C_Z_LUT4_Z_D_LUT4_C_Z_LUT4_D_Z_LUT4_Z_D_LUT4_D_Z_CCU2C_S0_S1_PFUMX_Z_BLUT_LUT4_Z_B_CCU2C_S1_COUT_CCU2C_CIN_COUT_CCU2C_CIN_COUT_CCU2C_CIN_COUT_CCU2C_CIN_S0_LUT4_C.OFX
Info:    routing  1.16  12.24 Net bridge.g_packet.asic.packet_core.last_status_TRELLIS_FF_Q_7_DI_LUT4_Z_C_LUT4_Z_D_LUT4_Z_D_LUT4_D_Z_LUT4_Z_B_LUT4_C_Z_LUT4_Z_D_LUT4_C_Z_LUT4_D_Z_LUT4_Z_D_LUT4_D_Z_CCU2C_S0_COUT_CCU2C_CIN_S1_CCU2C_A1_S0_LUT4_Z_C_PFUMX_Z_C0[3] (80,77) -> (81,74)
Info:                          Sink bridge.g_packet.asic.packet_core.state_valid_LUT4_A_Z_LUT4_A_Z_LUT4_A_Z_LUT4_C_Z_LUT4_C_Z_LUT4_C_Z_LUT4_Z_3_D_LUT4_Z_A_LUT4_Z_C_LUT4_C_1_Z_CCU2C_S0_CIN_CCU2C_COUT_S0_CCU2C_S1_CIN_CCU2C_COUT_CIN_CCU2C_COUT_CIN_CCU2C_COUT_CIN_CCU2C_COUT_CIN_CCU2C_COUT_CIN_CCU2C_COUT$CCU2_COMB0.A
Info:                          Defined in:
Info:                               /usr/bin/../share/yosys/ecp5/cells_map.v:108.23-108.24
Info:      logic  0.45  12.69 Source bridge.g_packet.asic.packet_core.state_valid_LUT4_A_Z_LUT4_A_Z_LUT4_A_Z_LUT4_C_Z_LUT4_C_Z_LUT4_C_Z_LUT4_Z_3_D_LUT4_Z_A_LUT4_Z_C_LUT4_C_1_Z_CCU2C_S0_CIN_CCU2C_COUT_S0_CCU2C_S1_CIN_CCU2C_COUT_CIN_CCU2C_COUT_CIN_CCU2C_COUT_CIN_CCU2C_COUT_CIN_CCU2C_COUT_CIN_CCU2C_COUT$CCU2_COMB0.FCO
Info:    routing  0.00  12.69 Net bridge.g_packet.asic.packet_core.state_valid_LUT4_A_Z_LUT4_A_Z_LUT4_A_Z_LUT4_C_Z_LUT4_C_Z_LUT4_C_Z_LUT4_Z_3_D_LUT4_Z_A_LUT4_Z_C_LUT4_C_1_Z_CCU2C_S0_CIN_CCU2C_COUT_S0_CCU2C_S1_CIN_CCU2C_COUT_CIN_CCU2C_COUT_CIN_CCU2C_COUT_CIN_CCU2C_COUT_CIN_CCU2C_COUT_CIN_CCU2C_COUT$CCU2_FCI_INT (81,74) -> (81,74)
Info:                          Sink bridge.g_packet.asic.packet_core.state_valid_LUT4_A_Z_LUT4_A_Z_LUT4_A_Z_LUT4_C_Z_LUT4_C_Z_LUT4_C_Z_LUT4_Z_3_D_LUT4_Z_A_LUT4_Z_C_LUT4_C_1_Z_CCU2C_S0_CIN_CCU2C_COUT_S0_CCU2C_S1_CIN_CCU2C_COUT_CIN_CCU2C_COUT_CIN_CCU2C_COUT_CIN_CCU2C_COUT_CIN_CCU2C_COUT_CIN_CCU2C_COUT$CCU2_COMB1.FCI
Info:      logic  0.00  12.69 Source bridge.g_packet.asic.packet_core.state_valid_LUT4_A_Z_LUT4_A_Z_LUT4_A_Z_LUT4_C_Z_LUT4_C_Z_LUT4_C_Z_LUT4_Z_3_D_LUT4_Z_A_LUT4_Z_C_LUT4_C_1_Z_CCU2C_S0_CIN_CCU2C_COUT_S0_CCU2C_S1_CIN_CCU2C_COUT_CIN_CCU2C_COUT_CIN_CCU2C_COUT_CIN_CCU2C_COUT_CIN_CCU2C_COUT_CIN_CCU2C_COUT$CCU2_COMB1.FCO
Info:    routing  0.00  12.69 Net bridge.g_packet.asic.packet_core.state_valid_LUT4_A_Z_LUT4_A_Z_LUT4_A_Z_LUT4_C_Z_LUT4_C_Z_LUT4_C_Z_LUT4_Z_3_D_LUT4_Z_A_LUT4_Z_C_LUT4_C_1_Z_CCU2C_S0_CIN_CCU2C_COUT_S0_CCU2C_S1_CIN_CCU2C_COUT_CIN_CCU2C_COUT_CIN_CCU2C_COUT_CIN_CCU2C_COUT_CIN_CCU2C_COUT_CIN (81,74) -> (81,74)
Info:                          Sink bridge.g_packet.asic.packet_core.state_valid_LUT4_A_Z_LUT4_A_Z_LUT4_A_Z_LUT4_C_Z_LUT4_C_Z_LUT4_C_Z_LUT4_Z_3_D_LUT4_Z_A_LUT4_Z_C_LUT4_C_1_Z_CCU2C_S0_CIN_CCU2C_COUT_S0_CCU2C_S1_CIN_CCU2C_COUT_CIN_CCU2C_COUT_CIN_CCU2C_COUT_CIN_CCU2C_COUT_CIN_CCU2C_COUT$CCU2_COMB0.FCI
Info:                          Defined in:
Info:                               ulx3s_packet_top.sv:14.60-17.6
Info:                               ../../asic_core/rtl/lean_silicon_lsc1.sv:14.26-19.6
Info:                               ../../asic_core/rtl/lsc1_response_payload_mux.sv:74.29-74.45
Info:                               ../../asic_core/rtl/lsc1_packet_frontend.sv:272.31-307.6
Info:                               uart_bridge.sv:172.31-176.14
Info:                               /usr/bin/../share/yosys/ecp5/arith_map.v:74.7-80.4
Info:                               /usr/bin/../share/yosys/ecp5/cells_sim.v:82.9-82.13
Info:      logic  0.07  12.76 Source bridge.g_packet.asic.packet_core.state_valid_LUT4_A_Z_LUT4_A_Z_LUT4_A_Z_LUT4_C_Z_LUT4_C_Z_LUT4_C_Z_LUT4_Z_3_D_LUT4_Z_A_LUT4_Z_C_LUT4_C_1_Z_CCU2C_S0_CIN_CCU2C_COUT_S0_CCU2C_S1_CIN_CCU2C_COUT_CIN_CCU2C_COUT_CIN_CCU2C_COUT_CIN_CCU2C_COUT_CIN_CCU2C_COUT$CCU2_COMB0.FCO
Info:    routing  0.00  12.76 Net bridge.g_packet.asic.packet_core.state_valid_LUT4_A_Z_LUT4_A_Z_LUT4_A_Z_LUT4_C_Z_LUT4_C_Z_LUT4_C_Z_LUT4_Z_3_D_LUT4_Z_A_LUT4_Z_C_LUT4_C_1_Z_CCU2C_S0_CIN_CCU2C_COUT_S0_CCU2C_S1_CIN_CCU2C_COUT_CIN_CCU2C_COUT_CIN_CCU2C_COUT_CIN_CCU2C_COUT_CIN_CCU2C_COUT$CCU2_FCI_INT (81,74) -> (81,74)
Info:                          Sink bridge.g_packet.asic.packet_core.state_valid_LUT4_A_Z_LUT4_A_Z_LUT4_A_Z_LUT4_C_Z_LUT4_C_Z_LUT4_C_Z_LUT4_Z_3_D_LUT4_Z_A_LUT4_Z_C_LUT4_C_1_Z_CCU2C_S0_CIN_CCU2C_COUT_S0_CCU2C_S1_CIN_CCU2C_COUT_CIN_CCU2C_COUT_CIN_CCU2C_COUT_CIN_CCU2C_COUT_CIN_CCU2C_COUT$CCU2_COMB1.FCI
Info:      logic  0.00  12.76 Source bridge.g_packet.asic.packet_core.state_valid_LUT4_A_Z_LUT4_A_Z_LUT4_A_Z_LUT4_C_Z_LUT4_C_Z_LUT4_C_Z_LUT4_Z_3_D_LUT4_Z_A_LUT4_Z_C_LUT4_C_1_Z_CCU2C_S0_CIN_CCU2C_COUT_S0_CCU2C_S1_CIN_CCU2C_COUT_CIN_CCU2C_COUT_CIN_CCU2C_COUT_CIN_CCU2C_COUT_CIN_CCU2C_COUT$CCU2_COMB1.FCO
Info:    routing  0.00  12.76 Net bridge.g_packet.asic.packet_core.state_valid_LUT4_A_Z_LUT4_A_Z_LUT4_A_Z_LUT4_C_Z_LUT4_C_Z_LUT4_C_Z_LUT4_Z_3_D_LUT4_Z_A_LUT4_Z_C_LUT4_C_1_Z_CCU2C_S0_CIN_CCU2C_COUT_S0_CCU2C_S1_CIN_CCU2C_COUT_CIN_CCU2C_COUT_CIN_CCU2C_COUT_CIN_CCU2C_COUT_CIN (81,74) -> (81,74)
Info:                          Sink bridge.g_packet.asic.packet_core.state_valid_LUT4_A_Z_LUT4_A_Z_LUT4_A_Z_LUT4_C_Z_LUT4_C_Z_LUT4_C_Z_LUT4_Z_3_D_LUT4_Z_A_LUT4_Z_C_LUT4_C_1_Z_CCU2C_S0_CIN_CCU2C_COUT_S0_CCU2C_S1_CIN_CCU2C_COUT_CIN_CCU2C_COUT_CIN_CCU2C_COUT_CIN_CCU2C_COUT$CCU2_COMB0.FCI
Info:                          Defined in:
Info:                               ulx3s_packet_top.sv:14.60-17.6
Info:                               ../../asic_core/rtl/lean_silicon_lsc1.sv:14.26-19.6
Info:                               ../../asic_core/rtl/lsc1_response_payload_mux.sv:74.29-74.45
Info:                               ../../asic_core/rtl/lsc1_packet_frontend.sv:272.31-307.6
Info:                               uart_bridge.sv:172.31-176.14
Info:                               /usr/bin/../share/yosys/ecp5/arith_map.v:74.7-80.4
Info:                               /usr/bin/../share/yosys/ecp5/cells_sim.v:82.9-82.13
Info:      logic  0.07  12.83 Source bridge.g_packet.asic.packet_core.state_valid_LUT4_A_Z_LUT4_A_Z_LUT4_A_Z_LUT4_C_Z_LUT4_C_Z_LUT4_C_Z_LUT4_Z_3_D_LUT4_Z_A_LUT4_Z_C_LUT4_C_1_Z_CCU2C_S0_CIN_CCU2C_COUT_S0_CCU2C_S1_CIN_CCU2C_COUT_CIN_CCU2C_COUT_CIN_CCU2C_COUT_CIN_CCU2C_COUT$CCU2_COMB0.FCO
Info:    routing  0.00  12.83 Net bridge.g_packet.asic.packet_core.state_valid_LUT4_A_Z_LUT4_A_Z_LUT4_A_Z_LUT4_C_Z_LUT4_C_Z_LUT4_C_Z_LUT4_Z_3_D_LUT4_Z_A_LUT4_Z_C_LUT4_C_1_Z_CCU2C_S0_CIN_CCU2C_COUT_S0_CCU2C_S1_CIN_CCU2C_COUT_CIN_CCU2C_COUT_CIN_CCU2C_COUT_CIN_CCU2C_COUT$CCU2_FCI_INT (81,74) -> (81,74)
Info:                          Sink bridge.g_packet.asic.packet_core.state_valid_LUT4_A_Z_LUT4_A_Z_LUT4_A_Z_LUT4_C_Z_LUT4_C_Z_LUT4_C_Z_LUT4_Z_3_D_LUT4_Z_A_LUT4_Z_C_LUT4_C_1_Z_CCU2C_S0_CIN_CCU2C_COUT_S0_CCU2C_S1_CIN_CCU2C_COUT_CIN_CCU2C_COUT_CIN_CCU2C_COUT_CIN_CCU2C_COUT$CCU2_COMB1.FCI
Info:      logic  0.00  12.83 Source bridge.g_packet.asic.packet_core.state_valid_LUT4_A_Z_LUT4_A_Z_LUT4_A_Z_LUT4_C_Z_LUT4_C_Z_LUT4_C_Z_LUT4_Z_3_D_LUT4_Z_A_LUT4_Z_C_LUT4_C_1_Z_CCU2C_S0_CIN_CCU2C_COUT_S0_CCU2C_S1_CIN_CCU2C_COUT_CIN_CCU2C_COUT_CIN_CCU2C_COUT_CIN_CCU2C_COUT$CCU2_COMB1.FCO
Info:    routing  0.00  12.83 Net bridge.g_packet.asic.packet_core.state_valid_LUT4_A_Z_LUT4_A_Z_LUT4_A_Z_LUT4_C_Z_LUT4_C_Z_LUT4_C_Z_LUT4_Z_3_D_LUT4_Z_A_LUT4_Z_C_LUT4_C_1_Z_CCU2C_S0_CIN_CCU2C_COUT_S0_CCU2C_S1_CIN_CCU2C_COUT_CIN_CCU2C_COUT_CIN_CCU2C_COUT_CIN (81,74) -> (82,74)
Info:                          Sink bridge.g_packet.asic.packet_core.state_valid_LUT4_A_Z_LUT4_A_Z_LUT4_A_Z_LUT4_C_Z_LUT4_C_Z_LUT4_C_Z_LUT4_Z_3_D_LUT4_Z_A_LUT4_Z_C_LUT4_C_1_Z_CCU2C_S0_CIN_CCU2C_COUT_S0_CCU2C_S1_CIN_CCU2C_COUT_CIN_CCU2C_COUT_CIN_CCU2C_COUT$CCU2_COMB0.FCI
Info:                          Defined in:
Info:                               ulx3s_packet_top.sv:14.60-17.6
Info:                               ../../asic_core/rtl/lean_silicon_lsc1.sv:14.26-19.6
Info:                               ../../asic_core/rtl/lsc1_response_payload_mux.sv:74.29-74.45
Info:                               ../../asic_core/rtl/lsc1_packet_frontend.sv:272.31-307.6
Info:                               uart_bridge.sv:172.31-176.14
Info:                               /usr/bin/../share/yosys/ecp5/arith_map.v:74.7-80.4
Info:                               /usr/bin/../share/yosys/ecp5/cells_sim.v:82.9-82.13
Info:      logic  0.07  12.90 Source bridge.g_packet.asic.packet_core.state_valid_LUT4_A_Z_LUT4_A_Z_LUT4_A_Z_LUT4_C_Z_LUT4_C_Z_LUT4_C_Z_LUT4_Z_3_D_LUT4_Z_A_LUT4_Z_C_LUT4_C_1_Z_CCU2C_S0_CIN_CCU2C_COUT_S0_CCU2C_S1_CIN_CCU2C_COUT_CIN_CCU2C_COUT_CIN_CCU2C_COUT$CCU2_COMB0.FCO
Info:    routing  0.00  12.90 Net bridge.g_packet.asic.packet_core.state_valid_LUT4_A_Z_LUT4_A_Z_LUT4_A_Z_LUT4_C_Z_LUT4_C_Z_LUT4_C_Z_LUT4_Z_3_D_LUT4_Z_A_LUT4_Z_C_LUT4_C_1_Z_CCU2C_S0_CIN_CCU2C_COUT_S0_CCU2C_S1_CIN_CCU2C_COUT_CIN_CCU2C_COUT_CIN_CCU2C_COUT$CCU2_FCI_INT (82,74) -> (82,74)
Info:                          Sink bridge.g_packet.asic.packet_core.state_valid_LUT4_A_Z_LUT4_A_Z_LUT4_A_Z_LUT4_C_Z_LUT4_C_Z_LUT4_C_Z_LUT4_Z_3_D_LUT4_Z_A_LUT4_Z_C_LUT4_C_1_Z_CCU2C_S0_CIN_CCU2C_COUT_S0_CCU2C_S1_CIN_CCU2C_COUT_CIN_CCU2C_COUT_CIN_CCU2C_COUT$CCU2_COMB1.FCI
Info:      logic  0.00  12.90 Source bridge.g_packet.asic.packet_core.state_valid_LUT4_A_Z_LUT4_A_Z_LUT4_A_Z_LUT4_C_Z_LUT4_C_Z_LUT4_C_Z_LUT4_Z_3_D_LUT4_Z_A_LUT4_Z_C_LUT4_C_1_Z_CCU2C_S0_CIN_CCU2C_COUT_S0_CCU2C_S1_CIN_CCU2C_COUT_CIN_CCU2C_COUT_CIN_CCU2C_COUT$CCU2_COMB1.FCO
Info:    routing  0.00  12.90 Net bridge.g_packet.asic.packet_core.state_valid_LUT4_A_Z_LUT4_A_Z_LUT4_A_Z_LUT4_C_Z_LUT4_C_Z_LUT4_C_Z_LUT4_Z_3_D_LUT4_Z_A_LUT4_Z_C_LUT4_C_1_Z_CCU2C_S0_CIN_CCU2C_COUT_S0_CCU2C_S1_CIN_CCU2C_COUT_CIN_CCU2C_COUT_CIN (82,74) -> (82,74)
Info:                          Sink bridge.g_packet.asic.packet_core.state_valid_LUT4_A_Z_LUT4_A_Z_LUT4_A_Z_LUT4_C_Z_LUT4_C_Z_LUT4_C_Z_LUT4_Z_3_D_LUT4_Z_A_LUT4_Z_C_LUT4_C_1_Z_CCU2C_S0_CIN_CCU2C_COUT_S0_CCU2C_S1_CIN_CCU2C_COUT_CIN_CCU2C_COUT$CCU2_COMB0.FCI
Info:                          Defined in:
Info:                               ulx3s_packet_top.sv:14.60-17.6
Info:                               ../../asic_core/rtl/lean_silicon_lsc1.sv:14.26-19.6
Info:                               ../../asic_core/rtl/lsc1_response_payload_mux.sv:74.29-74.45
Info:                               ../../asic_core/rtl/lsc1_packet_frontend.sv:272.31-307.6
Info:                               uart_bridge.sv:172.31-176.14
Info:                               /usr/bin/../share/yosys/ecp5/arith_map.v:74.7-80.4
Info:                               /usr/bin/../share/yosys/ecp5/cells_sim.v:82.9-82.13
Info:      logic  0.07  12.98 Source bridge.g_packet.asic.packet_core.state_valid_LUT4_A_Z_LUT4_A_Z_LUT4_A_Z_LUT4_C_Z_LUT4_C_Z_LUT4_C_Z_LUT4_Z_3_D_LUT4_Z_A_LUT4_Z_C_LUT4_C_1_Z_CCU2C_S0_CIN_CCU2C_COUT_S0_CCU2C_S1_CIN_CCU2C_COUT_CIN_CCU2C_COUT$CCU2_COMB0.FCO
Info:    routing  0.00  12.98 Net bridge.g_packet.asic.packet_core.state_valid_LUT4_A_Z_LUT4_A_Z_LUT4_A_Z_LUT4_C_Z_LUT4_C_Z_LUT4_C_Z_LUT4_Z_3_D_LUT4_Z_A_LUT4_Z_C_LUT4_C_1_Z_CCU2C_S0_CIN_CCU2C_COUT_S0_CCU2C_S1_CIN_CCU2C_COUT_CIN_CCU2C_COUT$CCU2_FCI_INT (82,74) -> (82,74)
Info:                          Sink bridge.g_packet.asic.packet_core.state_valid_LUT4_A_Z_LUT4_A_Z_LUT4_A_Z_LUT4_C_Z_LUT4_C_Z_LUT4_C_Z_LUT4_Z_3_D_LUT4_Z_A_LUT4_Z_C_LUT4_C_1_Z_CCU2C_S0_CIN_CCU2C_COUT_S0_CCU2C_S1_CIN_CCU2C_COUT_CIN_CCU2C_COUT$CCU2_COMB1.FCI
Info:      logic  0.00  12.98 Source bridge.g_packet.asic.packet_core.state_valid_LUT4_A_Z_LUT4_A_Z_LUT4_A_Z_LUT4_C_Z_LUT4_C_Z_LUT4_C_Z_LUT4_Z_3_D_LUT4_Z_A_LUT4_Z_C_LUT4_C_1_Z_CCU2C_S0_CIN_CCU2C_COUT_S0_CCU2C_S1_CIN_CCU2C_COUT_CIN_CCU2C_COUT$CCU2_COMB1.FCO
Info:    routing  0.00  12.98 Net bridge.g_packet.asic.packet_core.state_valid_LUT4_A_Z_LUT4_A_Z_LUT4_A_Z_LUT4_C_Z_LUT4_C_Z_LUT4_C_Z_LUT4_Z_3_D_LUT4_Z_A_LUT4_Z_C_LUT4_C_1_Z_CCU2C_S0_CIN_CCU2C_COUT_S0_CCU2C_S1_CIN_CCU2C_COUT_CIN (82,74) -> (82,74)
Info:                          Sink bridge.g_packet.asic.packet_core.state_valid_LUT4_A_Z_LUT4_A_Z_LUT4_A_Z_LUT4_C_Z_LUT4_C_Z_LUT4_C_Z_LUT4_Z_3_D_LUT4_Z_A_LUT4_Z_C_LUT4_C_1_Z_CCU2C_S0_CIN_CCU2C_COUT_S0_CCU2C_S1_CIN_CCU2C_COUT$CCU2_COMB0.FCI
Info:                          Defined in:
Info:                               ulx3s_packet_top.sv:14.60-17.6
Info:                               ../../asic_core/rtl/lean_silicon_lsc1.sv:14.26-19.6
Info:                               ../../asic_core/rtl/lsc1_response_payload_mux.sv:74.29-74.45
Info:                               ../../asic_core/rtl/lsc1_packet_frontend.sv:272.31-307.6
Info:                               uart_bridge.sv:172.31-176.14
Info:                               /usr/bin/../share/yosys/ecp5/arith_map.v:74.7-80.4
Info:                               /usr/bin/../share/yosys/ecp5/cells_sim.v:82.9-82.13
Info:      logic  0.07  13.05 Source bridge.g_packet.asic.packet_core.state_valid_LUT4_A_Z_LUT4_A_Z_LUT4_A_Z_LUT4_C_Z_LUT4_C_Z_LUT4_C_Z_LUT4_Z_3_D_LUT4_Z_A_LUT4_Z_C_LUT4_C_1_Z_CCU2C_S0_CIN_CCU2C_COUT_S0_CCU2C_S1_CIN_CCU2C_COUT$CCU2_COMB0.FCO
Info:    routing  0.00  13.05 Net bridge.g_packet.asic.packet_core.state_valid_LUT4_A_Z_LUT4_A_Z_LUT4_A_Z_LUT4_C_Z_LUT4_C_Z_LUT4_C_Z_LUT4_Z_3_D_LUT4_Z_A_LUT4_Z_C_LUT4_C_1_Z_CCU2C_S0_CIN_CCU2C_COUT_S0_CCU2C_S1_CIN_CCU2C_COUT$CCU2_FCI_INT (82,74) -> (82,74)
Info:                          Sink bridge.g_packet.asic.packet_core.state_valid_LUT4_A_Z_LUT4_A_Z_LUT4_A_Z_LUT4_C_Z_LUT4_C_Z_LUT4_C_Z_LUT4_Z_3_D_LUT4_Z_A_LUT4_Z_C_LUT4_C_1_Z_CCU2C_S0_CIN_CCU2C_COUT_S0_CCU2C_S1_CIN_CCU2C_COUT$CCU2_COMB1.FCI
Info:      logic  0.00  13.05 Source bridge.g_packet.asic.packet_core.state_valid_LUT4_A_Z_LUT4_A_Z_LUT4_A_Z_LUT4_C_Z_LUT4_C_Z_LUT4_C_Z_LUT4_Z_3_D_LUT4_Z_A_LUT4_Z_C_LUT4_C_1_Z_CCU2C_S0_CIN_CCU2C_COUT_S0_CCU2C_S1_CIN_CCU2C_COUT$CCU2_COMB1.FCO
Info:    routing  0.00  13.05 Net bridge.g_packet.asic.packet_core.state_valid_LUT4_A_Z_LUT4_A_Z_LUT4_A_Z_LUT4_C_Z_LUT4_C_Z_LUT4_C_Z_LUT4_Z_3_D_LUT4_Z_A_LUT4_Z_C_LUT4_C_1_Z_CCU2C_S0_CIN_CCU2C_COUT_S0_CCU2C_S1_CIN (82,74) -> (82,74)
Info:                          Sink bridge.g_packet.asic.packet_core.state_valid_LUT4_A_Z_LUT4_A_Z_LUT4_A_Z_LUT4_C_Z_LUT4_C_Z_LUT4_C_Z_LUT4_Z_3_D_LUT4_Z_A_LUT4_Z_C_LUT4_C_1_Z_CCU2C_S0_CIN_CCU2C_COUT_S0_CCU2C_S1$CCU2_COMB0.FCI
Info:                          Defined in:
Info:                               ulx3s_packet_top.sv:14.60-17.6
Info:                               ../../asic_core/rtl/lean_silicon_lsc1.sv:14.26-19.6
Info:                               ../../asic_core/rtl/lsc1_response_payload_mux.sv:74.29-74.45
Info:                               ../../asic_core/rtl/lsc1_packet_frontend.sv:272.31-307.6
Info:                               uart_bridge.sv:172.31-176.14
Info:                               /usr/bin/../share/yosys/ecp5/arith_map.v:74.7-80.4
Info:                               /usr/bin/../share/yosys/ecp5/cells_sim.v:82.9-82.13
Info:      logic  0.07  13.12 Source bridge.g_packet.asic.packet_core.state_valid_LUT4_A_Z_LUT4_A_Z_LUT4_A_Z_LUT4_C_Z_LUT4_C_Z_LUT4_C_Z_LUT4_Z_3_D_LUT4_Z_A_LUT4_Z_C_LUT4_C_1_Z_CCU2C_S0_CIN_CCU2C_COUT_S0_CCU2C_S1$CCU2_COMB0.FCO
Info:    routing  0.00  13.12 Net bridge.g_packet.asic.packet_core.state_valid_LUT4_A_Z_LUT4_A_Z_LUT4_A_Z_LUT4_C_Z_LUT4_C_Z_LUT4_C_Z_LUT4_Z_3_D_LUT4_Z_A_LUT4_Z_C_LUT4_C_1_Z_CCU2C_S0_CIN_CCU2C_COUT_S0_CCU2C_S1$CCU2_FCI_INT (82,74) -> (82,74)
Info:                          Sink bridge.g_packet.asic.packet_core.state_valid_LUT4_A_Z_LUT4_A_Z_LUT4_A_Z_LUT4_C_Z_LUT4_C_Z_LUT4_C_Z_LUT4_Z_3_D_LUT4_Z_A_LUT4_Z_C_LUT4_C_1_Z_CCU2C_S0_CIN_CCU2C_COUT_S0_CCU2C_S1$CCU2_COMB1.FCI
Info:      logic  0.40  13.52 Source bridge.g_packet.asic.packet_core.state_valid_LUT4_A_Z_LUT4_A_Z_LUT4_A_Z_LUT4_C_Z_LUT4_C_Z_LUT4_C_Z_LUT4_Z_3_D_LUT4_Z_A_LUT4_Z_C_LUT4_C_1_Z_CCU2C_S0_CIN_CCU2C_COUT_S0_CCU2C_S1$CCU2_COMB1.F
Info:    routing  1.38  14.90 Net bridge.g_packet.asic.packet_core.state_valid_LUT4_A_Z_LUT4_A_Z_LUT4_A_Z_LUT4_C_Z_LUT4_C_Z_LUT4_C_Z_LUT4_Z_3_D_LUT4_Z_A_LUT4_Z_C_LUT4_C_1_Z_CCU2C_S0_CIN_CCU2C_COUT_S0[0] (82,74) -> (85,73)
Info:                          Sink bridge.g_packet.asic.packet_core.state_valid_LUT4_A_Z_LUT4_A_Z_LUT4_A_Z_LUT4_C_Z_LUT4_C_Z_LUT4_C_Z_LUT4_Z_3_D_LUT4_Z_A_LUT4_Z_C_LUT4_C_1_Z_CCU2C_S0_CIN_CCU2C_COUT_S0_CCU2C_S1_S0_CCU2C_S1_A1_LUT4_Z_D_CCU2C_S0_CIN_CCU2C_COUT_CIN_CCU2C_COUT$CCU2_COMB1.A
Info:                          Defined in:
Info:                               /usr/bin/../share/yosys/ecp5/cells_map.v:108.23-108.24
Info:      logic  0.45  15.35 Source bridge.g_packet.asic.packet_core.state_valid_LUT4_A_Z_LUT4_A_Z_LUT4_A_Z_LUT4_C_Z_LUT4_C_Z_LUT4_C_Z_LUT4_Z_3_D_LUT4_Z_A_LUT4_Z_C_LUT4_C_1_Z_CCU2C_S0_CIN_CCU2C_COUT_S0_CCU2C_S1_S0_CCU2C_S1_A1_LUT4_Z_D_CCU2C_S0_CIN_CCU2C_COUT_CIN_CCU2C_COUT$CCU2_COMB1.FCO
Info:    routing  0.00  15.35 Net bridge.g_packet.asic.packet_core.state_valid_LUT4_A_Z_LUT4_A_Z_LUT4_A_Z_LUT4_C_Z_LUT4_C_Z_LUT4_C_Z_LUT4_Z_3_D_LUT4_Z_A_LUT4_Z_C_LUT4_C_1_Z_CCU2C_S0_CIN_CCU2C_COUT_S0_CCU2C_S1_S0_CCU2C_S1_A1_LUT4_Z_D_CCU2C_S0_CIN_CCU2C_COUT_CIN (85,73) -> (86,73)
Info:                          Sink bridge.g_packet.asic.packet_core.state_valid_LUT4_A_Z_LUT4_A_Z_LUT4_A_Z_LUT4_C_Z_LUT4_C_Z_LUT4_C_Z_LUT4_Z_3_D_LUT4_Z_A_LUT4_Z_C_LUT4_C_1_Z_CCU2C_S0_CIN_CCU2C_COUT_S0_CCU2C_S1_S0_CCU2C_S1_A1_LUT4_Z_D_CCU2C_S0_CIN_CCU2C_COUT$CCU2_COMB0.FCI
Info:                          Defined in:
Info:                               /usr/bin/../share/yosys/techmap.v:331.28-331.64
Info:                               /usr/bin/../share/yosys/techmap.v:368.4-373.3
Info:                               /usr/bin/../share/yosys/techmap.v:428.4-432.3
Info:                               uart_bridge.sv:172.31-176.14
Info:                               ../../asic_core/rtl/lsc1_packet_frontend.sv:272.31-307.6
Info:                               ../../asic_core/rtl/lsc1_response_payload_mux.sv:75.22-75.43
Info:                               ../../asic_core/rtl/lean_silicon_lsc1.sv:14.26-19.6
Info:                               ulx3s_packet_top.sv:14.60-17.6
Info:                               /usr/bin/../share/yosys/ecp5/arith_map.v:74.7-80.4
Info:                               /usr/bin/../share/yosys/ecp5/cells_sim.v:82.9-82.13
Info:      logic  0.07  15.42 Source bridge.g_packet.asic.packet_core.state_valid_LUT4_A_Z_LUT4_A_Z_LUT4_A_Z_LUT4_C_Z_LUT4_C_Z_LUT4_C_Z_LUT4_Z_3_D_LUT4_Z_A_LUT4_Z_C_LUT4_C_1_Z_CCU2C_S0_CIN_CCU2C_COUT_S0_CCU2C_S1_S0_CCU2C_S1_A1_LUT4_Z_D_CCU2C_S0_CIN_CCU2C_COUT$CCU2_COMB0.FCO
Info:    routing  0.00  15.42 Net bridge.g_packet.asic.packet_core.state_valid_LUT4_A_Z_LUT4_A_Z_LUT4_A_Z_LUT4_C_Z_LUT4_C_Z_LUT4_C_Z_LUT4_Z_3_D_LUT4_Z_A_LUT4_Z_C_LUT4_C_1_Z_CCU2C_S0_CIN_CCU2C_COUT_S0_CCU2C_S1_S0_CCU2C_S1_A1_LUT4_Z_D_CCU2C_S0_CIN_CCU2C_COUT$CCU2_FCI_INT (86,73) -> (86,73)
Info:                          Sink bridge.g_packet.asic.packet_core.state_valid_LUT4_A_Z_LUT4_A_Z_LUT4_A_Z_LUT4_C_Z_LUT4_C_Z_LUT4_C_Z_LUT4_Z_3_D_LUT4_Z_A_LUT4_Z_C_LUT4_C_1_Z_CCU2C_S0_CIN_CCU2C_COUT_S0_CCU2C_S1_S0_CCU2C_S1_A1_LUT4_Z_D_CCU2C_S0_CIN_CCU2C_COUT$CCU2_COMB1.FCI
Info:      logic  0.00  15.42 Source bridge.g_packet.asic.packet_core.state_valid_LUT4_A_Z_LUT4_A_Z_LUT4_A_Z_LUT4_C_Z_LUT4_C_Z_LUT4_C_Z_LUT4_Z_3_D_LUT4_Z_A_LUT4_Z_C_LUT4_C_1_Z_CCU2C_S0_CIN_CCU2C_COUT_S0_CCU2C_S1_S0_CCU2C_S1_A1_LUT4_Z_D_CCU2C_S0_CIN_CCU2C_COUT$CCU2_COMB1.FCO
Info:    routing  0.00  15.42 Net bridge.g_packet.asic.packet_core.state_valid_LUT4_A_Z_LUT4_A_Z_LUT4_A_Z_LUT4_C_Z_LUT4_C_Z_LUT4_C_Z_LUT4_Z_3_D_LUT4_Z_A_LUT4_Z_C_LUT4_C_1_Z_CCU2C_S0_CIN_CCU2C_COUT_S0_CCU2C_S1_S0_CCU2C_S1_A1_LUT4_Z_D_CCU2C_S0_CIN (86,73) -> (86,73)
Info:                          Sink bridge.g_packet.asic.packet_core.state_valid_LUT4_A_Z_LUT4_A_Z_LUT4_A_Z_LUT4_C_Z_LUT4_C_Z_LUT4_C_Z_LUT4_Z_3_D_LUT4_Z_A_LUT4_Z_C_LUT4_C_1_Z_CCU2C_S0_CIN_CCU2C_COUT_S0_CCU2C_S1_S0_CCU2C_S1_A1_LUT4_Z_D_CCU2C_S0$CCU2_COMB0.FCI
Info:                          Defined in:
Info:                               /usr/bin/../share/yosys/techmap.v:331.28-331.64
Info:                               /usr/bin/../share/yosys/techmap.v:368.4-373.3
Info:                               /usr/bin/../share/yosys/techmap.v:428.4-432.3
Info:                               uart_bridge.sv:172.31-176.14
Info:                               ../../asic_core/rtl/lsc1_packet_frontend.sv:272.31-307.6
Info:                               ../../asic_core/rtl/lsc1_response_payload_mux.sv:75.22-75.43
Info:                               ../../asic_core/rtl/lean_silicon_lsc1.sv:14.26-19.6
Info:                               ulx3s_packet_top.sv:14.60-17.6
Info:                               /usr/bin/../share/yosys/ecp5/arith_map.v:74.7-80.4
Info:                               /usr/bin/../share/yosys/ecp5/cells_sim.v:82.9-82.13
Info:      logic  0.44  15.86 Source bridge.g_packet.asic.packet_core.state_valid_LUT4_A_Z_LUT4_A_Z_LUT4_A_Z_LUT4_C_Z_LUT4_C_Z_LUT4_C_Z_LUT4_Z_3_D_LUT4_Z_A_LUT4_Z_C_LUT4_C_1_Z_CCU2C_S0_CIN_CCU2C_COUT_S0_CCU2C_S1_S0_CCU2C_S1_A1_LUT4_Z_D_CCU2C_S0$CCU2_COMB0.F
Info:    routing  0.22  16.08 Net bridge.g_packet.asic.packet_core.state_valid_LUT4_A_Z_LUT4_A_Z_LUT4_A_Z_LUT4_C_Z_LUT4_C_Z_LUT4_C_Z_LUT4_Z_3_D_LUT4_Z_A_LUT4_Z_C_LUT4_C_1_Z_CCU2C_S0_CIN_CCU2C_COUT_S0_CCU2C_S1_S0_CCU2C_S1_A1_LUT4_Z_D[1] (86,73) -> (86,73)
Info:                          Sink bridge.g_packet.asic.packet_core.state_valid_LUT4_A_Z_LUT4_A_Z_LUT4_A_Z_LUT4_C_Z_LUT4_C_Z_LUT4_C_Z_LUT4_Z_3_D_LUT4_Z_A_LUT4_Z_C_LUT4_C_1_Z_CCU2C_S0_CIN_CCU2C_COUT_S0_CCU2C_S1_S0_CCU2C_S1_CIN_CCU2C_COUT_A1_LUT4_Z.D
Info:                          Defined in:
Info:                               /usr/bin/../share/yosys/ecp5/cells_map.v:108.23-108.24
Info:      logic  0.24  16.32 Source bridge.g_packet.asic.packet_core.state_valid_LUT4_A_Z_LUT4_A_Z_LUT4_A_Z_LUT4_C_Z_LUT4_C_Z_LUT4_C_Z_LUT4_Z_3_D_LUT4_Z_A_LUT4_Z_C_LUT4_C_1_Z_CCU2C_S0_CIN_CCU2C_COUT_S0_CCU2C_S1_S0_CCU2C_S1_CIN_CCU2C_COUT_A1_LUT4_Z.F
Info:    routing  0.91  17.23 Net bridge.g_packet.asic.packet_core.state_valid_LUT4_A_Z_LUT4_A_Z_LUT4_A_Z_LUT4_C_Z_LUT4_C_Z_LUT4_C_Z_LUT4_Z_3_D_LUT4_Z_A_LUT4_Z_C_LUT4_C_1_Z_CCU2C_S0_CIN_CCU2C_COUT_S0_CCU2C_S1_S0_CCU2C_S1_CIN_CCU2C_COUT_A1[1] (86,73) -> (87,72)
Info:                          Sink bridge.g_packet.asic.packet_core.state_valid_LUT4_A_Z_LUT4_A_Z_LUT4_A_Z_LUT4_C_Z_LUT4_C_Z_LUT4_C_Z_LUT4_Z_3_D_LUT4_Z_A_LUT4_Z_C_LUT4_C_1_Z_CCU2C_S0_CIN_CCU2C_COUT_S0_CCU2C_S1_S0_CCU2C_S1_CIN_CCU2C_COUT$CCU2_COMB1.A
Info:                          Defined in:
Info:                               /usr/bin/../share/yosys/ecp5/cells_map.v:108.23-108.24
Info:      logic  0.45  17.67 Source bridge.g_packet.asic.packet_core.state_valid_LUT4_A_Z_LUT4_A_Z_LUT4_A_Z_LUT4_C_Z_LUT4_C_Z_LUT4_C_Z_LUT4_Z_3_D_LUT4_Z_A_LUT4_Z_C_LUT4_C_1_Z_CCU2C_S0_CIN_CCU2C_COUT_S0_CCU2C_S1_S0_CCU2C_S1_CIN_CCU2C_COUT$CCU2_COMB1.FCO
Info:    routing  0.00  17.67 Net bridge.g_packet.asic.packet_core.state_valid_LUT4_A_Z_LUT4_A_Z_LUT4_A_Z_LUT4_C_Z_LUT4_C_Z_LUT4_C_Z_LUT4_Z_3_D_LUT4_Z_A_LUT4_Z_C_LUT4_C_1_Z_CCU2C_S0_CIN_CCU2C_COUT_S0_CCU2C_S1_S0_CCU2C_S1_CIN (87,72) -> (88,72)
Info:                          Sink bridge.g_packet.asic.packet_core.state_valid_LUT4_A_Z_LUT4_A_Z_LUT4_A_Z_LUT4_C_Z_LUT4_C_Z_LUT4_C_Z_LUT4_Z_3_D_LUT4_Z_A_LUT4_Z_C_LUT4_C_1_Z_CCU2C_S0_CIN_CCU2C_COUT_S0_CCU2C_S1_S0_CCU2C_S1$CCU2_COMB0.FCI
Info:                          Defined in:
Info:                               /usr/bin/../share/yosys/techmap.v:331.28-331.64
Info:                               /usr/bin/../share/yosys/techmap.v:368.4-373.3
Info:                               /usr/bin/../share/yosys/techmap.v:428.4-432.3
Info:                               uart_bridge.sv:172.31-176.14
Info:                               ../../asic_core/rtl/lsc1_packet_frontend.sv:272.31-307.6
Info:                               ../../asic_core/rtl/lsc1_response_payload_mux.sv:75.22-75.43
Info:                               ../../asic_core/rtl/lean_silicon_lsc1.sv:14.26-19.6
Info:                               ulx3s_packet_top.sv:14.60-17.6
Info:                               /usr/bin/../share/yosys/ecp5/arith_map.v:74.7-80.4
Info:                               /usr/bin/../share/yosys/ecp5/cells_sim.v:82.9-82.13
Info:      logic  0.07  17.75 Source bridge.g_packet.asic.packet_core.state_valid_LUT4_A_Z_LUT4_A_Z_LUT4_A_Z_LUT4_C_Z_LUT4_C_Z_LUT4_C_Z_LUT4_Z_3_D_LUT4_Z_A_LUT4_Z_C_LUT4_C_1_Z_CCU2C_S0_CIN_CCU2C_COUT_S0_CCU2C_S1_S0_CCU2C_S1$CCU2_COMB0.FCO
Info:    routing  0.00  17.75 Net bridge.g_packet.asic.packet_core.state_valid_LUT4_A_Z_LUT4_A_Z_LUT4_A_Z_LUT4_C_Z_LUT4_C_Z_LUT4_C_Z_LUT4_Z_3_D_LUT4_Z_A_LUT4_Z_C_LUT4_C_1_Z_CCU2C_S0_CIN_CCU2C_COUT_S0_CCU2C_S1_S0_CCU2C_S1$CCU2_FCI_INT (88,72) -> (88,72)
Info:                          Sink bridge.g_packet.asic.packet_core.state_valid_LUT4_A_Z_LUT4_A_Z_LUT4_A_Z_LUT4_C_Z_LUT4_C_Z_LUT4_C_Z_LUT4_Z_3_D_LUT4_Z_A_LUT4_Z_C_LUT4_C_1_Z_CCU2C_S0_CIN_CCU2C_COUT_S0_CCU2C_S1_S0_CCU2C_S1$CCU2_COMB1.FCI
Info:      logic  0.40  18.15 Source bridge.g_packet.asic.packet_core.state_valid_LUT4_A_Z_LUT4_A_Z_LUT4_A_Z_LUT4_C_Z_LUT4_C_Z_LUT4_C_Z_LUT4_Z_3_D_LUT4_Z_A_LUT4_Z_C_LUT4_C_1_Z_CCU2C_S0_CIN_CCU2C_COUT_S0_CCU2C_S1_S0_CCU2C_S1$CCU2_COMB1.F
Info:    routing  1.14  19.29 Net bridge.g_packet.asic.packet_core.state_valid_LUT4_A_Z_LUT4_A_Z_LUT4_A_Z_LUT4_C_Z_LUT4_C_Z_LUT4_C_Z_LUT4_Z_3_D_LUT4_Z_A_LUT4_Z_C_LUT4_C_1_Z_CCU2C_S0_CIN_CCU2C_COUT_S0_CCU2C_S1_S0[1] (88,72) -> (86,74)
Info:                          Sink bridge.g_packet.asic.packet_core.state_valid_LUT4_A_Z_LUT4_A_Z_LUT4_A_Z_LUT4_C_Z_LUT4_C_Z_LUT4_C_Z_LUT4_Z_3_D_LUT4_Z_A_LUT4_Z_C_LUT4_C_1_Z_CCU2C_S0_CIN_CCU2C_COUT_S0_CCU2C_S1_CIN_CCU2C_COUT_S1_LUT4_Z.D
Info:                          Defined in:
Info:                               /usr/bin/../share/yosys/ecp5/cells_map.v:108.23-108.24
Info:      logic  0.24  19.53 Source bridge.g_packet.asic.packet_core.state_valid_LUT4_A_Z_LUT4_A_Z_LUT4_A_Z_LUT4_C_Z_LUT4_C_Z_LUT4_C_Z_LUT4_Z_3_D_LUT4_Z_A_LUT4_Z_C_LUT4_C_1_Z_CCU2C_S0_CIN_CCU2C_COUT_S0_CCU2C_S1_CIN_CCU2C_COUT_S1_LUT4_Z.F
Info:    routing  1.03  20.56 Net bridge.g_packet.asic.packet_core.state_valid_LUT4_A_Z_LUT4_A_Z_LUT4_A_Z_LUT4_C_Z_LUT4_C_Z_LUT4_C_Z_LUT4_Z_3_D_LUT4_Z_A_LUT4_Z_C_LUT4_C_1_Z_CCU2C_S0_CIN_CCU2C_COUT_S0_CCU2C_S1_CIN_CCU2C_COUT_S1[1] (86,74) -> (85,74)
Info:                          Sink bridge.g_packet.asic.packet_core.state_valid_LUT4_A_Z_LUT4_A_Z_LUT4_A_Z_LUT4_C_Z_LUT4_C_Z_LUT4_C_Z_LUT4_Z_3_D_LUT4_Z_A_LUT4_Z_C_LUT4_C_1_Z_CCU2C_S0_CIN_CCU2C_COUT_S0_CCU2C_S1_CIN_CCU2C_COUT_S1_CCU2C_S0_CIN_CCU2C_COUT$CCU2_COMB0.A
Info:                          Defined in:
Info:                               /usr/bin/../share/yosys/ecp5/cells_map.v:108.23-108.24
Info:      logic  0.45  21.00 Source bridge.g_packet.asic.packet_core.state_valid_LUT4_A_Z_LUT4_A_Z_LUT4_A_Z_LUT4_C_Z_LUT4_C_Z_LUT4_C_Z_LUT4_Z_3_D_LUT4_Z_A_LUT4_Z_C_LUT4_C_1_Z_CCU2C_S0_CIN_CCU2C_COUT_S0_CCU2C_S1_CIN_CCU2C_COUT_S1_CCU2C_S0_CIN_CCU2C_COUT$CCU2_COMB0.FCO
Info:    routing  0.00  21.00 Net bridge.g_packet.asic.packet_core.state_valid_LUT4_A_Z_LUT4_A_Z_LUT4_A_Z_LUT4_C_Z_LUT4_C_Z_LUT4_C_Z_LUT4_Z_3_D_LUT4_Z_A_LUT4_Z_C_LUT4_C_1_Z_CCU2C_S0_CIN_CCU2C_COUT_S0_CCU2C_S1_CIN_CCU2C_COUT_S1_CCU2C_S0_CIN_CCU2C_COUT$CCU2_FCI_INT (85,74) -> (85,74)
Info:                          Sink bridge.g_packet.asic.packet_core.state_valid_LUT4_A_Z_LUT4_A_Z_LUT4_A_Z_LUT4_C_Z_LUT4_C_Z_LUT4_C_Z_LUT4_Z_3_D_LUT4_Z_A_LUT4_Z_C_LUT4_C_1_Z_CCU2C_S0_CIN_CCU2C_COUT_S0_CCU2C_S1_CIN_CCU2C_COUT_S1_CCU2C_S0_CIN_CCU2C_COUT$CCU2_COMB1.FCI
Info:      logic  0.00  21.00 Source bridge.g_packet.asic.packet_core.state_valid_LUT4_A_Z_LUT4_A_Z_LUT4_A_Z_LUT4_C_Z_LUT4_C_Z_LUT4_C_Z_LUT4_Z_3_D_LUT4_Z_A_LUT4_Z_C_LUT4_C_1_Z_CCU2C_S0_CIN_CCU2C_COUT_S0_CCU2C_S1_CIN_CCU2C_COUT_S1_CCU2C_S0_CIN_CCU2C_COUT$CCU2_COMB1.FCO
Info:    routing  0.00  21.00 Net bridge.g_packet.asic.packet_core.state_valid_LUT4_A_Z_LUT4_A_Z_LUT4_A_Z_LUT4_C_Z_LUT4_C_Z_LUT4_C_Z_LUT4_Z_3_D_LUT4_Z_A_LUT4_Z_C_LUT4_C_1_Z_CCU2C_S0_CIN_CCU2C_COUT_S0_CCU2C_S1_CIN_CCU2C_COUT_S1_CCU2C_S0_CIN (85,74) -> (86,74)
Info:                          Sink bridge.g_packet.asic.packet_core.state_valid_LUT4_A_Z_LUT4_A_Z_LUT4_A_Z_LUT4_C_Z_LUT4_C_Z_LUT4_C_Z_LUT4_Z_3_D_LUT4_Z_A_LUT4_Z_C_LUT4_C_1_Z_CCU2C_S0_CIN_CCU2C_COUT_S0_CCU2C_S1_CIN_CCU2C_COUT_S1_CCU2C_S0$CCU2_COMB0.FCI
Info:                          Defined in:
Info:                               /usr/bin/../share/yosys/techmap.v:331.28-331.64
Info:                               /usr/bin/../share/yosys/techmap.v:368.4-373.3
Info:                               /usr/bin/../share/yosys/techmap.v:428.4-432.3
Info:                               uart_bridge.sv:172.31-176.14
Info:                               ../../asic_core/rtl/lsc1_packet_frontend.sv:272.31-307.6
Info:                               ../../asic_core/rtl/lsc1_response_payload_mux.sv:75.22-75.43
Info:                               ../../asic_core/rtl/lean_silicon_lsc1.sv:14.26-19.6
Info:                               ulx3s_packet_top.sv:14.60-17.6
Info:                               /usr/bin/../share/yosys/ecp5/arith_map.v:74.7-80.4
Info:                               /usr/bin/../share/yosys/ecp5/cells_sim.v:82.9-82.13
Info:      logic  0.44  21.44 Source bridge.g_packet.asic.packet_core.state_valid_LUT4_A_Z_LUT4_A_Z_LUT4_A_Z_LUT4_C_Z_LUT4_C_Z_LUT4_C_Z_LUT4_Z_3_D_LUT4_Z_A_LUT4_Z_C_LUT4_C_1_Z_CCU2C_S0_CIN_CCU2C_COUT_S0_CCU2C_S1_CIN_CCU2C_COUT_S1_CCU2C_S0$CCU2_COMB0.F
Info:    routing  0.93  22.38 Net bridge.g_packet.asic.packet_core.state_valid_LUT4_A_Z_LUT4_A_Z_LUT4_A_Z_LUT4_C_Z_LUT4_C_Z_LUT4_C_Z_LUT4_Z_3_D_LUT4_Z_A_LUT4_Z_C_LUT4_C_1_Z_CCU2C_S0_CIN_CCU2C_COUT_S0_CCU2C_S1_CIN_CCU2C_COUT_S0_CCU2C_S1_A1_LUT4_Z_C[2] (86,74) -> (85,75)
Info:                          Sink bridge.g_packet.asic.packet_core.state_valid_LUT4_A_Z_LUT4_A_Z_LUT4_A_Z_LUT4_C_Z_LUT4_C_Z_LUT4_C_Z_LUT4_Z_3_D_LUT4_Z_A_LUT4_Z_C_LUT4_C_1_Z_CCU2C_S0_CIN_CCU2C_COUT_S0_CCU2C_S1_CIN_CCU2C_COUT_S0_CCU2C_S1_CIN_CCU2C_COUT_A1_LUT4_Z.D
Info:                          Defined in:
Info:                               /usr/bin/../share/yosys/ecp5/cells_map.v:108.23-108.24
Info:      logic  0.24  22.61 Source bridge.g_packet.asic.packet_core.state_valid_LUT4_A_Z_LUT4_A_Z_LUT4_A_Z_LUT4_C_Z_LUT4_C_Z_LUT4_C_Z_LUT4_Z_3_D_LUT4_Z_A_LUT4_Z_C_LUT4_C_1_Z_CCU2C_S0_CIN_CCU2C_COUT_S0_CCU2C_S1_CIN_CCU2C_COUT_S0_CCU2C_S1_CIN_CCU2C_COUT_A1_LUT4_Z.F
Info:    routing  0.88  23.49 Net bridge.g_packet.asic.packet_core.state_valid_LUT4_A_Z_LUT4_A_Z_LUT4_A_Z_LUT4_C_Z_LUT4_C_Z_LUT4_C_Z_LUT4_Z_3_D_LUT4_Z_A_LUT4_Z_C_LUT4_C_1_Z_CCU2C_S0_CIN_CCU2C_COUT_S0_CCU2C_S1_CIN_CCU2C_COUT_S0_CCU2C_S1_CIN_CCU2C_COUT_A1[1] (85,75) -> (84,75)
Info:                          Sink bridge.g_packet.asic.packet_core.state_valid_LUT4_A_Z_LUT4_A_Z_LUT4_A_Z_LUT4_C_Z_LUT4_C_Z_LUT4_C_Z_LUT4_Z_3_D_LUT4_Z_A_LUT4_Z_C_LUT4_C_1_Z_CCU2C_S0_CIN_CCU2C_COUT_S0_CCU2C_S1_CIN_CCU2C_COUT_S0_CCU2C_S1_CIN_CCU2C_COUT$CCU2_COMB1.A
Info:                          Defined in:
Info:                               /usr/bin/../share/yosys/ecp5/cells_map.v:108.23-108.24
Info:      logic  0.45  23.94 Source bridge.g_packet.asic.packet_core.state_valid_LUT4_A_Z_LUT4_A_Z_LUT4_A_Z_LUT4_C_Z_LUT4_C_Z_LUT4_C_Z_LUT4_Z_3_D_LUT4_Z_A_LUT4_Z_C_LUT4_C_1_Z_CCU2C_S0_CIN_CCU2C_COUT_S0_CCU2C_S1_CIN_CCU2C_COUT_S0_CCU2C_S1_CIN_CCU2C_COUT$CCU2_COMB1.FCO
Info:    routing  0.00  23.94 Net bridge.g_packet.asic.packet_core.state_valid_LUT4_A_Z_LUT4_A_Z_LUT4_A_Z_LUT4_C_Z_LUT4_C_Z_LUT4_C_Z_LUT4_Z_3_D_LUT4_Z_A_LUT4_Z_C_LUT4_C_1_Z_CCU2C_S0_CIN_CCU2C_COUT_S0_CCU2C_S1_CIN_CCU2C_COUT_S0_CCU2C_S1_CIN (84,75) -> (84,75)
Info:                          Sink bridge.g_packet.asic.packet_core.state_valid_LUT4_A_Z_LUT4_A_Z_LUT4_A_Z_LUT4_C_Z_LUT4_C_Z_LUT4_C_Z_LUT4_Z_3_D_LUT4_Z_A_LUT4_Z_C_LUT4_C_1_Z_CCU2C_S0_CIN_CCU2C_COUT_S0_CCU2C_S1_CIN_CCU2C_COUT_S0_CCU2C_S1$CCU2_COMB0.FCI
Info:                          Defined in:
Info:                               /usr/bin/../share/yosys/techmap.v:331.28-331.64
Info:                               /usr/bin/../share/yosys/techmap.v:368.4-373.3
Info:                               /usr/bin/../share/yosys/techmap.v:428.4-432.3
Info:                               uart_bridge.sv:172.31-176.14
Info:                               ../../asic_core/rtl/lsc1_packet_frontend.sv:272.31-307.6
Info:                               ../../asic_core/rtl/lsc1_response_payload_mux.sv:75.22-75.43
Info:                               ../../asic_core/rtl/lean_silicon_lsc1.sv:14.26-19.6
Info:                               ulx3s_packet_top.sv:14.60-17.6
Info:                               /usr/bin/../share/yosys/ecp5/arith_map.v:74.7-80.4
Info:                               /usr/bin/../share/yosys/ecp5/cells_sim.v:82.9-82.13
Info:      logic  0.07  24.01 Source bridge.g_packet.asic.packet_core.state_valid_LUT4_A_Z_LUT4_A_Z_LUT4_A_Z_LUT4_C_Z_LUT4_C_Z_LUT4_C_Z_LUT4_Z_3_D_LUT4_Z_A_LUT4_Z_C_LUT4_C_1_Z_CCU2C_S0_CIN_CCU2C_COUT_S0_CCU2C_S1_CIN_CCU2C_COUT_S0_CCU2C_S1$CCU2_COMB0.FCO
Info:    routing  0.00  24.01 Net bridge.g_packet.asic.packet_core.state_valid_LUT4_A_Z_LUT4_A_Z_LUT4_A_Z_LUT4_C_Z_LUT4_C_Z_LUT4_C_Z_LUT4_Z_3_D_LUT4_Z_A_LUT4_Z_C_LUT4_C_1_Z_CCU2C_S0_CIN_CCU2C_COUT_S0_CCU2C_S1_CIN_CCU2C_COUT_S0_CCU2C_S1$CCU2_FCI_INT (84,75) -> (84,75)
Info:                          Sink bridge.g_packet.asic.packet_core.state_valid_LUT4_A_Z_LUT4_A_Z_LUT4_A_Z_LUT4_C_Z_LUT4_C_Z_LUT4_C_Z_LUT4_Z_3_D_LUT4_Z_A_LUT4_Z_C_LUT4_C_1_Z_CCU2C_S0_CIN_CCU2C_COUT_S0_CCU2C_S1_CIN_CCU2C_COUT_S0_CCU2C_S1$CCU2_COMB1.FCI
Info:      logic  0.40  24.41 Source bridge.g_packet.asic.packet_core.state_valid_LUT4_A_Z_LUT4_A_Z_LUT4_A_Z_LUT4_C_Z_LUT4_C_Z_LUT4_C_Z_LUT4_Z_3_D_LUT4_Z_A_LUT4_Z_C_LUT4_C_1_Z_CCU2C_S0_CIN_CCU2C_COUT_S0_CCU2C_S1_CIN_CCU2C_COUT_S0_CCU2C_S1$CCU2_COMB1.F
Info:    routing  0.80  25.21 Net bridge.g_packet.asic.packet_core.state_valid_LUT4_A_Z_LUT4_A_Z_LUT4_A_Z_LUT4_C_Z_LUT4_C_Z_LUT4_C_Z_LUT4_Z_3_D_LUT4_Z_A_LUT4_Z_C_LUT4_C_1_Z_CCU2C_S0_CIN_CCU2C_COUT_S0_CCU2C_S1_CIN_CCU2C_COUT_S0[1] (84,75) -> (85,75)
Info:                          Sink bridge.g_packet.asic.packet_core.state_valid_LUT4_A_Z_LUT4_A_Z_LUT4_A_Z_LUT4_C_Z_LUT4_C_Z_LUT4_C_Z_LUT4_Z_3_D_LUT4_Z_A_LUT4_Z_C_LUT4_C_1_Z_CCU2C_S0_CIN_CCU2C_COUT_S0_CCU2C_S1_CIN_CCU2C_COUT_CIN_CCU2C_COUT_S1_LUT4_Z.D
Info:                          Defined in:
Info:                               /usr/bin/../share/yosys/ecp5/cells_map.v:108.23-108.24
Info:      logic  0.24  25.44 Source bridge.g_packet.asic.packet_core.state_valid_LUT4_A_Z_LUT4_A_Z_LUT4_A_Z_LUT4_C_Z_LUT4_C_Z_LUT4_C_Z_LUT4_Z_3_D_LUT4_Z_A_LUT4_Z_C_LUT4_C_1_Z_CCU2C_S0_CIN_CCU2C_COUT_S0_CCU2C_S1_CIN_CCU2C_COUT_CIN_CCU2C_COUT_S1_LUT4_Z.F
Info:    routing  0.89  26.34 Net bridge.g_packet.asic.packet_core.state_valid_LUT4_A_Z_LUT4_A_Z_LUT4_A_Z_LUT4_C_Z_LUT4_C_Z_LUT4_C_Z_LUT4_Z_3_D_LUT4_Z_A_LUT4_Z_C_LUT4_C_1_Z_CCU2C_S0_CIN_CCU2C_COUT_S0_CCU2C_S1_CIN_CCU2C_COUT_CIN_CCU2C_COUT_S1[1] (85,75) -> (85,76)
Info:                          Sink bridge.g_packet.asic.packet_core.state_valid_LUT4_A_Z_LUT4_A_Z_LUT4_A_Z_LUT4_C_Z_LUT4_C_Z_LUT4_C_Z_LUT4_Z_3_D_LUT4_Z_A_LUT4_Z_C_LUT4_C_1_Z_CCU2C_S0_CIN_CCU2C_COUT_S0_CCU2C_S1_CIN_CCU2C_COUT_CIN_CCU2C_COUT_S1_CCU2C_S0_CIN_CCU2C_COUT$CCU2_COMB0.A
Info:                          Defined in:
Info:                               /usr/bin/../share/yosys/ecp5/cells_map.v:108.23-108.24
Info:      logic  0.45  26.78 Source bridge.g_packet.asic.packet_core.state_valid_LUT4_A_Z_LUT4_A_Z_LUT4_A_Z_LUT4_C_Z_LUT4_C_Z_LUT4_C_Z_LUT4_Z_3_D_LUT4_Z_A_LUT4_Z_C_LUT4_C_1_Z_CCU2C_S0_CIN_CCU2C_COUT_S0_CCU2C_S1_CIN_CCU2C_COUT_CIN_CCU2C_COUT_S1_CCU2C_S0_CIN_CCU2C_COUT$CCU2_COMB0.FCO
Info:    routing  0.00  26.78 Net bridge.g_packet.asic.packet_core.state_valid_LUT4_A_Z_LUT4_A_Z_LUT4_A_Z_LUT4_C_Z_LUT4_C_Z_LUT4_C_Z_LUT4_Z_3_D_LUT4_Z_A_LUT4_Z_C_LUT4_C_1_Z_CCU2C_S0_CIN_CCU2C_COUT_S0_CCU2C_S1_CIN_CCU2C_COUT_CIN_CCU2C_COUT_S1_CCU2C_S0_CIN_CCU2C_COUT$CCU2_FCI_INT (85,76) -> (85,76)
Info:                          Sink bridge.g_packet.asic.packet_core.state_valid_LUT4_A_Z_LUT4_A_Z_LUT4_A_Z_LUT4_C_Z_LUT4_C_Z_LUT4_C_Z_LUT4_Z_3_D_LUT4_Z_A_LUT4_Z_C_LUT4_C_1_Z_CCU2C_S0_CIN_CCU2C_COUT_S0_CCU2C_S1_CIN_CCU2C_COUT_CIN_CCU2C_COUT_S1_CCU2C_S0_CIN_CCU2C_COUT$CCU2_COMB1.FCI
Info:      logic  0.00  26.78 Source bridge.g_packet.asic.packet_core.state_valid_LUT4_A_Z_LUT4_A_Z_LUT4_A_Z_LUT4_C_Z_LUT4_C_Z_LUT4_C_Z_LUT4_Z_3_D_LUT4_Z_A_LUT4_Z_C_LUT4_C_1_Z_CCU2C_S0_CIN_CCU2C_COUT_S0_CCU2C_S1_CIN_CCU2C_COUT_CIN_CCU2C_COUT_S1_CCU2C_S0_CIN_CCU2C_COUT$CCU2_COMB1.FCO
Info:    routing  0.00  26.78 Net bridge.g_packet.asic.packet_core.state_valid_LUT4_A_Z_LUT4_A_Z_LUT4_A_Z_LUT4_C_Z_LUT4_C_Z_LUT4_C_Z_LUT4_Z_3_D_LUT4_Z_A_LUT4_Z_C_LUT4_C_1_Z_CCU2C_S0_CIN_CCU2C_COUT_S0_CCU2C_S1_CIN_CCU2C_COUT_CIN_CCU2C_COUT_S1_CCU2C_S0_CIN (85,76) -> (85,76)
Info:                          Sink bridge.g_packet.asic.packet_core.state_valid_LUT4_A_Z_LUT4_A_Z_LUT4_A_Z_LUT4_C_Z_LUT4_C_Z_LUT4_C_Z_LUT4_Z_3_D_LUT4_Z_A_LUT4_Z_C_LUT4_C_1_Z_CCU2C_S0_CIN_CCU2C_COUT_S0_CCU2C_S1_CIN_CCU2C_COUT_CIN_CCU2C_COUT_S1_CCU2C_S0$CCU2_COMB0.FCI
Info:                          Defined in:
Info:                               /usr/bin/../share/yosys/techmap.v:331.28-331.64
Info:                               /usr/bin/../share/yosys/techmap.v:368.4-373.3
Info:                               /usr/bin/../share/yosys/techmap.v:428.4-432.3
Info:                               uart_bridge.sv:172.31-176.14
Info:                               ../../asic_core/rtl/lsc1_packet_frontend.sv:272.31-307.6
Info:                               ../../asic_core/rtl/lsc1_response_payload_mux.sv:75.22-75.43
Info:                               ../../asic_core/rtl/lean_silicon_lsc1.sv:14.26-19.6
Info:                               ulx3s_packet_top.sv:14.60-17.6
Info:                               /usr/bin/../share/yosys/ecp5/arith_map.v:74.7-80.4
Info:                               /usr/bin/../share/yosys/ecp5/cells_sim.v:82.9-82.13
Info:      logic  0.44  27.23 Source bridge.g_packet.asic.packet_core.state_valid_LUT4_A_Z_LUT4_A_Z_LUT4_A_Z_LUT4_C_Z_LUT4_C_Z_LUT4_C_Z_LUT4_Z_3_D_LUT4_Z_A_LUT4_Z_C_LUT4_C_1_Z_CCU2C_S0_CIN_CCU2C_COUT_S0_CCU2C_S1_CIN_CCU2C_COUT_CIN_CCU2C_COUT_S1_CCU2C_S0$CCU2_COMB0.F
Info:    routing  0.80  28.02 Net bridge.g_packet.asic.packet_core.state_valid_LUT4_A_Z_LUT4_A_Z_LUT4_A_Z_LUT4_C_Z_LUT4_C_Z_LUT4_C_Z_LUT4_Z_3_D_LUT4_Z_A_LUT4_Z_C_LUT4_C_1_Z_CCU2C_S0_CIN_CCU2C_COUT_S0_CCU2C_S1_CIN_CCU2C_COUT_CIN_CCU2C_COUT_S0_CCU2C_S1_A1_LUT4_Z_C[2] (85,76) -> (86,76)
Info:                          Sink bridge.g_packet.asic.packet_core.state_valid_LUT4_A_Z_LUT4_A_Z_LUT4_A_Z_LUT4_C_Z_LUT4_C_Z_LUT4_C_Z_LUT4_Z_3_D_LUT4_Z_A_LUT4_Z_C_LUT4_C_1_Z_CCU2C_S0_CIN_CCU2C_COUT_S0_CCU2C_S1_CIN_CCU2C_COUT_CIN_CCU2C_COUT_S0_CCU2C_S1_A0_LUT4_Z.D
Info:                          Defined in:
Info:                               /usr/bin/../share/yosys/ecp5/cells_map.v:108.23-108.24
Info:      logic  0.24  28.26 Source bridge.g_packet.asic.packet_core.state_valid_LUT4_A_Z_LUT4_A_Z_LUT4_A_Z_LUT4_C_Z_LUT4_C_Z_LUT4_C_Z_LUT4_Z_3_D_LUT4_Z_A_LUT4_Z_C_LUT4_C_1_Z_CCU2C_S0_CIN_CCU2C_COUT_S0_CCU2C_S1_CIN_CCU2C_COUT_CIN_CCU2C_COUT_S0_CCU2C_S1_A0_LUT4_Z.F
Info:    routing  1.03  29.29 Net bridge.g_packet.asic.packet_core.state_valid_LUT4_A_Z_LUT4_A_Z_LUT4_A_Z_LUT4_C_Z_LUT4_C_Z_LUT4_C_Z_LUT4_Z_3_D_LUT4_Z_A_LUT4_Z_C_LUT4_C_1_Z_CCU2C_S0_CIN_CCU2C_COUT_S0_CCU2C_S1_CIN_CCU2C_COUT_CIN_CCU2C_COUT_S0_CCU2C_S1_A0[1] (86,76) -> (88,76)
Info:                          Sink bridge.g_packet.asic.packet_core.state_valid_LUT4_A_Z_LUT4_A_Z_LUT4_A_Z_LUT4_C_Z_LUT4_C_Z_LUT4_C_Z_LUT4_Z_3_D_LUT4_Z_A_LUT4_Z_C_LUT4_C_1_Z_CCU2C_S0_CIN_CCU2C_COUT_S0_CCU2C_S1_CIN_CCU2C_COUT_CIN_CCU2C_COUT_S0_CCU2C_S1$CCU2_COMB0.A
Info:                          Defined in:
Info:                               /usr/bin/../share/yosys/ecp5/cells_map.v:108.23-108.24
Info:      logic  0.45  29.73 Source bridge.g_packet.asic.packet_core.state_valid_LUT4_A_Z_LUT4_A_Z_LUT4_A_Z_LUT4_C_Z_LUT4_C_Z_LUT4_C_Z_LUT4_Z_3_D_LUT4_Z_A_LUT4_Z_C_LUT4_C_1_Z_CCU2C_S0_CIN_CCU2C_COUT_S0_CCU2C_S1_CIN_CCU2C_COUT_CIN_CCU2C_COUT_S0_CCU2C_S1$CCU2_COMB0.FCO
Info:    routing  0.00  29.73 Net bridge.g_packet.asic.packet_core.state_valid_LUT4_A_Z_LUT4_A_Z_LUT4_A_Z_LUT4_C_Z_LUT4_C_Z_LUT4_C_Z_LUT4_Z_3_D_LUT4_Z_A_LUT4_Z_C_LUT4_C_1_Z_CCU2C_S0_CIN_CCU2C_COUT_S0_CCU2C_S1_CIN_CCU2C_COUT_CIN_CCU2C_COUT_S0_CCU2C_S1$CCU2_FCI_INT (88,76) -> (88,76)
Info:                          Sink bridge.g_packet.asic.packet_core.state_valid_LUT4_A_Z_LUT4_A_Z_LUT4_A_Z_LUT4_C_Z_LUT4_C_Z_LUT4_C_Z_LUT4_Z_3_D_LUT4_Z_A_LUT4_Z_C_LUT4_C_1_Z_CCU2C_S0_CIN_CCU2C_COUT_S0_CCU2C_S1_CIN_CCU2C_COUT_CIN_CCU2C_COUT_S0_CCU2C_S1$CCU2_COMB1.FCI
Info:      logic  0.40  30.14 Source bridge.g_packet.asic.packet_core.state_valid_LUT4_A_Z_LUT4_A_Z_LUT4_A_Z_LUT4_C_Z_LUT4_C_Z_LUT4_C_Z_LUT4_Z_3_D_LUT4_Z_A_LUT4_Z_C_LUT4_C_1_Z_CCU2C_S0_CIN_CCU2C_COUT_S0_CCU2C_S1_CIN_CCU2C_COUT_CIN_CCU2C_COUT_S0_CCU2C_S1$CCU2_COMB1.F
Info:    routing  0.67  30.80 Net bridge.g_packet.asic.packet_core.state_valid_LUT4_A_Z_LUT4_A_Z_LUT4_A_Z_LUT4_C_Z_LUT4_C_Z_LUT4_C_Z_LUT4_Z_3_D_LUT4_Z_A_LUT4_Z_C_LUT4_C_1_Z_CCU2C_S0_CIN_CCU2C_COUT_S0_CCU2C_S1_CIN_CCU2C_COUT_CIN_CCU2C_COUT_S0[1] (88,76) -> (87,75)
Info:                          Sink bridge.g_packet.asic.packet_core.state_valid_LUT4_A_Z_LUT4_A_Z_LUT4_A_Z_LUT4_C_Z_LUT4_C_Z_LUT4_C_Z_LUT4_Z_3_D_LUT4_Z_A_LUT4_Z_C_LUT4_C_1_Z_CCU2C_S0_CIN_CCU2C_COUT_S0_CCU2C_S1_CIN_CCU2C_COUT_CIN_CCU2C_COUT_S0_CCU2C_S1_CIN_CCU2C_COUT_A1_LUT4_C.D
Info:                          Defined in:
Info:                               /usr/bin/../share/yosys/ecp5/cells_map.v:108.23-108.24
Info:      logic  0.24  31.04 Source bridge.g_packet.asic.packet_core.state_valid_LUT4_A_Z_LUT4_A_Z_LUT4_A_Z_LUT4_C_Z_LUT4_C_Z_LUT4_C_Z_LUT4_Z_3_D_LUT4_Z_A_LUT4_Z_C_LUT4_C_1_Z_CCU2C_S0_CIN_CCU2C_COUT_S0_CCU2C_S1_CIN_CCU2C_COUT_CIN_CCU2C_COUT_S0_CCU2C_S1_CIN_CCU2C_COUT_A1_LUT4_C.F
Info:    routing  1.04  32.08 Net bridge.g_packet.asic.packet_core.state_valid_LUT4_A_Z_LUT4_A_Z_LUT4_A_Z_LUT4_C_Z_LUT4_C_Z_LUT4_C_Z_LUT4_Z_3_D_LUT4_Z_A_LUT4_Z_C_LUT4_C_1_Z_CCU2C_S0_CIN_CCU2C_COUT_S0_CCU2C_S1_CIN_CCU2C_COUT_CIN_CCU2C_COUT_CIN_CCU2C_COUT_S0_CCU2C_S1_A1_LUT4_Z_C[1] (87,75) -> (89,75)
Info:                          Sink bridge.g_packet.asic.packet_core.state_valid_LUT4_A_Z_LUT4_A_Z_LUT4_A_Z_LUT4_C_Z_LUT4_C_Z_LUT4_C_Z_LUT4_Z_3_D_LUT4_Z_A_LUT4_Z_C_LUT4_C_1_Z_CCU2C_S0_CIN_CCU2C_COUT_S0_CCU2C_S1_CIN_CCU2C_COUT_CIN_CCU2C_COUT_CIN_CCU2C_COUT_S1_CCU2C_S0_CIN_CCU2C_COUT$CCU2_COMB1.A
Info:                          Defined in:
Info:                               /usr/bin/../share/yosys/ecp5/cells_map.v:108.23-108.24
Info:      logic  0.45  32.53 Source bridge.g_packet.asic.packet_core.state_valid_LUT4_A_Z_LUT4_A_Z_LUT4_A_Z_LUT4_C_Z_LUT4_C_Z_LUT4_C_Z_LUT4_Z_3_D_LUT4_Z_A_LUT4_Z_C_LUT4_C_1_Z_CCU2C_S0_CIN_CCU2C_COUT_S0_CCU2C_S1_CIN_CCU2C_COUT_CIN_CCU2C_COUT_CIN_CCU2C_COUT_S1_CCU2C_S0_CIN_CCU2C_COUT$CCU2_COMB1.FCO
Info:    routing  0.00  32.53 Net bridge.g_packet.asic.packet_core.state_valid_LUT4_A_Z_LUT4_A_Z_LUT4_A_Z_LUT4_C_Z_LUT4_C_Z_LUT4_C_Z_LUT4_Z_3_D_LUT4_Z_A_LUT4_Z_C_LUT4_C_1_Z_CCU2C_S0_CIN_CCU2C_COUT_S0_CCU2C_S1_CIN_CCU2C_COUT_CIN_CCU2C_COUT_CIN_CCU2C_COUT_S1_CCU2C_S0_CIN (89,75) -> (89,75)
Info:                          Sink bridge.g_packet.asic.packet_core.state_valid_LUT4_A_Z_LUT4_A_Z_LUT4_A_Z_LUT4_C_Z_LUT4_C_Z_LUT4_C_Z_LUT4_Z_3_D_LUT4_Z_A_LUT4_Z_C_LUT4_C_1_Z_CCU2C_S0_CIN_CCU2C_COUT_S0_CCU2C_S1_CIN_CCU2C_COUT_CIN_CCU2C_COUT_CIN_CCU2C_COUT_S1_CCU2C_S0$CCU2_COMB0.FCI
Info:                          Defined in:
Info:                               /usr/bin/../share/yosys/techmap.v:331.28-331.64
Info:                               /usr/bin/../share/yosys/techmap.v:368.4-373.3
Info:                               /usr/bin/../share/yosys/techmap.v:428.4-432.3
Info:                               uart_bridge.sv:172.31-176.14
Info:                               ../../asic_core/rtl/lsc1_packet_frontend.sv:272.31-307.6
Info:                               ../../asic_core/rtl/lsc1_response_payload_mux.sv:75.22-75.43
Info:                               ../../asic_core/rtl/lean_silicon_lsc1.sv:14.26-19.6
Info:                               ulx3s_packet_top.sv:14.60-17.6
Info:                               /usr/bin/../share/yosys/ecp5/arith_map.v:74.7-80.4
Info:                               /usr/bin/../share/yosys/ecp5/cells_sim.v:82.9-82.13
Info:      logic  0.44  32.97 Source bridge.g_packet.asic.packet_core.state_valid_LUT4_A_Z_LUT4_A_Z_LUT4_A_Z_LUT4_C_Z_LUT4_C_Z_LUT4_C_Z_LUT4_Z_3_D_LUT4_Z_A_LUT4_Z_C_LUT4_C_1_Z_CCU2C_S0_CIN_CCU2C_COUT_S0_CCU2C_S1_CIN_CCU2C_COUT_CIN_CCU2C_COUT_CIN_CCU2C_COUT_S1_CCU2C_S0$CCU2_COMB0.F
Info:    routing  0.66  33.63 Net bridge.g_packet.asic.packet_core.state_valid_LUT4_A_Z_LUT4_A_Z_LUT4_A_Z_LUT4_C_Z_LUT4_C_Z_LUT4_C_Z_LUT4_Z_3_D_LUT4_Z_A_LUT4_Z_C_LUT4_C_1_Z_CCU2C_S0_CIN_CCU2C_COUT_S0_CCU2C_S1_CIN_CCU2C_COUT_CIN_CCU2C_COUT_CIN_CCU2C_COUT_S0_CCU2C_S1_A1_LUT4_Z_C[2] (89,75) -> (90,75)
Info:                          Sink bridge.g_packet.asic.packet_core.state_valid_LUT4_A_Z_LUT4_A_Z_LUT4_A_Z_LUT4_C_Z_LUT4_C_Z_LUT4_C_Z_LUT4_Z_3_D_LUT4_Z_A_LUT4_Z_C_LUT4_C_1_Z_CCU2C_S0_CIN_CCU2C_COUT_S0_CCU2C_S1_CIN_CCU2C_COUT_CIN_CCU2C_COUT_CIN_CCU2C_COUT_S0_CCU2C_S1_CIN_CCU2C_COUT_A1_LUT4_Z.D
Info:                          Defined in:
Info:                               /usr/bin/../share/yosys/ecp5/cells_map.v:108.23-108.24
Info:      logic  0.24  33.87 Source bridge.g_packet.asic.packet_core.state_valid_LUT4_A_Z_LUT4_A_Z_LUT4_A_Z_LUT4_C_Z_LUT4_C_Z_LUT4_C_Z_LUT4_Z_3_D_LUT4_Z_A_LUT4_Z_C_LUT4_C_1_Z_CCU2C_S0_CIN_CCU2C_COUT_S0_CCU2C_S1_CIN_CCU2C_COUT_CIN_CCU2C_COUT_CIN_CCU2C_COUT_S0_CCU2C_S1_CIN_CCU2C_COUT_A1_LUT4_Z.F
Info:    routing  0.89  34.76 Net bridge.g_packet.asic.packet_core.state_valid_LUT4_A_Z_LUT4_A_Z_LUT4_A_Z_LUT4_C_Z_LUT4_C_Z_LUT4_C_Z_LUT4_Z_3_D_LUT4_Z_A_LUT4_Z_C_LUT4_C_1_Z_CCU2C_S0_CIN_CCU2C_COUT_S0_CCU2C_S1_CIN_CCU2C_COUT_CIN_CCU2C_COUT_CIN_CCU2C_COUT_S0_CCU2C_S1_CIN_CCU2C_COUT_A1[1] (90,75) -> (90,74)
Info:                          Sink bridge.g_packet.asic.packet_core.state_valid_LUT4_A_Z_LUT4_A_Z_LUT4_A_Z_LUT4_C_Z_LUT4_C_Z_LUT4_C_Z_LUT4_Z_3_D_LUT4_Z_A_LUT4_Z_C_LUT4_C_1_Z_CCU2C_S0_CIN_CCU2C_COUT_S0_CCU2C_S1_CIN_CCU2C_COUT_CIN_CCU2C_COUT_CIN_CCU2C_COUT_S0_CCU2C_S1_CIN_CCU2C_COUT$CCU2_COMB1.A
Info:                          Defined in:
Info:                               /usr/bin/../share/yosys/ecp5/cells_map.v:108.23-108.24
Info:      logic  0.45  35.21 Source bridge.g_packet.asic.packet_core.state_valid_LUT4_A_Z_LUT4_A_Z_LUT4_A_Z_LUT4_C_Z_LUT4_C_Z_LUT4_C_Z_LUT4_Z_3_D_LUT4_Z_A_LUT4_Z_C_LUT4_C_1_Z_CCU2C_S0_CIN_CCU2C_COUT_S0_CCU2C_S1_CIN_CCU2C_COUT_CIN_CCU2C_COUT_CIN_CCU2C_COUT_S0_CCU2C_S1_CIN_CCU2C_COUT$CCU2_COMB1.FCO
Info:    routing  0.00  35.21 Net bridge.g_packet.asic.packet_core.state_valid_LUT4_A_Z_LUT4_A_Z_LUT4_A_Z_LUT4_C_Z_LUT4_C_Z_LUT4_C_Z_LUT4_Z_3_D_LUT4_Z_A_LUT4_Z_C_LUT4_C_1_Z_CCU2C_S0_CIN_CCU2C_COUT_S0_CCU2C_S1_CIN_CCU2C_COUT_CIN_CCU2C_COUT_CIN_CCU2C_COUT_S0_CCU2C_S1_CIN (90,74) -> (90,74)
Info:                          Sink bridge.g_packet.asic.packet_core.state_valid_LUT4_A_Z_LUT4_A_Z_LUT4_A_Z_LUT4_C_Z_LUT4_C_Z_LUT4_C_Z_LUT4_Z_3_D_LUT4_Z_A_LUT4_Z_C_LUT4_C_1_Z_CCU2C_S0_CIN_CCU2C_COUT_S0_CCU2C_S1_CIN_CCU2C_COUT_CIN_CCU2C_COUT_CIN_CCU2C_COUT_S0_CCU2C_S1$CCU2_COMB0.FCI
Info:                          Defined in:
Info:                               /usr/bin/../share/yosys/techmap.v:331.28-331.64
Info:                               /usr/bin/../share/yosys/techmap.v:368.4-373.3
Info:                               /usr/bin/../share/yosys/techmap.v:428.4-432.3
Info:                               uart_bridge.sv:172.31-176.14
Info:                               ../../asic_core/rtl/lsc1_packet_frontend.sv:272.31-307.6
Info:                               ../../asic_core/rtl/lsc1_response_payload_mux.sv:75.22-75.43
Info:                               ../../asic_core/rtl/lean_silicon_lsc1.sv:14.26-19.6
Info:                               ulx3s_packet_top.sv:14.60-17.6
Info:                               /usr/bin/../share/yosys/ecp5/arith_map.v:74.7-80.4
Info:                               /usr/bin/../share/yosys/ecp5/cells_sim.v:82.9-82.13
Info:      logic  0.07  35.28 Source bridge.g_packet.asic.packet_core.state_valid_LUT4_A_Z_LUT4_A_Z_LUT4_A_Z_LUT4_C_Z_LUT4_C_Z_LUT4_C_Z_LUT4_Z_3_D_LUT4_Z_A_LUT4_Z_C_LUT4_C_1_Z_CCU2C_S0_CIN_CCU2C_COUT_S0_CCU2C_S1_CIN_CCU2C_COUT_CIN_CCU2C_COUT_CIN_CCU2C_COUT_S0_CCU2C_S1$CCU2_COMB0.FCO
Info:    routing  0.00  35.28 Net bridge.g_packet.asic.packet_core.state_valid_LUT4_A_Z_LUT4_A_Z_LUT4_A_Z_LUT4_C_Z_LUT4_C_Z_LUT4_C_Z_LUT4_Z_3_D_LUT4_Z_A_LUT4_Z_C_LUT4_C_1_Z_CCU2C_S0_CIN_CCU2C_COUT_S0_CCU2C_S1_CIN_CCU2C_COUT_CIN_CCU2C_COUT_CIN_CCU2C_COUT_S0_CCU2C_S1$CCU2_FCI_INT (90,74) -> (90,74)
Info:                          Sink bridge.g_packet.asic.packet_core.state_valid_LUT4_A_Z_LUT4_A_Z_LUT4_A_Z_LUT4_C_Z_LUT4_C_Z_LUT4_C_Z_LUT4_Z_3_D_LUT4_Z_A_LUT4_Z_C_LUT4_C_1_Z_CCU2C_S0_CIN_CCU2C_COUT_S0_CCU2C_S1_CIN_CCU2C_COUT_CIN_CCU2C_COUT_CIN_CCU2C_COUT_S0_CCU2C_S1$CCU2_COMB1.FCI
Info:      logic  0.40  35.68 Source bridge.g_packet.asic.packet_core.state_valid_LUT4_A_Z_LUT4_A_Z_LUT4_A_Z_LUT4_C_Z_LUT4_C_Z_LUT4_C_Z_LUT4_Z_3_D_LUT4_Z_A_LUT4_Z_C_LUT4_C_1_Z_CCU2C_S0_CIN_CCU2C_COUT_S0_CCU2C_S1_CIN_CCU2C_COUT_CIN_CCU2C_COUT_CIN_CCU2C_COUT_S0_CCU2C_S1$CCU2_COMB1.F
Info:    routing  0.88  36.56 Net bridge.g_packet.asic.packet_core.state_valid_LUT4_A_Z_LUT4_A_Z_LUT4_A_Z_LUT4_C_Z_LUT4_C_Z_LUT4_C_Z_LUT4_Z_3_D_LUT4_Z_A_LUT4_Z_C_LUT4_C_1_Z_CCU2C_S0_CIN_CCU2C_COUT_S0_CCU2C_S1_CIN_CCU2C_COUT_CIN_CCU2C_COUT_CIN_CCU2C_COUT_S0[1] (90,74) -> (90,73)
Info:                          Sink bridge.g_packet.asic.packet_core.state_valid_LUT4_A_Z_LUT4_A_Z_LUT4_A_Z_LUT4_C_Z_LUT4_C_Z_LUT4_C_Z_LUT4_Z_3_D_LUT4_Z_A_LUT4_Z_C_LUT4_C_1_Z_CCU2C_S0_CIN_CCU2C_COUT_S0_CCU2C_S1_CIN_CCU2C_COUT_CIN_CCU2C_COUT_CIN_CCU2C_COUT_CIN_CCU2C_COUT_S1_LUT4_Z.D
Info:                          Defined in:
Info:                               /usr/bin/../share/yosys/ecp5/cells_map.v:108.23-108.24
Info:      logic  0.24  36.79 Source bridge.g_packet.asic.packet_core.state_valid_LUT4_A_Z_LUT4_A_Z_LUT4_A_Z_LUT4_C_Z_LUT4_C_Z_LUT4_C_Z_LUT4_Z_3_D_LUT4_Z_A_LUT4_Z_C_LUT4_C_1_Z_CCU2C_S0_CIN_CCU2C_COUT_S0_CCU2C_S1_CIN_CCU2C_COUT_CIN_CCU2C_COUT_CIN_CCU2C_COUT_CIN_CCU2C_COUT_S1_LUT4_Z.F
Info:    routing  1.12  37.91 Net bridge.g_packet.asic.packet_core.state_valid_LUT4_A_Z_LUT4_A_Z_LUT4_A_Z_LUT4_C_Z_LUT4_C_Z_LUT4_C_Z_LUT4_Z_3_D_LUT4_Z_A_LUT4_Z_C_LUT4_C_1_Z_CCU2C_S0_CIN_CCU2C_COUT_S0_CCU2C_S1_CIN_CCU2C_COUT_CIN_CCU2C_COUT_CIN_CCU2C_COUT_CIN_CCU2C_COUT_S1[1] (90,73) -> (90,71)
Info:                          Sink bridge.g_packet.asic.packet_core.state_valid_LUT4_A_Z_LUT4_A_Z_LUT4_A_Z_LUT4_C_Z_LUT4_C_Z_LUT4_C_Z_LUT4_Z_3_D_LUT4_Z_A_LUT4_Z_C_LUT4_C_1_Z_CCU2C_S0_CIN_CCU2C_COUT_S0_CCU2C_S1_CIN_CCU2C_COUT_CIN_CCU2C_COUT_CIN_CCU2C_COUT_CIN_CCU2C_COUT_S1_CCU2C_S0_CIN_CCU2C_COUT$CCU2_COMB0.A
Info:                          Defined in:
Info:                               /usr/bin/../share/yosys/ecp5/cells_map.v:108.23-108.24
Info:      logic  0.45  38.36 Source bridge.g_packet.asic.packet_core.state_valid_LUT4_A_Z_LUT4_A_Z_LUT4_A_Z_LUT4_C_Z_LUT4_C_Z_LUT4_C_Z_LUT4_Z_3_D_LUT4_Z_A_LUT4_Z_C_LUT4_C_1_Z_CCU2C_S0_CIN_CCU2C_COUT_S0_CCU2C_S1_CIN_CCU2C_COUT_CIN_CCU2C_COUT_CIN_CCU2C_COUT_CIN_CCU2C_COUT_S1_CCU2C_S0_CIN_CCU2C_COUT$CCU2_COMB0.FCO
Info:    routing  0.00  38.36 Net bridge.g_packet.asic.packet_core.state_valid_LUT4_A_Z_LUT4_A_Z_LUT4_A_Z_LUT4_C_Z_LUT4_C_Z_LUT4_C_Z_LUT4_Z_3_D_LUT4_Z_A_LUT4_Z_C_LUT4_C_1_Z_CCU2C_S0_CIN_CCU2C_COUT_S0_CCU2C_S1_CIN_CCU2C_COUT_CIN_CCU2C_COUT_CIN_CCU2C_COUT_CIN_CCU2C_COUT_S1_CCU2C_S0_CIN_CCU2C_COUT$CCU2_FCI_INT (90,71) -> (90,71)
Info:                          Sink bridge.g_packet.asic.packet_core.state_valid_LUT4_A_Z_LUT4_A_Z_LUT4_A_Z_LUT4_C_Z_LUT4_C_Z_LUT4_C_Z_LUT4_Z_3_D_LUT4_Z_A_LUT4_Z_C_LUT4_C_1_Z_CCU2C_S0_CIN_CCU2C_COUT_S0_CCU2C_S1_CIN_CCU2C_COUT_CIN_CCU2C_COUT_CIN_CCU2C_COUT_CIN_CCU2C_COUT_S1_CCU2C_S0_CIN_CCU2C_COUT$CCU2_COMB1.FCI
Info:      logic  0.00  38.36 Source bridge.g_packet.asic.packet_core.state_valid_LUT4_A_Z_LUT4_A_Z_LUT4_A_Z_LUT4_C_Z_LUT4_C_Z_LUT4_C_Z_LUT4_Z_3_D_LUT4_Z_A_LUT4_Z_C_LUT4_C_1_Z_CCU2C_S0_CIN_CCU2C_COUT_S0_CCU2C_S1_CIN_CCU2C_COUT_CIN_CCU2C_COUT_CIN_CCU2C_COUT_CIN_CCU2C_COUT_S1_CCU2C_S0_CIN_CCU2C_COUT$CCU2_COMB1.FCO
Info:    routing  0.00  38.36 Net bridge.g_packet.asic.packet_core.state_valid_LUT4_A_Z_LUT4_A_Z_LUT4_A_Z_LUT4_C_Z_LUT4_C_Z_LUT4_C_Z_LUT4_Z_3_D_LUT4_Z_A_LUT4_Z_C_LUT4_C_1_Z_CCU2C_S0_CIN_CCU2C_COUT_S0_CCU2C_S1_CIN_CCU2C_COUT_CIN_CCU2C_COUT_CIN_CCU2C_COUT_CIN_CCU2C_COUT_S1_CCU2C_S0_CIN (90,71) -> (90,71)
Info:                          Sink bridge.g_packet.asic.packet_core.state_valid_LUT4_A_Z_LUT4_A_Z_LUT4_A_Z_LUT4_C_Z_LUT4_C_Z_LUT4_C_Z_LUT4_Z_3_D_LUT4_Z_A_LUT4_Z_C_LUT4_C_1_Z_CCU2C_S0_CIN_CCU2C_COUT_S0_CCU2C_S1_CIN_CCU2C_COUT_CIN_CCU2C_COUT_CIN_CCU2C_COUT_CIN_CCU2C_COUT_S1_CCU2C_S0$CCU2_COMB0.FCI
Info:                          Defined in:
Info:                               /usr/bin/../share/yosys/techmap.v:331.28-331.64
Info:                               /usr/bin/../share/yosys/techmap.v:368.4-373.3
Info:                               /usr/bin/../share/yosys/techmap.v:428.4-432.3
Info:                               uart_bridge.sv:172.31-176.14
Info:                               ../../asic_core/rtl/lsc1_packet_frontend.sv:272.31-307.6
Info:                               ../../asic_core/rtl/lsc1_response_payload_mux.sv:75.22-75.43
Info:                               ../../asic_core/rtl/lean_silicon_lsc1.sv:14.26-19.6
Info:                               ulx3s_packet_top.sv:14.60-17.6
Info:                               /usr/bin/../share/yosys/ecp5/arith_map.v:74.7-80.4
Info:                               /usr/bin/../share/yosys/ecp5/cells_sim.v:82.9-82.13
Info:      logic  0.44  38.80 Source bridge.g_packet.asic.packet_core.state_valid_LUT4_A_Z_LUT4_A_Z_LUT4_A_Z_LUT4_C_Z_LUT4_C_Z_LUT4_C_Z_LUT4_Z_3_D_LUT4_Z_A_LUT4_Z_C_LUT4_C_1_Z_CCU2C_S0_CIN_CCU2C_COUT_S0_CCU2C_S1_CIN_CCU2C_COUT_CIN_CCU2C_COUT_CIN_CCU2C_COUT_CIN_CCU2C_COUT_S1_CCU2C_S0$CCU2_COMB0.F
Info:    routing  0.93  39.73 Net bridge.g_packet.asic.packet_core.state_valid_LUT4_A_Z_LUT4_A_Z_LUT4_A_Z_LUT4_C_Z_LUT4_C_Z_LUT4_C_Z_LUT4_Z_3_D_LUT4_Z_A_LUT4_Z_C_LUT4_C_1_Z_CCU2C_S0_CIN_CCU2C_COUT_S0_CCU2C_S1_CIN_CCU2C_COUT_CIN_CCU2C_COUT_CIN_CCU2C_COUT_CIN_CCU2C_COUT_S0_CCU2C_S1_A1_LUT4_Z_C[2] (90,71) -> (89,72)
Info:                          Sink bridge.g_packet.asic.packet_core.state_valid_LUT4_A_Z_LUT4_A_Z_LUT4_A_Z_LUT4_C_Z_LUT4_C_Z_LUT4_C_Z_LUT4_Z_3_D_LUT4_Z_A_LUT4_Z_C_LUT4_C_1_Z_CCU2C_S0_CIN_CCU2C_COUT_S0_CCU2C_S1_CIN_CCU2C_COUT_CIN_CCU2C_COUT_CIN_CCU2C_COUT_CIN_CCU2C_COUT_S0_CCU2C_S1_CIN_CCU2C_COUT_A1_LUT4_Z.D
Info:                          Defined in:
Info:                               /usr/bin/../share/yosys/ecp5/cells_map.v:108.23-108.24
Info:      logic  0.24  39.97 Source bridge.g_packet.asic.packet_core.state_valid_LUT4_A_Z_LUT4_A_Z_LUT4_A_Z_LUT4_C_Z_LUT4_C_Z_LUT4_C_Z_LUT4_Z_3_D_LUT4_Z_A_LUT4_Z_C_LUT4_C_1_Z_CCU2C_S0_CIN_CCU2C_COUT_S0_CCU2C_S1_CIN_CCU2C_COUT_CIN_CCU2C_COUT_CIN_CCU2C_COUT_CIN_CCU2C_COUT_S0_CCU2C_S1_CIN_CCU2C_COUT_A1_LUT4_Z.F
Info:    routing  1.12  41.09 Net bridge.g_packet.asic.packet_core.state_valid_LUT4_A_Z_LUT4_A_Z_LUT4_A_Z_LUT4_C_Z_LUT4_C_Z_LUT4_C_Z_LUT4_Z_3_D_LUT4_Z_A_LUT4_Z_C_LUT4_C_1_Z_CCU2C_S0_CIN_CCU2C_COUT_S0_CCU2C_S1_CIN_CCU2C_COUT_CIN_CCU2C_COUT_CIN_CCU2C_COUT_CIN_CCU2C_COUT_S0_CCU2C_S1_CIN_CCU2C_COUT_A1[1] (89,72) -> (88,73)
Info:                          Sink bridge.g_packet.asic.packet_core.state_valid_LUT4_A_Z_LUT4_A_Z_LUT4_A_Z_LUT4_C_Z_LUT4_C_Z_LUT4_C_Z_LUT4_Z_3_D_LUT4_Z_A_LUT4_Z_C_LUT4_C_1_Z_CCU2C_S0_CIN_CCU2C_COUT_S0_CCU2C_S1_CIN_CCU2C_COUT_CIN_CCU2C_COUT_CIN_CCU2C_COUT_CIN_CCU2C_COUT_S0_CCU2C_S1_CIN_CCU2C_COUT$CCU2_COMB1.A
Info:                          Defined in:
Info:                               /usr/bin/../share/yosys/ecp5/cells_map.v:108.23-108.24
Info:      logic  0.45  41.53 Source bridge.g_packet.asic.packet_core.state_valid_LUT4_A_Z_LUT4_A_Z_LUT4_A_Z_LUT4_C_Z_LUT4_C_Z_LUT4_C_Z_LUT4_Z_3_D_LUT4_Z_A_LUT4_Z_C_LUT4_C_1_Z_CCU2C_S0_CIN_CCU2C_COUT_S0_CCU2C_S1_CIN_CCU2C_COUT_CIN_CCU2C_COUT_CIN_CCU2C_COUT_CIN_CCU2C_COUT_S0_CCU2C_S1_CIN_CCU2C_COUT$CCU2_COMB1.FCO
Info:    routing  0.00  41.53 Net bridge.g_packet.asic.packet_core.state_valid_LUT4_A_Z_LUT4_A_Z_LUT4_A_Z_LUT4_C_Z_LUT4_C_Z_LUT4_C_Z_LUT4_Z_3_D_LUT4_Z_A_LUT4_Z_C_LUT4_C_1_Z_CCU2C_S0_CIN_CCU2C_COUT_S0_CCU2C_S1_CIN_CCU2C_COUT_CIN_CCU2C_COUT_CIN_CCU2C_COUT_CIN_CCU2C_COUT_S0_CCU2C_S1_CIN (88,73) -> (89,73)
Info:                          Sink bridge.g_packet.asic.packet_core.state_valid_LUT4_A_Z_LUT4_A_Z_LUT4_A_Z_LUT4_C_Z_LUT4_C_Z_LUT4_C_Z_LUT4_Z_3_D_LUT4_Z_A_LUT4_Z_C_LUT4_C_1_Z_CCU2C_S0_CIN_CCU2C_COUT_S0_CCU2C_S1_CIN_CCU2C_COUT_CIN_CCU2C_COUT_CIN_CCU2C_COUT_CIN_CCU2C_COUT_S0_CCU2C_S1$CCU2_COMB0.FCI
Info:                          Defined in:
Info:                               /usr/bin/../share/yosys/techmap.v:331.28-331.64
Info:                               /usr/bin/../share/yosys/techmap.v:368.4-373.3
Info:                               /usr/bin/../share/yosys/techmap.v:428.4-432.3
Info:                               uart_bridge.sv:172.31-176.14
Info:                               ../../asic_core/rtl/lsc1_packet_frontend.sv:272.31-307.6
Info:                               ../../asic_core/rtl/lsc1_response_payload_mux.sv:75.22-75.43
Info:                               ../../asic_core/rtl/lean_silicon_lsc1.sv:14.26-19.6
Info:                               ulx3s_packet_top.sv:14.60-17.6
Info:                               /usr/bin/../share/yosys/ecp5/arith_map.v:74.7-80.4
Info:                               /usr/bin/../share/yosys/ecp5/cells_sim.v:82.9-82.13
Info:      logic  0.07  41.61 Source bridge.g_packet.asic.packet_core.state_valid_LUT4_A_Z_LUT4_A_Z_LUT4_A_Z_LUT4_C_Z_LUT4_C_Z_LUT4_C_Z_LUT4_Z_3_D_LUT4_Z_A_LUT4_Z_C_LUT4_C_1_Z_CCU2C_S0_CIN_CCU2C_COUT_S0_CCU2C_S1_CIN_CCU2C_COUT_CIN_CCU2C_COUT_CIN_CCU2C_COUT_CIN_CCU2C_COUT_S0_CCU2C_S1$CCU2_COMB0.FCO
Info:    routing  0.00  41.61 Net bridge.g_packet.asic.packet_core.state_valid_LUT4_A_Z_LUT4_A_Z_LUT4_A_Z_LUT4_C_Z_LUT4_C_Z_LUT4_C_Z_LUT4_Z_3_D_LUT4_Z_A_LUT4_Z_C_LUT4_C_1_Z_CCU2C_S0_CIN_CCU2C_COUT_S0_CCU2C_S1_CIN_CCU2C_COUT_CIN_CCU2C_COUT_CIN_CCU2C_COUT_CIN_CCU2C_COUT_S0_CCU2C_S1$CCU2_FCI_INT (89,73) -> (89,73)
Info:                          Sink bridge.g_packet.asic.packet_core.state_valid_LUT4_A_Z_LUT4_A_Z_LUT4_A_Z_LUT4_C_Z_LUT4_C_Z_LUT4_C_Z_LUT4_Z_3_D_LUT4_Z_A_LUT4_Z_C_LUT4_C_1_Z_CCU2C_S0_CIN_CCU2C_COUT_S0_CCU2C_S1_CIN_CCU2C_COUT_CIN_CCU2C_COUT_CIN_CCU2C_COUT_CIN_CCU2C_COUT_S0_CCU2C_S1$CCU2_COMB1.FCI
Info:      logic  0.40  42.01 Source bridge.g_packet.asic.packet_core.state_valid_LUT4_A_Z_LUT4_A_Z_LUT4_A_Z_LUT4_C_Z_LUT4_C_Z_LUT4_C_Z_LUT4_Z_3_D_LUT4_Z_A_LUT4_Z_C_LUT4_C_1_Z_CCU2C_S0_CIN_CCU2C_COUT_S0_CCU2C_S1_CIN_CCU2C_COUT_CIN_CCU2C_COUT_CIN_CCU2C_COUT_CIN_CCU2C_COUT_S0_CCU2C_S1$CCU2_COMB1.F
Info:    routing  0.93  42.94 Net bridge.g_packet.asic.packet_core.state_valid_LUT4_A_Z_LUT4_A_Z_LUT4_A_Z_LUT4_C_Z_LUT4_C_Z_LUT4_C_Z_LUT4_Z_3_D_LUT4_Z_A_LUT4_Z_C_LUT4_C_1_Z_CCU2C_S0_CIN_CCU2C_COUT_S0_CCU2C_S1_CIN_CCU2C_COUT_CIN_CCU2C_COUT_CIN_CCU2C_COUT_CIN_CCU2C_COUT_S0[1] (89,73) -> (88,72)
Info:                          Sink bridge.g_packet.asic.packet_core.state_valid_LUT4_A_Z_LUT4_A_Z_LUT4_A_Z_LUT4_C_Z_LUT4_C_Z_LUT4_C_Z_LUT4_Z_3_D_LUT4_Z_A_LUT4_Z_C_LUT4_C_1_Z_CCU2C_S0_CIN_CCU2C_COUT_S0_CCU2C_S1_CIN_CCU2C_COUT_CIN_CCU2C_COUT_CIN_CCU2C_COUT_CIN_CCU2C_COUT_S0_CCU2C_S1_CIN_CCU2C_COUT_A1_LUT4_C.D
Info:                          Defined in:
Info:                               /usr/bin/../share/yosys/ecp5/cells_map.v:108.23-108.24
Info:      logic  0.24  43.18 Source bridge.g_packet.asic.packet_core.state_valid_LUT4_A_Z_LUT4_A_Z_LUT4_A_Z_LUT4_C_Z_LUT4_C_Z_LUT4_C_Z_LUT4_Z_3_D_LUT4_Z_A_LUT4_Z_C_LUT4_C_1_Z_CCU2C_S0_CIN_CCU2C_COUT_S0_CCU2C_S1_CIN_CCU2C_COUT_CIN_CCU2C_COUT_CIN_CCU2C_COUT_CIN_CCU2C_COUT_S0_CCU2C_S1_CIN_CCU2C_COUT_A1_LUT4_C.F
Info:    routing  1.12  44.30 Net bridge.g_packet.asic.packet_core.state_valid_LUT4_A_Z_LUT4_A_Z_LUT4_A_Z_LUT4_C_Z_LUT4_C_Z_LUT4_C_Z_LUT4_Z_3_D_LUT4_Z_A_LUT4_Z_C_LUT4_C_1_Z_CCU2C_S0_CIN_CCU2C_COUT_S0_CCU2C_S1_CIN_CCU2C_COUT_CIN_CCU2C_COUT_CIN_CCU2C_COUT_CIN_CCU2C_COUT_CIN_CCU2C_COUT_S1_CCU2C_S0_CIN_CCU2C_COUT_A1[1] (88,72) -> (84,72)
Info:                          Sink bridge.g_packet.asic.packet_core.state_valid_LUT4_A_Z_LUT4_A_Z_LUT4_A_Z_LUT4_C_Z_LUT4_C_Z_LUT4_C_Z_LUT4_Z_3_D_LUT4_Z_A_LUT4_Z_C_LUT4_C_1_Z_CCU2C_S0_CIN_CCU2C_COUT_S0_CCU2C_S1_CIN_CCU2C_COUT_CIN_CCU2C_COUT_CIN_CCU2C_COUT_CIN_CCU2C_COUT_CIN_CCU2C_COUT_S1_CCU2C_S0_CIN_CCU2C_COUT$CCU2_COMB1.A
Info:                          Defined in:
Info:                               /usr/bin/../share/yosys/ecp5/cells_map.v:108.23-108.24
Info:      logic  0.45  44.75 Source bridge.g_packet.asic.packet_core.state_valid_LUT4_A_Z_LUT4_A_Z_LUT4_A_Z_LUT4_C_Z_LUT4_C_Z_LUT4_C_Z_LUT4_Z_3_D_LUT4_Z_A_LUT4_Z_C_LUT4_C_1_Z_CCU2C_S0_CIN_CCU2C_COUT_S0_CCU2C_S1_CIN_CCU2C_COUT_CIN_CCU2C_COUT_CIN_CCU2C_COUT_CIN_CCU2C_COUT_CIN_CCU2C_COUT_S1_CCU2C_S0_CIN_CCU2C_COUT$CCU2_COMB1.FCO
Info:    routing  0.00  44.75 Net bridge.g_packet.asic.packet_core.state_valid_LUT4_A_Z_LUT4_A_Z_LUT4_A_Z_LUT4_C_Z_LUT4_C_Z_LUT4_C_Z_LUT4_Z_3_D_LUT4_Z_A_LUT4_Z_C_LUT4_C_1_Z_CCU2C_S0_CIN_CCU2C_COUT_S0_CCU2C_S1_CIN_CCU2C_COUT_CIN_CCU2C_COUT_CIN_CCU2C_COUT_CIN_CCU2C_COUT_CIN_CCU2C_COUT_S1_CCU2C_S0_CIN (84,72) -> (85,72)
Info:                          Sink bridge.g_packet.asic.packet_core.state_valid_LUT4_A_Z_LUT4_A_Z_LUT4_A_Z_LUT4_C_Z_LUT4_C_Z_LUT4_C_Z_LUT4_Z_3_D_LUT4_Z_A_LUT4_Z_C_LUT4_C_1_Z_CCU2C_S0_CIN_CCU2C_COUT_S0_CCU2C_S1_CIN_CCU2C_COUT_CIN_CCU2C_COUT_CIN_CCU2C_COUT_CIN_CCU2C_COUT_CIN_CCU2C_COUT_S1_CCU2C_S0$CCU2_COMB0.FCI
Info:                          Defined in:
Info:                               /usr/bin/../share/yosys/techmap.v:331.28-331.64
Info:                               /usr/bin/../share/yosys/techmap.v:368.4-373.3
Info:                               /usr/bin/../share/yosys/techmap.v:428.4-432.3
Info:                               uart_bridge.sv:172.31-176.14
Info:                               ../../asic_core/rtl/lsc1_packet_frontend.sv:272.31-307.6
Info:                               ../../asic_core/rtl/lsc1_response_payload_mux.sv:75.22-75.43
Info:                               ../../asic_core/rtl/lean_silicon_lsc1.sv:14.26-19.6
Info:                               ulx3s_packet_top.sv:14.60-17.6
Info:                               /usr/bin/../share/yosys/ecp5/arith_map.v:74.7-80.4
Info:                               /usr/bin/../share/yosys/ecp5/cells_sim.v:82.9-82.13
Info:      logic  0.44  45.19 Source bridge.g_packet.asic.packet_core.state_valid_LUT4_A_Z_LUT4_A_Z_LUT4_A_Z_LUT4_C_Z_LUT4_C_Z_LUT4_C_Z_LUT4_Z_3_D_LUT4_Z_A_LUT4_Z_C_LUT4_C_1_Z_CCU2C_S0_CIN_CCU2C_COUT_S0_CCU2C_S1_CIN_CCU2C_COUT_CIN_CCU2C_COUT_CIN_CCU2C_COUT_CIN_CCU2C_COUT_CIN_CCU2C_COUT_S1_CCU2C_S0$CCU2_COMB0.F
Info:    routing  0.93  46.12 Net bridge.g_packet.asic.packet_core.state_valid_LUT4_A_Z_LUT4_A_Z_LUT4_A_Z_LUT4_C_Z_LUT4_C_Z_LUT4_C_Z_LUT4_Z_3_D_LUT4_Z_A_LUT4_Z_C_LUT4_C_1_Z_CCU2C_S0_CIN_CCU2C_COUT_S0_CCU2C_S1_CIN_CCU2C_COUT_CIN_CCU2C_COUT_CIN_CCU2C_COUT_CIN_CCU2C_COUT_CIN_CCU2C_COUT_S1[2] (85,72) -> (87,71)
Info:                          Sink bridge.g_packet.asic.packet_core.state_valid_LUT4_A_Z_LUT4_A_Z_LUT4_A_Z_LUT4_C_Z_LUT4_C_Z_LUT4_C_Z_LUT4_Z_3_D_LUT4_Z_A_LUT4_Z_C_LUT4_C_1_Z_CCU2C_S0_CIN_CCU2C_COUT_S0_CCU2C_S1_CIN_CCU2C_COUT_CIN_CCU2C_COUT_CIN_CCU2C_COUT_CIN_CCU2C_COUT_CIN_CCU2C_COUT_S1_CCU2C_S0_CIN_CCU2C_COUT_A1_LUT4_C.D
Info:                          Defined in:
Info:                               /usr/bin/../share/yosys/ecp5/cells_map.v:108.23-108.24
Info:      logic  0.24  46.35 Source bridge.g_packet.asic.packet_core.state_valid_LUT4_A_Z_LUT4_A_Z_LUT4_A_Z_LUT4_C_Z_LUT4_C_Z_LUT4_C_Z_LUT4_Z_3_D_LUT4_Z_A_LUT4_Z_C_LUT4_C_1_Z_CCU2C_S0_CIN_CCU2C_COUT_S0_CCU2C_S1_CIN_CCU2C_COUT_CIN_CCU2C_COUT_CIN_CCU2C_COUT_CIN_CCU2C_COUT_CIN_CCU2C_COUT_S1_CCU2C_S0_CIN_CCU2C_COUT_A1_LUT4_C.F
Info:    routing  0.87  47.22 Net bridge.g_packet.asic.packet_core.state_valid_LUT4_A_Z_LUT4_A_Z_LUT4_A_Z_LUT4_C_Z_LUT4_C_Z_LUT4_C_Z_LUT4_Z_3_D_LUT4_Z_A_LUT4_Z_C_LUT4_C_1_Z_CCU2C_S0_CIN_CCU2C_COUT_S0_CCU2C_S1_CIN_CCU2C_COUT_CIN_CCU2C_COUT_CIN_CCU2C_COUT_CIN_CCU2C_COUT_CIN_CCU2C_COUT_S1_CCU2C_S0_CIN_CCU2C_COUT_A1_LUT4_C_Z (87,71) -> (87,69)
Info:                          Sink bridge.g_packet.asic.packet_core.state_valid_LUT4_A_Z_LUT4_A_Z_LUT4_A_Z_LUT4_C_Z_LUT4_C_Z_LUT4_C_Z_LUT4_Z_3_D_LUT4_Z_A_LUT4_Z_C_LUT4_C_1_Z_CCU2C_S0_CIN_CCU2C_COUT_S0_CCU2C_S1_CIN_CCU2C_COUT_CIN_CCU2C_COUT_CIN_CCU2C_COUT_CIN_CCU2C_COUT_CIN_CCU2C_COUT_S1_CCU2C_S0_CIN_CCU2C_COUT_A1_LUT4_C_Z_CCU2C_B1$CCU2_COMB1.B
Info:      logic  0.45  47.67 Source bridge.g_packet.asic.packet_core.state_valid_LUT4_A_Z_LUT4_A_Z_LUT4_A_Z_LUT4_C_Z_LUT4_C_Z_LUT4_C_Z_LUT4_Z_3_D_LUT4_Z_A_LUT4_Z_C_LUT4_C_1_Z_CCU2C_S0_CIN_CCU2C_COUT_S0_CCU2C_S1_CIN_CCU2C_COUT_CIN_CCU2C_COUT_CIN_CCU2C_COUT_CIN_CCU2C_COUT_CIN_CCU2C_COUT_S1_CCU2C_S0_CIN_CCU2C_COUT_A1_LUT4_C_Z_CCU2C_B1$CCU2_COMB1.FCO
Info:    routing  0.00  47.67 Net bridge.g_packet.asic.packet_core.state_valid_LUT4_A_Z_LUT4_A_Z_LUT4_A_Z_LUT4_C_Z_LUT4_C_Z_LUT4_C_Z_LUT4_Z_3_D_LUT4_Z_A_LUT4_Z_C_LUT4_C_1_Z_CCU2C_S0_CIN_CCU2C_COUT_S0_CCU2C_S1_CIN_CCU2C_COUT_CIN_CCU2C_COUT_CIN_CCU2C_COUT_CIN_CCU2C_COUT_CIN_CCU2C_COUT_S1_CCU2C_S0_CIN_CCU2C_COUT_A1_LUT4_C_Z_CCU2C_B1_COUT (87,69) -> (88,69)
Info:                          Sink bridge.g_packet.asic.packet_core.state_valid_LUT4_A_Z_LUT4_A_Z_LUT4_A_Z_LUT4_C_Z_LUT4_C_Z_LUT4_C_Z_LUT4_Z_3_D_LUT4_Z_A_LUT4_Z_C_LUT4_C_1_Z_CCU2C_S0_CIN_CCU2C_COUT_S0_CCU2C_S1_CIN_CCU2C_COUT_CIN_CCU2C_COUT_CIN_CCU2C_COUT_CIN_CCU2C_COUT_CIN_CCU2C_COUT_S1_CCU2C_S0_CIN_CCU2C_COUT_A1_LUT4_C_Z_CCU2C_B1_COUT_CCU2C_CIN$CCU2_COMB0.FCI
Info:                          Defined in:
Info:                               /usr/bin/../share/yosys/techmap.v:331.28-331.64
Info:                               /usr/bin/../share/yosys/techmap.v:368.4-373.3
Info:                               /usr/bin/../share/yosys/techmap.v:428.4-432.3
Info:                               uart_bridge.sv:172.31-176.14
Info:                               ../../asic_core/rtl/lsc1_packet_frontend.sv:272.31-307.6
Info:                               ../../asic_core/rtl/lsc1_response_payload_mux.sv:75.22-75.43
Info:                               ../../asic_core/rtl/lean_silicon_lsc1.sv:14.26-19.6
Info:                               ulx3s_packet_top.sv:14.60-17.6
Info:                               /usr/bin/../share/yosys/ecp5/arith_map.v:74.7-80.4
Info:                               /usr/bin/../share/yosys/ecp5/cells_sim.v:82.9-82.13
Info:      logic  0.07  47.74 Source bridge.g_packet.asic.packet_core.state_valid_LUT4_A_Z_LUT4_A_Z_LUT4_A_Z_LUT4_C_Z_LUT4_C_Z_LUT4_C_Z_LUT4_Z_3_D_LUT4_Z_A_LUT4_Z_C_LUT4_C_1_Z_CCU2C_S0_CIN_CCU2C_COUT_S0_CCU2C_S1_CIN_CCU2C_COUT_CIN_CCU2C_COUT_CIN_CCU2C_COUT_CIN_CCU2C_COUT_CIN_CCU2C_COUT_S1_CCU2C_S0_CIN_CCU2C_COUT_A1_LUT4_C_Z_CCU2C_B1_COUT_CCU2C_CIN$CCU2_COMB0.FCO
Info:    routing  0.00  47.74 Net bridge.g_packet.asic.packet_core.state_valid_LUT4_A_Z_LUT4_A_Z_LUT4_A_Z_LUT4_C_Z_LUT4_C_Z_LUT4_C_Z_LUT4_Z_3_D_LUT4_Z_A_LUT4_Z_C_LUT4_C_1_Z_CCU2C_S0_CIN_CCU2C_COUT_S0_CCU2C_S1_CIN_CCU2C_COUT_CIN_CCU2C_COUT_CIN_CCU2C_COUT_CIN_CCU2C_COUT_CIN_CCU2C_COUT_S1_CCU2C_S0_CIN_CCU2C_COUT_A1_LUT4_C_Z_CCU2C_B1_COUT_CCU2C_CIN$CCU2_FCI_INT (88,69) -> (88,69)
Info:                          Sink bridge.g_packet.asic.packet_core.state_valid_LUT4_A_Z_LUT4_A_Z_LUT4_A_Z_LUT4_C_Z_LUT4_C_Z_LUT4_C_Z_LUT4_Z_3_D_LUT4_Z_A_LUT4_Z_C_LUT4_C_1_Z_CCU2C_S0_CIN_CCU2C_COUT_S0_CCU2C_S1_CIN_CCU2C_COUT_CIN_CCU2C_COUT_CIN_CCU2C_COUT_CIN_CCU2C_COUT_CIN_CCU2C_COUT_S1_CCU2C_S0_CIN_CCU2C_COUT_A1_LUT4_C_Z_CCU2C_B1_COUT_CCU2C_CIN$CCU2_COMB1.FCI
Info:      logic  0.00  47.74 Source bridge.g_packet.asic.packet_core.state_valid_LUT4_A_Z_LUT4_A_Z_LUT4_A_Z_LUT4_C_Z_LUT4_C_Z_LUT4_C_Z_LUT4_Z_3_D_LUT4_Z_A_LUT4_Z_C_LUT4_C_1_Z_CCU2C_S0_CIN_CCU2C_COUT_S0_CCU2C_S1_CIN_CCU2C_COUT_CIN_CCU2C_COUT_CIN_CCU2C_COUT_CIN_CCU2C_COUT_CIN_CCU2C_COUT_S1_CCU2C_S0_CIN_CCU2C_COUT_A1_LUT4_C_Z_CCU2C_B1_COUT_CCU2C_CIN$CCU2_COMB1.FCO
Info:    routing  0.00  47.74 Net bridge.g_packet.asic.packet_core.state_valid_LUT4_A_Z_LUT4_A_Z_LUT4_A_Z_LUT4_C_Z_LUT4_C_Z_LUT4_C_Z_LUT4_Z_3_D_LUT4_Z_A_LUT4_Z_C_LUT4_C_1_Z_CCU2C_S0_CIN_CCU2C_COUT_S0_CCU2C_S1_CIN_CCU2C_COUT_CIN_CCU2C_COUT_CIN_CCU2C_COUT_CIN_CCU2C_COUT_CIN_CCU2C_COUT_S1_CCU2C_S0_CIN_CCU2C_COUT_A1_LUT4_C_Z_CCU2C_B1_COUT_CCU2C_CIN_COUT (88,69) -> (88,69)
Info:                          Sink bridge.g_packet.asic.packet_core.state_valid_LUT4_A_Z_LUT4_A_Z_LUT4_A_Z_LUT4_C_Z_LUT4_C_Z_LUT4_C_Z_LUT4_Z_3_D_LUT4_Z_A_LUT4_Z_C_LUT4_C_1_Z_CCU2C_S0_CIN_CCU2C_COUT_S0_CCU2C_S1_CIN_CCU2C_COUT_CIN_CCU2C_COUT_CIN_CCU2C_COUT_CIN_CCU2C_COUT_CIN_CCU2C_COUT_S1_CCU2C_S0_CIN_CCU2C_COUT_A1_LUT4_C_Z_CCU2C_B1_COUT_CCU2C_CIN_COUT_CCU2C_CIN$CCU2_COMB0.FCI
Info:                          Defined in:
Info:                               /usr/bin/../share/yosys/techmap.v:331.28-331.64
Info:                               /usr/bin/../share/yosys/techmap.v:368.4-373.3
Info:                               /usr/bin/../share/yosys/techmap.v:428.4-432.3
Info:                               uart_bridge.sv:172.31-176.14
Info:                               ../../asic_core/rtl/lsc1_packet_frontend.sv:272.31-307.6
Info:                               ../../asic_core/rtl/lsc1_response_payload_mux.sv:75.22-75.43
Info:                               ../../asic_core/rtl/lean_silicon_lsc1.sv:14.26-19.6
Info:                               ulx3s_packet_top.sv:14.60-17.6
Info:                               /usr/bin/../share/yosys/ecp5/arith_map.v:74.7-80.4
Info:                               /usr/bin/../share/yosys/ecp5/cells_sim.v:82.9-82.13
Info:      logic  0.07  47.81 Source bridge.g_packet.asic.packet_core.state_valid_LUT4_A_Z_LUT4_A_Z_LUT4_A_Z_LUT4_C_Z_LUT4_C_Z_LUT4_C_Z_LUT4_Z_3_D_LUT4_Z_A_LUT4_Z_C_LUT4_C_1_Z_CCU2C_S0_CIN_CCU2C_COUT_S0_CCU2C_S1_CIN_CCU2C_COUT_CIN_CCU2C_COUT_CIN_CCU2C_COUT_CIN_CCU2C_COUT_CIN_CCU2C_COUT_S1_CCU2C_S0_CIN_CCU2C_COUT_A1_LUT4_C_Z_CCU2C_B1_COUT_CCU2C_CIN_COUT_CCU2C_CIN$CCU2_COMB0.FCO
Info:    routing  0.00  47.81 Net bridge.g_packet.asic.packet_core.state_valid_LUT4_A_Z_LUT4_A_Z_LUT4_A_Z_LUT4_C_Z_LUT4_C_Z_LUT4_C_Z_LUT4_Z_3_D_LUT4_Z_A_LUT4_Z_C_LUT4_C_1_Z_CCU2C_S0_CIN_CCU2C_COUT_S0_CCU2C_S1_CIN_CCU2C_COUT_CIN_CCU2C_COUT_CIN_CCU2C_COUT_CIN_CCU2C_COUT_CIN_CCU2C_COUT_S1_CCU2C_S0_CIN_CCU2C_COUT_A1_LUT4_C_Z_CCU2C_B1_COUT_CCU2C_CIN_COUT_CCU2C_CIN$CCU2_FCI_INT (88,69) -> (88,69)
Info:                          Sink bridge.g_packet.asic.packet_core.state_valid_LUT4_A_Z_LUT4_A_Z_LUT4_A_Z_LUT4_C_Z_LUT4_C_Z_LUT4_C_Z_LUT4_Z_3_D_LUT4_Z_A_LUT4_Z_C_LUT4_C_1_Z_CCU2C_S0_CIN_CCU2C_COUT_S0_CCU2C_S1_CIN_CCU2C_COUT_CIN_CCU2C_COUT_CIN_CCU2C_COUT_CIN_CCU2C_COUT_CIN_CCU2C_COUT_S1_CCU2C_S0_CIN_CCU2C_COUT_A1_LUT4_C_Z_CCU2C_B1_COUT_CCU2C_CIN_COUT_CCU2C_CIN$CCU2_COMB1.FCI
Info:      logic  0.00  47.81 Source bridge.g_packet.asic.packet_core.state_valid_LUT4_A_Z_LUT4_A_Z_LUT4_A_Z_LUT4_C_Z_LUT4_C_Z_LUT4_C_Z_LUT4_Z_3_D_LUT4_Z_A_LUT4_Z_C_LUT4_C_1_Z_CCU2C_S0_CIN_CCU2C_COUT_S0_CCU2C_S1_CIN_CCU2C_COUT_CIN_CCU2C_COUT_CIN_CCU2C_COUT_CIN_CCU2C_COUT_CIN_CCU2C_COUT_S1_CCU2C_S0_CIN_CCU2C_COUT_A1_LUT4_C_Z_CCU2C_B1_COUT_CCU2C_CIN_COUT_CCU2C_CIN$CCU2_COMB1.FCO
Info:    routing  0.00  47.81 Net bridge.g_packet.asic.packet_core.state_valid_LUT4_A_Z_LUT4_A_Z_LUT4_A_Z_LUT4_C_Z_LUT4_C_Z_LUT4_C_Z_LUT4_Z_3_D_LUT4_Z_A_LUT4_Z_C_LUT4_C_1_Z_CCU2C_S0_CIN_CCU2C_COUT_S0_CCU2C_S1_CIN_CCU2C_COUT_CIN_CCU2C_COUT_CIN_CCU2C_COUT_CIN_CCU2C_COUT_CIN_CCU2C_COUT_S1_CCU2C_S0_CIN_CCU2C_COUT_A1_LUT4_C_Z_CCU2C_B1_COUT_CCU2C_CIN_COUT_CCU2C_CIN_COUT (88,69) -> (88,69)
Info:                          Sink bridge.g_packet.asic.packet_core.state_valid_LUT4_A_Z_LUT4_A_Z_LUT4_A_Z_LUT4_C_Z_LUT4_C_Z_LUT4_C_Z_LUT4_Z_3_D_LUT4_Z_A_LUT4_Z_C_LUT4_C_1_Z_CCU2C_S0_CIN_CCU2C_COUT_S0_CCU2C_S1_CIN_CCU2C_COUT_CIN_CCU2C_COUT_CIN_CCU2C_COUT_CIN_CCU2C_COUT_CIN_CCU2C_COUT_S1_CCU2C_S0_CIN_CCU2C_COUT_A1_LUT4_C_Z_CCU2C_B1_COUT_CCU2C_CIN_COUT_CCU2C_CIN_COUT_CCU2C_CIN$CCU2_COMB0.FCI
Info:                          Defined in:
Info:                               /usr/bin/../share/yosys/techmap.v:331.28-331.64
Info:                               /usr/bin/../share/yosys/techmap.v:368.4-373.3
Info:                               /usr/bin/../share/yosys/techmap.v:428.4-432.3
Info:                               uart_bridge.sv:172.31-176.14
Info:                               ../../asic_core/rtl/lsc1_packet_frontend.sv:272.31-307.6
Info:                               ../../asic_core/rtl/lsc1_response_payload_mux.sv:75.22-75.43
Info:                               ../../asic_core/rtl/lean_silicon_lsc1.sv:14.26-19.6
Info:                               ulx3s_packet_top.sv:14.60-17.6
Info:                               /usr/bin/../share/yosys/ecp5/arith_map.v:74.7-80.4
Info:                               /usr/bin/../share/yosys/ecp5/cells_sim.v:82.9-82.13
Info:      logic  0.07  47.88 Source bridge.g_packet.asic.packet_core.state_valid_LUT4_A_Z_LUT4_A_Z_LUT4_A_Z_LUT4_C_Z_LUT4_C_Z_LUT4_C_Z_LUT4_Z_3_D_LUT4_Z_A_LUT4_Z_C_LUT4_C_1_Z_CCU2C_S0_CIN_CCU2C_COUT_S0_CCU2C_S1_CIN_CCU2C_COUT_CIN_CCU2C_COUT_CIN_CCU2C_COUT_CIN_CCU2C_COUT_CIN_CCU2C_COUT_S1_CCU2C_S0_CIN_CCU2C_COUT_A1_LUT4_C_Z_CCU2C_B1_COUT_CCU2C_CIN_COUT_CCU2C_CIN_COUT_CCU2C_CIN$CCU2_COMB0.FCO
Info:    routing  0.00  47.88 Net bridge.g_packet.asic.packet_core.state_valid_LUT4_A_Z_LUT4_A_Z_LUT4_A_Z_LUT4_C_Z_LUT4_C_Z_LUT4_C_Z_LUT4_Z_3_D_LUT4_Z_A_LUT4_Z_C_LUT4_C_1_Z_CCU2C_S0_CIN_CCU2C_COUT_S0_CCU2C_S1_CIN_CCU2C_COUT_CIN_CCU2C_COUT_CIN_CCU2C_COUT_CIN_CCU2C_COUT_CIN_CCU2C_COUT_S1_CCU2C_S0_CIN_CCU2C_COUT_A1_LUT4_C_Z_CCU2C_B1_COUT_CCU2C_CIN_COUT_CCU2C_CIN_COUT_CCU2C_CIN$CCU2_FCI_INT (88,69) -> (88,69)
Info:                          Sink bridge.g_packet.asic.packet_core.state_valid_LUT4_A_Z_LUT4_A_Z_LUT4_A_Z_LUT4_C_Z_LUT4_C_Z_LUT4_C_Z_LUT4_Z_3_D_LUT4_Z_A_LUT4_Z_C_LUT4_C_1_Z_CCU2C_S0_CIN_CCU2C_COUT_S0_CCU2C_S1_CIN_CCU2C_COUT_CIN_CCU2C_COUT_CIN_CCU2C_COUT_CIN_CCU2C_COUT_CIN_CCU2C_COUT_S1_CCU2C_S0_CIN_CCU2C_COUT_A1_LUT4_C_Z_CCU2C_B1_COUT_CCU2C_CIN_COUT_CCU2C_CIN_COUT_CCU2C_CIN$CCU2_COMB1.FCI
Info:      logic  0.00  47.88 Source bridge.g_packet.asic.packet_core.state_valid_LUT4_A_Z_LUT4_A_Z_LUT4_A_Z_LUT4_C_Z_LUT4_C_Z_LUT4_C_Z_LUT4_Z_3_D_LUT4_Z_A_LUT4_Z_C_LUT4_C_1_Z_CCU2C_S0_CIN_CCU2C_COUT_S0_CCU2C_S1_CIN_CCU2C_COUT_CIN_CCU2C_COUT_CIN_CCU2C_COUT_CIN_CCU2C_COUT_CIN_CCU2C_COUT_S1_CCU2C_S0_CIN_CCU2C_COUT_A1_LUT4_C_Z_CCU2C_B1_COUT_CCU2C_CIN_COUT_CCU2C_CIN_COUT_CCU2C_CIN$CCU2_COMB1.FCO
Info:    routing  0.00  47.88 Net bridge.g_packet.asic.packet_core.state_valid_LUT4_A_Z_LUT4_A_Z_LUT4_A_Z_LUT4_C_Z_LUT4_C_Z_LUT4_C_Z_LUT4_Z_3_D_LUT4_Z_A_LUT4_Z_C_LUT4_C_1_Z_CCU2C_S0_CIN_CCU2C_COUT_S0_CCU2C_S1_CIN_CCU2C_COUT_CIN_CCU2C_COUT_CIN_CCU2C_COUT_CIN_CCU2C_COUT_CIN_CCU2C_COUT_S1_CCU2C_S0_CIN_CCU2C_COUT_A1_LUT4_C_Z_CCU2C_B1_COUT_CCU2C_CIN_COUT_CCU2C_CIN_COUT_CCU2C_CIN_COUT (88,69) -> (88,69)
Info:                          Sink bridge.g_packet.asic.packet_core.state_valid_LUT4_A_Z_LUT4_A_Z_LUT4_A_Z_LUT4_C_Z_LUT4_C_Z_LUT4_C_Z_LUT4_Z_3_D_LUT4_Z_A_LUT4_Z_C_LUT4_C_1_Z_CCU2C_S0_CIN_CCU2C_COUT_S0_CCU2C_S1_CIN_CCU2C_COUT_CIN_CCU2C_COUT_CIN_CCU2C_COUT_CIN_CCU2C_COUT_CIN_CCU2C_COUT_S1_CCU2C_S0_CIN_CCU2C_COUT_A1_LUT4_C_Z_CCU2C_B1_COUT_CCU2C_CIN_COUT_CCU2C_CIN_COUT_CCU2C_CIN_COUT_CCU2C_CIN$CCU2_COMB0.FCI
Info:                          Defined in:
Info:                               /usr/bin/../share/yosys/techmap.v:331.28-331.64
Info:                               /usr/bin/../share/yosys/techmap.v:368.4-373.3
Info:                               /usr/bin/../share/yosys/techmap.v:428.4-432.3
Info:                               uart_bridge.sv:172.31-176.14
Info:                               ../../asic_core/rtl/lsc1_packet_frontend.sv:272.31-307.6
Info:                               ../../asic_core/rtl/lsc1_response_payload_mux.sv:75.22-75.43
Info:                               ../../asic_core/rtl/lean_silicon_lsc1.sv:14.26-19.6
Info:                               ulx3s_packet_top.sv:14.60-17.6
Info:                               /usr/bin/../share/yosys/ecp5/arith_map.v:74.7-80.4
Info:                               /usr/bin/../share/yosys/ecp5/cells_sim.v:82.9-82.13
Info:      logic  0.07  47.96 Source bridge.g_packet.asic.packet_core.state_valid_LUT4_A_Z_LUT4_A_Z_LUT4_A_Z_LUT4_C_Z_LUT4_C_Z_LUT4_C_Z_LUT4_Z_3_D_LUT4_Z_A_LUT4_Z_C_LUT4_C_1_Z_CCU2C_S0_CIN_CCU2C_COUT_S0_CCU2C_S1_CIN_CCU2C_COUT_CIN_CCU2C_COUT_CIN_CCU2C_COUT_CIN_CCU2C_COUT_CIN_CCU2C_COUT_S1_CCU2C_S0_CIN_CCU2C_COUT_A1_LUT4_C_Z_CCU2C_B1_COUT_CCU2C_CIN_COUT_CCU2C_CIN_COUT_CCU2C_CIN_COUT_CCU2C_CIN$CCU2_COMB0.FCO
Info:    routing  0.00  47.96 Net bridge.g_packet.asic.packet_core.state_valid_LUT4_A_Z_LUT4_A_Z_LUT4_A_Z_LUT4_C_Z_LUT4_C_Z_LUT4_C_Z_LUT4_Z_3_D_LUT4_Z_A_LUT4_Z_C_LUT4_C_1_Z_CCU2C_S0_CIN_CCU2C_COUT_S0_CCU2C_S1_CIN_CCU2C_COUT_CIN_CCU2C_COUT_CIN_CCU2C_COUT_CIN_CCU2C_COUT_CIN_CCU2C_COUT_S1_CCU2C_S0_CIN_CCU2C_COUT_A1_LUT4_C_Z_CCU2C_B1_COUT_CCU2C_CIN_COUT_CCU2C_CIN_COUT_CCU2C_CIN_COUT_CCU2C_CIN$CCU2_FCI_INT (88,69) -> (88,69)
Info:                          Sink bridge.g_packet.asic.packet_core.state_valid_LUT4_A_Z_LUT4_A_Z_LUT4_A_Z_LUT4_C_Z_LUT4_C_Z_LUT4_C_Z_LUT4_Z_3_D_LUT4_Z_A_LUT4_Z_C_LUT4_C_1_Z_CCU2C_S0_CIN_CCU2C_COUT_S0_CCU2C_S1_CIN_CCU2C_COUT_CIN_CCU2C_COUT_CIN_CCU2C_COUT_CIN_CCU2C_COUT_CIN_CCU2C_COUT_S1_CCU2C_S0_CIN_CCU2C_COUT_A1_LUT4_C_Z_CCU2C_B1_COUT_CCU2C_CIN_COUT_CCU2C_CIN_COUT_CCU2C_CIN_COUT_CCU2C_CIN$CCU2_COMB1.FCI
Info:      logic  0.00  47.96 Source bridge.g_packet.asic.packet_core.state_valid_LUT4_A_Z_LUT4_A_Z_LUT4_A_Z_LUT4_C_Z_LUT4_C_Z_LUT4_C_Z_LUT4_Z_3_D_LUT4_Z_A_LUT4_Z_C_LUT4_C_1_Z_CCU2C_S0_CIN_CCU2C_COUT_S0_CCU2C_S1_CIN_CCU2C_COUT_CIN_CCU2C_COUT_CIN_CCU2C_COUT_CIN_CCU2C_COUT_CIN_CCU2C_COUT_S1_CCU2C_S0_CIN_CCU2C_COUT_A1_LUT4_C_Z_CCU2C_B1_COUT_CCU2C_CIN_COUT_CCU2C_CIN_COUT_CCU2C_CIN_COUT_CCU2C_CIN$CCU2_COMB1.FCO
Info:    routing  0.00  47.96 Net bridge.g_packet.asic.packet_core.state_valid_LUT4_A_Z_LUT4_A_Z_LUT4_A_Z_LUT4_C_Z_LUT4_C_Z_LUT4_C_Z_LUT4_Z_3_D_LUT4_Z_A_LUT4_Z_C_LUT4_C_1_Z_CCU2C_S0_CIN_CCU2C_COUT_S0_CCU2C_S1_CIN_CCU2C_COUT_CIN_CCU2C_COUT_CIN_CCU2C_COUT_CIN_CCU2C_COUT_CIN_CCU2C_COUT_S1_CCU2C_S0_CIN_CCU2C_COUT_A1_LUT4_C_Z_CCU2C_B1_COUT_CCU2C_CIN_COUT_CCU2C_CIN_COUT_CCU2C_CIN_COUT_CCU2C_CIN_COUT (88,69) -> (89,69)
Info:                          Sink bridge.g_packet.asic.packet_core.state_valid_LUT4_A_Z_LUT4_A_Z_LUT4_A_Z_LUT4_C_Z_LUT4_C_Z_LUT4_C_Z_LUT4_Z_3_D_LUT4_Z_A_LUT4_Z_C_LUT4_C_1_Z_CCU2C_S0_CIN_CCU2C_COUT_S0_CCU2C_S1_CIN_CCU2C_COUT_CIN_CCU2C_COUT_CIN_CCU2C_COUT_CIN_CCU2C_COUT_CIN_CCU2C_COUT_S1_CCU2C_S0_CIN_CCU2C_COUT_A1_LUT4_C_Z_CCU2C_B1_COUT_CCU2C_CIN_COUT_CCU2C_CIN_COUT_CCU2C_CIN_COUT_CCU2C_CIN_COUT_CCU2C_CIN$CCU2_COMB0.FCI
Info:                          Defined in:
Info:                               /usr/bin/../share/yosys/techmap.v:331.28-331.64
Info:                               /usr/bin/../share/yosys/techmap.v:368.4-373.3
Info:                               /usr/bin/../share/yosys/techmap.v:428.4-432.3
Info:                               uart_bridge.sv:172.31-176.14
Info:                               ../../asic_core/rtl/lsc1_packet_frontend.sv:272.31-307.6
Info:                               ../../asic_core/rtl/lsc1_response_payload_mux.sv:75.22-75.43
Info:                               ../../asic_core/rtl/lean_silicon_lsc1.sv:14.26-19.6
Info:                               ulx3s_packet_top.sv:14.60-17.6
Info:                               /usr/bin/../share/yosys/ecp5/arith_map.v:74.7-80.4
Info:                               /usr/bin/../share/yosys/ecp5/cells_sim.v:82.9-82.13
Info:      logic  0.07  48.03 Source bridge.g_packet.asic.packet_core.state_valid_LUT4_A_Z_LUT4_A_Z_LUT4_A_Z_LUT4_C_Z_LUT4_C_Z_LUT4_C_Z_LUT4_Z_3_D_LUT4_Z_A_LUT4_Z_C_LUT4_C_1_Z_CCU2C_S0_CIN_CCU2C_COUT_S0_CCU2C_S1_CIN_CCU2C_COUT_CIN_CCU2C_COUT_CIN_CCU2C_COUT_CIN_CCU2C_COUT_CIN_CCU2C_COUT_S1_CCU2C_S0_CIN_CCU2C_COUT_A1_LUT4_C_Z_CCU2C_B1_COUT_CCU2C_CIN_COUT_CCU2C_CIN_COUT_CCU2C_CIN_COUT_CCU2C_CIN_COUT_CCU2C_CIN$CCU2_COMB0.FCO
Info:    routing  0.00  48.03 Net bridge.g_packet.asic.packet_core.state_valid_LUT4_A_Z_LUT4_A_Z_LUT4_A_Z_LUT4_C_Z_LUT4_C_Z_LUT4_C_Z_LUT4_Z_3_D_LUT4_Z_A_LUT4_Z_C_LUT4_C_1_Z_CCU2C_S0_CIN_CCU2C_COUT_S0_CCU2C_S1_CIN_CCU2C_COUT_CIN_CCU2C_COUT_CIN_CCU2C_COUT_CIN_CCU2C_COUT_CIN_CCU2C_COUT_S1_CCU2C_S0_CIN_CCU2C_COUT_A1_LUT4_C_Z_CCU2C_B1_COUT_CCU2C_CIN_COUT_CCU2C_CIN_COUT_CCU2C_CIN_COUT_CCU2C_CIN_COUT_CCU2C_CIN$CCU2_FCI_INT (89,69) -> (89,69)
Info:                          Sink bridge.g_packet.asic.packet_core.state_valid_LUT4_A_Z_LUT4_A_Z_LUT4_A_Z_LUT4_C_Z_LUT4_C_Z_LUT4_C_Z_LUT4_Z_3_D_LUT4_Z_A_LUT4_Z_C_LUT4_C_1_Z_CCU2C_S0_CIN_CCU2C_COUT_S0_CCU2C_S1_CIN_CCU2C_COUT_CIN_CCU2C_COUT_CIN_CCU2C_COUT_CIN_CCU2C_COUT_CIN_CCU2C_COUT_S1_CCU2C_S0_CIN_CCU2C_COUT_A1_LUT4_C_Z_CCU2C_B1_COUT_CCU2C_CIN_COUT_CCU2C_CIN_COUT_CCU2C_CIN_COUT_CCU2C_CIN_COUT_CCU2C_CIN$CCU2_COMB1.FCI
Info:      logic  0.00  48.03 Source bridge.g_packet.asic.packet_core.state_valid_LUT4_A_Z_LUT4_A_Z_LUT4_A_Z_LUT4_C_Z_LUT4_C_Z_LUT4_C_Z_LUT4_Z_3_D_LUT4_Z_A_LUT4_Z_C_LUT4_C_1_Z_CCU2C_S0_CIN_CCU2C_COUT_S0_CCU2C_S1_CIN_CCU2C_COUT_CIN_CCU2C_COUT_CIN_CCU2C_COUT_CIN_CCU2C_COUT_CIN_CCU2C_COUT_S1_CCU2C_S0_CIN_CCU2C_COUT_A1_LUT4_C_Z_CCU2C_B1_COUT_CCU2C_CIN_COUT_CCU2C_CIN_COUT_CCU2C_CIN_COUT_CCU2C_CIN_COUT_CCU2C_CIN$CCU2_COMB1.FCO
Info:    routing  0.00  48.03 Net bridge.g_packet.asic.packet_core.state_valid_LUT4_A_Z_LUT4_A_Z_LUT4_A_Z_LUT4_C_Z_LUT4_C_Z_LUT4_C_Z_LUT4_Z_3_D_LUT4_Z_A_LUT4_Z_C_LUT4_C_1_Z_CCU2C_S0_CIN_CCU2C_COUT_S0_CCU2C_S1_CIN_CCU2C_COUT_CIN_CCU2C_COUT_CIN_CCU2C_COUT_CIN_CCU2C_COUT_CIN_CCU2C_COUT_S1_CCU2C_S0_CIN_CCU2C_COUT_A1_LUT4_C_Z_CCU2C_B1_COUT_CCU2C_CIN_COUT_CCU2C_CIN_COUT_CCU2C_CIN_COUT_CCU2C_CIN_COUT_CCU2C_CIN_COUT (89,69) -> (89,69)
Info:                          Sink bridge.g_packet.asic.packet_core.state_valid_LUT4_A_Z_LUT4_A_Z_LUT4_A_Z_LUT4_C_Z_LUT4_C_Z_LUT4_C_Z_LUT4_Z_3_D_LUT4_Z_A_LUT4_Z_C_LUT4_C_1_Z_CCU2C_S0_CIN_CCU2C_COUT_S0_CCU2C_S1_CIN_CCU2C_COUT_CIN_CCU2C_COUT_CIN_CCU2C_COUT_CIN_CCU2C_COUT_CIN_CCU2C_COUT_S1_CCU2C_S0_CIN_CCU2C_COUT_A1_LUT4_C_Z_CCU2C_B1_COUT_CCU2C_CIN_COUT_CCU2C_CIN_COUT_CCU2C_CIN_COUT_CCU2C_CIN_COUT_CCU2C_CIN_COUT_CCU2C_CIN$CCU2_COMB0.FCI
Info:                          Defined in:
Info:                               /usr/bin/../share/yosys/techmap.v:331.28-331.64
Info:                               /usr/bin/../share/yosys/techmap.v:368.4-373.3
Info:                               /usr/bin/../share/yosys/techmap.v:428.4-432.3
Info:                               uart_bridge.sv:172.31-176.14
Info:                               ../../asic_core/rtl/lsc1_packet_frontend.sv:272.31-307.6
Info:                               ../../asic_core/rtl/lsc1_response_payload_mux.sv:75.22-75.43
Info:                               ../../asic_core/rtl/lean_silicon_lsc1.sv:14.26-19.6
Info:                               ulx3s_packet_top.sv:14.60-17.6
Info:                               /usr/bin/../share/yosys/ecp5/arith_map.v:74.7-80.4
Info:                               /usr/bin/../share/yosys/ecp5/cells_sim.v:82.9-82.13
Info:      logic  0.07  48.10 Source bridge.g_packet.asic.packet_core.state_valid_LUT4_A_Z_LUT4_A_Z_LUT4_A_Z_LUT4_C_Z_LUT4_C_Z_LUT4_C_Z_LUT4_Z_3_D_LUT4_Z_A_LUT4_Z_C_LUT4_C_1_Z_CCU2C_S0_CIN_CCU2C_COUT_S0_CCU2C_S1_CIN_CCU2C_COUT_CIN_CCU2C_COUT_CIN_CCU2C_COUT_CIN_CCU2C_COUT_CIN_CCU2C_COUT_S1_CCU2C_S0_CIN_CCU2C_COUT_A1_LUT4_C_Z_CCU2C_B1_COUT_CCU2C_CIN_COUT_CCU2C_CIN_COUT_CCU2C_CIN_COUT_CCU2C_CIN_COUT_CCU2C_CIN_COUT_CCU2C_CIN$CCU2_COMB0.FCO
Info:    routing  0.00  48.10 Net bridge.g_packet.asic.packet_core.state_valid_LUT4_A_Z_LUT4_A_Z_LUT4_A_Z_LUT4_C_Z_LUT4_C_Z_LUT4_C_Z_LUT4_Z_3_D_LUT4_Z_A_LUT4_Z_C_LUT4_C_1_Z_CCU2C_S0_CIN_CCU2C_COUT_S0_CCU2C_S1_CIN_CCU2C_COUT_CIN_CCU2C_COUT_CIN_CCU2C_COUT_CIN_CCU2C_COUT_CIN_CCU2C_COUT_S1_CCU2C_S0_CIN_CCU2C_COUT_A1_LUT4_C_Z_CCU2C_B1_COUT_CCU2C_CIN_COUT_CCU2C_CIN_COUT_CCU2C_CIN_COUT_CCU2C_CIN_COUT_CCU2C_CIN_COUT_CCU2C_CIN$CCU2_FCI_INT (89,69) -> (89,69)
Info:                          Sink bridge.g_packet.asic.packet_core.state_valid_LUT4_A_Z_LUT4_A_Z_LUT4_A_Z_LUT4_C_Z_LUT4_C_Z_LUT4_C_Z_LUT4_Z_3_D_LUT4_Z_A_LUT4_Z_C_LUT4_C_1_Z_CCU2C_S0_CIN_CCU2C_COUT_S0_CCU2C_S1_CIN_CCU2C_COUT_CIN_CCU2C_COUT_CIN_CCU2C_COUT_CIN_CCU2C_COUT_CIN_CCU2C_COUT_S1_CCU2C_S0_CIN_CCU2C_COUT_A1_LUT4_C_Z_CCU2C_B1_COUT_CCU2C_CIN_COUT_CCU2C_CIN_COUT_CCU2C_CIN_COUT_CCU2C_CIN_COUT_CCU2C_CIN_COUT_CCU2C_CIN$CCU2_COMB1.FCI
Info:      logic  0.00  48.10 Source bridge.g_packet.asic.packet_core.state_valid_LUT4_A_Z_LUT4_A_Z_LUT4_A_Z_LUT4_C_Z_LUT4_C_Z_LUT4_C_Z_LUT4_Z_3_D_LUT4_Z_A_LUT4_Z_C_LUT4_C_1_Z_CCU2C_S0_CIN_CCU2C_COUT_S0_CCU2C_S1_CIN_CCU2C_COUT_CIN_CCU2C_COUT_CIN_CCU2C_COUT_CIN_CCU2C_COUT_CIN_CCU2C_COUT_S1_CCU2C_S0_CIN_CCU2C_COUT_A1_LUT4_C_Z_CCU2C_B1_COUT_CCU2C_CIN_COUT_CCU2C_CIN_COUT_CCU2C_CIN_COUT_CCU2C_CIN_COUT_CCU2C_CIN_COUT_CCU2C_CIN$CCU2_COMB1.FCO
Info:    routing  0.00  48.10 Net bridge.g_packet.asic.packet_core.state_valid_LUT4_A_Z_LUT4_A_Z_LUT4_A_Z_LUT4_C_Z_LUT4_C_Z_LUT4_C_Z_LUT4_Z_3_D_LUT4_Z_A_LUT4_Z_C_LUT4_C_1_Z_CCU2C_S0_CIN_CCU2C_COUT_S0_CCU2C_S1_CIN_CCU2C_COUT_CIN_CCU2C_COUT_CIN_CCU2C_COUT_CIN_CCU2C_COUT_CIN_CCU2C_COUT_S1_CCU2C_S0_CIN_CCU2C_COUT_A1_LUT4_C_Z_CCU2C_B1_COUT_CCU2C_CIN_COUT_CCU2C_CIN_COUT_CCU2C_CIN_COUT_CCU2C_CIN_COUT_CCU2C_CIN_COUT_CCU2C_CIN_COUT (89,69) -> (89,69)
Info:                          Sink bridge.g_packet.asic.packet_core.state_valid_LUT4_A_Z_LUT4_A_Z_LUT4_A_Z_LUT4_C_Z_LUT4_C_Z_LUT4_C_Z_LUT4_Z_3_D_LUT4_Z_A_LUT4_Z_C_LUT4_C_1_Z_CCU2C_S0_CIN_CCU2C_COUT_S0_CCU2C_S1_CIN_CCU2C_COUT_CIN_CCU2C_COUT_CIN_CCU2C_COUT_CIN_CCU2C_COUT_CIN_CCU2C_COUT_S1_CCU2C_S0_CIN_CCU2C_COUT_A1_LUT4_C_Z_CCU2C_B1_COUT_CCU2C_CIN_COUT_CCU2C_CIN_COUT_CCU2C_CIN_COUT_CCU2C_CIN_COUT_CCU2C_CIN_COUT_CCU2C_CIN_COUT_CCU2C_CIN$CCU2_COMB0.FCI
Info:                          Defined in:
Info:                               /usr/bin/../share/yosys/techmap.v:331.28-331.64
Info:                               /usr/bin/../share/yosys/techmap.v:368.4-373.3
Info:                               /usr/bin/../share/yosys/techmap.v:428.4-432.3
Info:                               uart_bridge.sv:172.31-176.14
Info:                               ../../asic_core/rtl/lsc1_packet_frontend.sv:272.31-307.6
Info:                               ../../asic_core/rtl/lsc1_response_payload_mux.sv:75.22-75.43
Info:                               ../../asic_core/rtl/lean_silicon_lsc1.sv:14.26-19.6
Info:                               ulx3s_packet_top.sv:14.60-17.6
Info:                               /usr/bin/../share/yosys/ecp5/arith_map.v:74.7-80.4
Info:                               /usr/bin/../share/yosys/ecp5/cells_sim.v:82.9-82.13
Info:      logic  0.07  48.17 Source bridge.g_packet.asic.packet_core.state_valid_LUT4_A_Z_LUT4_A_Z_LUT4_A_Z_LUT4_C_Z_LUT4_C_Z_LUT4_C_Z_LUT4_Z_3_D_LUT4_Z_A_LUT4_Z_C_LUT4_C_1_Z_CCU2C_S0_CIN_CCU2C_COUT_S0_CCU2C_S1_CIN_CCU2C_COUT_CIN_CCU2C_COUT_CIN_CCU2C_COUT_CIN_CCU2C_COUT_CIN_CCU2C_COUT_S1_CCU2C_S0_CIN_CCU2C_COUT_A1_LUT4_C_Z_CCU2C_B1_COUT_CCU2C_CIN_COUT_CCU2C_CIN_COUT_CCU2C_CIN_COUT_CCU2C_CIN_COUT_CCU2C_CIN_COUT_CCU2C_CIN_COUT_CCU2C_CIN$CCU2_COMB0.FCO
Info:    routing  0.00  48.17 Net bridge.g_packet.asic.packet_core.state_valid_LUT4_A_Z_LUT4_A_Z_LUT4_A_Z_LUT4_C_Z_LUT4_C_Z_LUT4_C_Z_LUT4_Z_3_D_LUT4_Z_A_LUT4_Z_C_LUT4_C_1_Z_CCU2C_S0_CIN_CCU2C_COUT_S0_CCU2C_S1_CIN_CCU2C_COUT_CIN_CCU2C_COUT_CIN_CCU2C_COUT_CIN_CCU2C_COUT_CIN_CCU2C_COUT_S1_CCU2C_S0_CIN_CCU2C_COUT_A1_LUT4_C_Z_CCU2C_B1_COUT_CCU2C_CIN_COUT_CCU2C_CIN_COUT_CCU2C_CIN_COUT_CCU2C_CIN_COUT_CCU2C_CIN_COUT_CCU2C_CIN_COUT_CCU2C_CIN$CCU2_FCI_INT (89,69) -> (89,69)
Info:                          Sink bridge.g_packet.asic.packet_core.state_valid_LUT4_A_Z_LUT4_A_Z_LUT4_A_Z_LUT4_C_Z_LUT4_C_Z_LUT4_C_Z_LUT4_Z_3_D_LUT4_Z_A_LUT4_Z_C_LUT4_C_1_Z_CCU2C_S0_CIN_CCU2C_COUT_S0_CCU2C_S1_CIN_CCU2C_COUT_CIN_CCU2C_COUT_CIN_CCU2C_COUT_CIN_CCU2C_COUT_CIN_CCU2C_COUT_S1_CCU2C_S0_CIN_CCU2C_COUT_A1_LUT4_C_Z_CCU2C_B1_COUT_CCU2C_CIN_COUT_CCU2C_CIN_COUT_CCU2C_CIN_COUT_CCU2C_CIN_COUT_CCU2C_CIN_COUT_CCU2C_CIN_COUT_CCU2C_CIN$CCU2_COMB1.FCI
Info:      logic  0.00  48.17 Source bridge.g_packet.asic.packet_core.state_valid_LUT4_A_Z_LUT4_A_Z_LUT4_A_Z_LUT4_C_Z_LUT4_C_Z_LUT4_C_Z_LUT4_Z_3_D_LUT4_Z_A_LUT4_Z_C_LUT4_C_1_Z_CCU2C_S0_CIN_CCU2C_COUT_S0_CCU2C_S1_CIN_CCU2C_COUT_CIN_CCU2C_COUT_CIN_CCU2C_COUT_CIN_CCU2C_COUT_CIN_CCU2C_COUT_S1_CCU2C_S0_CIN_CCU2C_COUT_A1_LUT4_C_Z_CCU2C_B1_COUT_CCU2C_CIN_COUT_CCU2C_CIN_COUT_CCU2C_CIN_COUT_CCU2C_CIN_COUT_CCU2C_CIN_COUT_CCU2C_CIN_COUT_CCU2C_CIN$CCU2_COMB1.FCO
Info:    routing  0.00  48.17 Net bridge.g_packet.asic.packet_core.state_valid_LUT4_A_Z_LUT4_A_Z_LUT4_A_Z_LUT4_C_Z_LUT4_C_Z_LUT4_C_Z_LUT4_Z_3_D_LUT4_Z_A_LUT4_Z_C_LUT4_C_1_Z_CCU2C_S0_CIN_CCU2C_COUT_S0_CCU2C_S1_CIN_CCU2C_COUT_CIN_CCU2C_COUT_CIN_CCU2C_COUT_CIN_CCU2C_COUT_CIN_CCU2C_COUT_S1_CCU2C_S0_CIN_CCU2C_COUT_A1_LUT4_C_Z_CCU2C_B1_COUT_CCU2C_CIN_COUT_CCU2C_CIN_COUT_CCU2C_CIN_COUT_CCU2C_CIN_COUT_CCU2C_CIN_COUT_CCU2C_CIN_COUT_CCU2C_CIN_COUT (89,69) -> (89,69)
Info:                          Sink bridge.g_packet.asic.packet_core.state_valid_LUT4_A_Z_LUT4_A_Z_LUT4_A_Z_LUT4_C_Z_LUT4_C_Z_LUT4_C_Z_LUT4_Z_3_D_LUT4_Z_A_LUT4_Z_C_LUT4_C_1_Z_CCU2C_S0_CIN_CCU2C_COUT_S0_CCU2C_S1_CIN_CCU2C_COUT_CIN_CCU2C_COUT_CIN_CCU2C_COUT_CIN_CCU2C_COUT_CIN_CCU2C_COUT_S1_CCU2C_S0_CIN_CCU2C_COUT_A1_LUT4_C_Z_CCU2C_B1_COUT_CCU2C_CIN_COUT_CCU2C_CIN_COUT_CCU2C_CIN_COUT_CCU2C_CIN_COUT_CCU2C_CIN_COUT_CCU2C_CIN_COUT_CCU2C_CIN_COUT_CCU2C_CIN$CCU2_COMB0.FCI
Info:                          Defined in:
Info:                               /usr/bin/../share/yosys/techmap.v:331.28-331.64
Info:                               /usr/bin/../share/yosys/techmap.v:368.4-373.3
Info:                               /usr/bin/../share/yosys/techmap.v:428.4-432.3
Info:                               uart_bridge.sv:172.31-176.14
Info:                               ../../asic_core/rtl/lsc1_packet_frontend.sv:272.31-307.6
Info:                               ../../asic_core/rtl/lsc1_response_payload_mux.sv:75.22-75.43
Info:                               ../../asic_core/rtl/lean_silicon_lsc1.sv:14.26-19.6
Info:                               ulx3s_packet_top.sv:14.60-17.6
Info:                               /usr/bin/../share/yosys/ecp5/arith_map.v:74.7-80.4
Info:                               /usr/bin/../share/yosys/ecp5/cells_sim.v:82.9-82.13
Info:      logic  0.07  48.24 Source bridge.g_packet.asic.packet_core.state_valid_LUT4_A_Z_LUT4_A_Z_LUT4_A_Z_LUT4_C_Z_LUT4_C_Z_LUT4_C_Z_LUT4_Z_3_D_LUT4_Z_A_LUT4_Z_C_LUT4_C_1_Z_CCU2C_S0_CIN_CCU2C_COUT_S0_CCU2C_S1_CIN_CCU2C_COUT_CIN_CCU2C_COUT_CIN_CCU2C_COUT_CIN_CCU2C_COUT_CIN_CCU2C_COUT_S1_CCU2C_S0_CIN_CCU2C_COUT_A1_LUT4_C_Z_CCU2C_B1_COUT_CCU2C_CIN_COUT_CCU2C_CIN_COUT_CCU2C_CIN_COUT_CCU2C_CIN_COUT_CCU2C_CIN_COUT_CCU2C_CIN_COUT_CCU2C_CIN_COUT_CCU2C_CIN$CCU2_COMB0.FCO
Info:    routing  0.00  48.24 Net bridge.g_packet.asic.packet_core.state_valid_LUT4_A_Z_LUT4_A_Z_LUT4_A_Z_LUT4_C_Z_LUT4_C_Z_LUT4_C_Z_LUT4_Z_3_D_LUT4_Z_A_LUT4_Z_C_LUT4_C_1_Z_CCU2C_S0_CIN_CCU2C_COUT_S0_CCU2C_S1_CIN_CCU2C_COUT_CIN_CCU2C_COUT_CIN_CCU2C_COUT_CIN_CCU2C_COUT_CIN_CCU2C_COUT_S1_CCU2C_S0_CIN_CCU2C_COUT_A1_LUT4_C_Z_CCU2C_B1_COUT_CCU2C_CIN_COUT_CCU2C_CIN_COUT_CCU2C_CIN_COUT_CCU2C_CIN_COUT_CCU2C_CIN_COUT_CCU2C_CIN_COUT_CCU2C_CIN_COUT_CCU2C_CIN$CCU2_FCI_INT (89,69) -> (89,69)
Info:                          Sink bridge.g_packet.asic.packet_core.state_valid_LUT4_A_Z_LUT4_A_Z_LUT4_A_Z_LUT4_C_Z_LUT4_C_Z_LUT4_C_Z_LUT4_Z_3_D_LUT4_Z_A_LUT4_Z_C_LUT4_C_1_Z_CCU2C_S0_CIN_CCU2C_COUT_S0_CCU2C_S1_CIN_CCU2C_COUT_CIN_CCU2C_COUT_CIN_CCU2C_COUT_CIN_CCU2C_COUT_CIN_CCU2C_COUT_S1_CCU2C_S0_CIN_CCU2C_COUT_A1_LUT4_C_Z_CCU2C_B1_COUT_CCU2C_CIN_COUT_CCU2C_CIN_COUT_CCU2C_CIN_COUT_CCU2C_CIN_COUT_CCU2C_CIN_COUT_CCU2C_CIN_COUT_CCU2C_CIN_COUT_CCU2C_CIN$CCU2_COMB1.FCI
Info:      logic  0.00  48.24 Source bridge.g_packet.asic.packet_core.state_valid_LUT4_A_Z_LUT4_A_Z_LUT4_A_Z_LUT4_C_Z_LUT4_C_Z_LUT4_C_Z_LUT4_Z_3_D_LUT4_Z_A_LUT4_Z_C_LUT4_C_1_Z_CCU2C_S0_CIN_CCU2C_COUT_S0_CCU2C_S1_CIN_CCU2C_COUT_CIN_CCU2C_COUT_CIN_CCU2C_COUT_CIN_CCU2C_COUT_CIN_CCU2C_COUT_S1_CCU2C_S0_CIN_CCU2C_COUT_A1_LUT4_C_Z_CCU2C_B1_COUT_CCU2C_CIN_COUT_CCU2C_CIN_COUT_CCU2C_CIN_COUT_CCU2C_CIN_COUT_CCU2C_CIN_COUT_CCU2C_CIN_COUT_CCU2C_CIN_COUT_CCU2C_CIN$CCU2_COMB1.FCO
Info:    routing  0.00  48.24 Net bridge.g_packet.asic.packet_core.state_valid_LUT4_A_Z_LUT4_A_Z_LUT4_A_Z_LUT4_C_Z_LUT4_C_Z_LUT4_C_Z_LUT4_Z_3_D_LUT4_Z_A_LUT4_Z_C_LUT4_C_1_Z_CCU2C_S0_CIN_CCU2C_COUT_S0_CCU2C_S1_CIN_CCU2C_COUT_CIN_CCU2C_COUT_CIN_CCU2C_COUT_CIN_CCU2C_COUT_CIN_CCU2C_COUT_S1_CCU2C_S0_CIN_CCU2C_COUT_A1_LUT4_C_Z_CCU2C_B1_COUT_CCU2C_CIN_COUT_CCU2C_CIN_COUT_CCU2C_CIN_COUT_CCU2C_CIN_COUT_CCU2C_CIN_COUT_CCU2C_CIN_COUT_CCU2C_CIN_COUT_CCU2C_CIN_COUT (89,69) -> (90,69)
Info:                          Sink bridge.g_packet.asic.packet_core.state_valid_LUT4_A_Z_LUT4_A_Z_LUT4_A_Z_LUT4_C_Z_LUT4_C_Z_LUT4_C_Z_LUT4_Z_3_D_LUT4_Z_A_LUT4_Z_C_LUT4_C_1_Z_CCU2C_S0_CIN_CCU2C_COUT_S0_CCU2C_S1_CIN_CCU2C_COUT_CIN_CCU2C_COUT_CIN_CCU2C_COUT_CIN_CCU2C_COUT_CIN_CCU2C_COUT_S1_CCU2C_S0_CIN_CCU2C_COUT_A1_LUT4_C_Z_CCU2C_B1_COUT_CCU2C_CIN_COUT_CCU2C_CIN_COUT_CCU2C_CIN_COUT_CCU2C_CIN_COUT_CCU2C_CIN_COUT_CCU2C_CIN_COUT_CCU2C_CIN_COUT_CCU2C_CIN_COUT_CCU2C_CIN$CCU2_COMB0.FCI
Info:                          Defined in:
Info:                               /usr/bin/../share/yosys/techmap.v:331.28-331.64
Info:                               /usr/bin/../share/yosys/techmap.v:368.4-373.3
Info:                               /usr/bin/../share/yosys/techmap.v:428.4-432.3
Info:                               uart_bridge.sv:172.31-176.14
Info:                               ../../asic_core/rtl/lsc1_packet_frontend.sv:272.31-307.6
Info:                               ../../asic_core/rtl/lsc1_response_payload_mux.sv:75.22-75.43
Info:                               ../../asic_core/rtl/lean_silicon_lsc1.sv:14.26-19.6
Info:                               ulx3s_packet_top.sv:14.60-17.6
Info:                               /usr/bin/../share/yosys/ecp5/arith_map.v:74.7-80.4
Info:                               /usr/bin/../share/yosys/ecp5/cells_sim.v:82.9-82.13
Info:      logic  0.07  48.31 Source bridge.g_packet.asic.packet_core.state_valid_LUT4_A_Z_LUT4_A_Z_LUT4_A_Z_LUT4_C_Z_LUT4_C_Z_LUT4_C_Z_LUT4_Z_3_D_LUT4_Z_A_LUT4_Z_C_LUT4_C_1_Z_CCU2C_S0_CIN_CCU2C_COUT_S0_CCU2C_S1_CIN_CCU2C_COUT_CIN_CCU2C_COUT_CIN_CCU2C_COUT_CIN_CCU2C_COUT_CIN_CCU2C_COUT_S1_CCU2C_S0_CIN_CCU2C_COUT_A1_LUT4_C_Z_CCU2C_B1_COUT_CCU2C_CIN_COUT_CCU2C_CIN_COUT_CCU2C_CIN_COUT_CCU2C_CIN_COUT_CCU2C_CIN_COUT_CCU2C_CIN_COUT_CCU2C_CIN_COUT_CCU2C_CIN_COUT_CCU2C_CIN$CCU2_COMB0.FCO
Info:    routing  0.00  48.31 Net bridge.g_packet.asic.packet_core.state_valid_LUT4_A_Z_LUT4_A_Z_LUT4_A_Z_LUT4_C_Z_LUT4_C_Z_LUT4_C_Z_LUT4_Z_3_D_LUT4_Z_A_LUT4_Z_C_LUT4_C_1_Z_CCU2C_S0_CIN_CCU2C_COUT_S0_CCU2C_S1_CIN_CCU2C_COUT_CIN_CCU2C_COUT_CIN_CCU2C_COUT_CIN_CCU2C_COUT_CIN_CCU2C_COUT_S1_CCU2C_S0_CIN_CCU2C_COUT_A1_LUT4_C_Z_CCU2C_B1_COUT_CCU2C_CIN_COUT_CCU2C_CIN_COUT_CCU2C_CIN_COUT_CCU2C_CIN_COUT_CCU2C_CIN_COUT_CCU2C_CIN_COUT_CCU2C_CIN_COUT_CCU2C_CIN_COUT_CCU2C_CIN$CCU2_FCI_INT (90,69) -> (90,69)
Info:                          Sink bridge.g_packet.asic.packet_core.state_valid_LUT4_A_Z_LUT4_A_Z_LUT4_A_Z_LUT4_C_Z_LUT4_C_Z_LUT4_C_Z_LUT4_Z_3_D_LUT4_Z_A_LUT4_Z_C_LUT4_C_1_Z_CCU2C_S0_CIN_CCU2C_COUT_S0_CCU2C_S1_CIN_CCU2C_COUT_CIN_CCU2C_COUT_CIN_CCU2C_COUT_CIN_CCU2C_COUT_CIN_CCU2C_COUT_S1_CCU2C_S0_CIN_CCU2C_COUT_A1_LUT4_C_Z_CCU2C_B1_COUT_CCU2C_CIN_COUT_CCU2C_CIN_COUT_CCU2C_CIN_COUT_CCU2C_CIN_COUT_CCU2C_CIN_COUT_CCU2C_CIN_COUT_CCU2C_CIN_COUT_CCU2C_CIN_COUT_CCU2C_CIN$CCU2_COMB1.FCI
Info:      logic  0.00  48.31 Source bridge.g_packet.asic.packet_core.state_valid_LUT4_A_Z_LUT4_A_Z_LUT4_A_Z_LUT4_C_Z_LUT4_C_Z_LUT4_C_Z_LUT4_Z_3_D_LUT4_Z_A_LUT4_Z_C_LUT4_C_1_Z_CCU2C_S0_CIN_CCU2C_COUT_S0_CCU2C_S1_CIN_CCU2C_COUT_CIN_CCU2C_COUT_CIN_CCU2C_COUT_CIN_CCU2C_COUT_CIN_CCU2C_COUT_S1_CCU2C_S0_CIN_CCU2C_COUT_A1_LUT4_C_Z_CCU2C_B1_COUT_CCU2C_CIN_COUT_CCU2C_CIN_COUT_CCU2C_CIN_COUT_CCU2C_CIN_COUT_CCU2C_CIN_COUT_CCU2C_CIN_COUT_CCU2C_CIN_COUT_CCU2C_CIN_COUT_CCU2C_CIN$CCU2_COMB1.FCO
Info:    routing  0.00  48.31 Net bridge.g_packet.asic.packet_core.state_valid_LUT4_A_Z_LUT4_A_Z_LUT4_A_Z_LUT4_C_Z_LUT4_C_Z_LUT4_C_Z_LUT4_Z_3_D_LUT4_Z_A_LUT4_Z_C_LUT4_C_1_Z_CCU2C_S0_CIN_CCU2C_COUT_S0_CCU2C_S1_CIN_CCU2C_COUT_CIN_CCU2C_COUT_CIN_CCU2C_COUT_CIN_CCU2C_COUT_CIN_CCU2C_COUT_S1_CCU2C_S0_CIN_CCU2C_COUT_A1_LUT4_C_Z_CCU2C_B1_COUT_CCU2C_CIN_COUT_CCU2C_CIN_COUT_CCU2C_CIN_COUT_CCU2C_CIN_COUT_CCU2C_CIN_COUT_CCU2C_CIN_COUT_CCU2C_CIN_COUT_CCU2C_CIN_COUT_CCU2C_CIN_COUT (90,69) -> (90,69)
Info:                          Sink bridge.g_packet.asic.packet_core.state_valid_LUT4_A_Z_LUT4_A_Z_LUT4_A_Z_LUT4_C_Z_LUT4_C_Z_LUT4_C_Z_LUT4_Z_3_D_LUT4_Z_A_LUT4_Z_C_LUT4_C_1_Z_CCU2C_S0_CIN_CCU2C_COUT_S0_CCU2C_S1_CIN_CCU2C_COUT_CIN_CCU2C_COUT_CIN_CCU2C_COUT_CIN_CCU2C_COUT_CIN_CCU2C_COUT_S1_CCU2C_S0_CIN_CCU2C_COUT_A1_LUT4_C_Z_CCU2C_B1_COUT_CCU2C_CIN_COUT_CCU2C_CIN_COUT_CCU2C_CIN_COUT_CCU2C_CIN_COUT_CCU2C_CIN_COUT_CCU2C_CIN_COUT_CCU2C_CIN_COUT_CCU2C_CIN_COUT_CCU2C_CIN_COUT_CCU2C_CIN$CCU2_COMB0.FCI
Info:                          Defined in:
Info:                               /usr/bin/../share/yosys/techmap.v:331.28-331.64
Info:                               /usr/bin/../share/yosys/techmap.v:368.4-373.3
Info:                               /usr/bin/../share/yosys/techmap.v:428.4-432.3
Info:                               uart_bridge.sv:172.31-176.14
Info:                               ../../asic_core/rtl/lsc1_packet_frontend.sv:272.31-307.6
Info:                               ../../asic_core/rtl/lsc1_response_payload_mux.sv:75.22-75.43
Info:                               ../../asic_core/rtl/lean_silicon_lsc1.sv:14.26-19.6
Info:                               ulx3s_packet_top.sv:14.60-17.6
Info:                               /usr/bin/../share/yosys/ecp5/arith_map.v:74.7-80.4
Info:                               /usr/bin/../share/yosys/ecp5/cells_sim.v:82.9-82.13
Info:      logic  0.07  48.38 Source bridge.g_packet.asic.packet_core.state_valid_LUT4_A_Z_LUT4_A_Z_LUT4_A_Z_LUT4_C_Z_LUT4_C_Z_LUT4_C_Z_LUT4_Z_3_D_LUT4_Z_A_LUT4_Z_C_LUT4_C_1_Z_CCU2C_S0_CIN_CCU2C_COUT_S0_CCU2C_S1_CIN_CCU2C_COUT_CIN_CCU2C_COUT_CIN_CCU2C_COUT_CIN_CCU2C_COUT_CIN_CCU2C_COUT_S1_CCU2C_S0_CIN_CCU2C_COUT_A1_LUT4_C_Z_CCU2C_B1_COUT_CCU2C_CIN_COUT_CCU2C_CIN_COUT_CCU2C_CIN_COUT_CCU2C_CIN_COUT_CCU2C_CIN_COUT_CCU2C_CIN_COUT_CCU2C_CIN_COUT_CCU2C_CIN_COUT_CCU2C_CIN_COUT_CCU2C_CIN$CCU2_COMB0.FCO
Info:    routing  0.00  48.38 Net bridge.g_packet.asic.packet_core.state_valid_LUT4_A_Z_LUT4_A_Z_LUT4_A_Z_LUT4_C_Z_LUT4_C_Z_LUT4_C_Z_LUT4_Z_3_D_LUT4_Z_A_LUT4_Z_C_LUT4_C_1_Z_CCU2C_S0_CIN_CCU2C_COUT_S0_CCU2C_S1_CIN_CCU2C_COUT_CIN_CCU2C_COUT_CIN_CCU2C_COUT_CIN_CCU2C_COUT_CIN_CCU2C_COUT_S1_CCU2C_S0_CIN_CCU2C_COUT_A1_LUT4_C_Z_CCU2C_B1_COUT_CCU2C_CIN_COUT_CCU2C_CIN_COUT_CCU2C_CIN_COUT_CCU2C_CIN_COUT_CCU2C_CIN_COUT_CCU2C_CIN_COUT_CCU2C_CIN_COUT_CCU2C_CIN_COUT_CCU2C_CIN_COUT_CCU2C_CIN$CCU2_FCI_INT (90,69) -> (90,69)
Info:                          Sink bridge.g_packet.asic.packet_core.state_valid_LUT4_A_Z_LUT4_A_Z_LUT4_A_Z_LUT4_C_Z_LUT4_C_Z_LUT4_C_Z_LUT4_Z_3_D_LUT4_Z_A_LUT4_Z_C_LUT4_C_1_Z_CCU2C_S0_CIN_CCU2C_COUT_S0_CCU2C_S1_CIN_CCU2C_COUT_CIN_CCU2C_COUT_CIN_CCU2C_COUT_CIN_CCU2C_COUT_CIN_CCU2C_COUT_S1_CCU2C_S0_CIN_CCU2C_COUT_A1_LUT4_C_Z_CCU2C_B1_COUT_CCU2C_CIN_COUT_CCU2C_CIN_COUT_CCU2C_CIN_COUT_CCU2C_CIN_COUT_CCU2C_CIN_COUT_CCU2C_CIN_COUT_CCU2C_CIN_COUT_CCU2C_CIN_COUT_CCU2C_CIN_COUT_CCU2C_CIN$CCU2_COMB1.FCI
Info:      logic  0.00  48.38 Source bridge.g_packet.asic.packet_core.state_valid_LUT4_A_Z_LUT4_A_Z_LUT4_A_Z_LUT4_C_Z_LUT4_C_Z_LUT4_C_Z_LUT4_Z_3_D_LUT4_Z_A_LUT4_Z_C_LUT4_C_1_Z_CCU2C_S0_CIN_CCU2C_COUT_S0_CCU2C_S1_CIN_CCU2C_COUT_CIN_CCU2C_COUT_CIN_CCU2C_COUT_CIN_CCU2C_COUT_CIN_CCU2C_COUT_S1_CCU2C_S0_CIN_CCU2C_COUT_A1_LUT4_C_Z_CCU2C_B1_COUT_CCU2C_CIN_COUT_CCU2C_CIN_COUT_CCU2C_CIN_COUT_CCU2C_CIN_COUT_CCU2C_CIN_COUT_CCU2C_CIN_COUT_CCU2C_CIN_COUT_CCU2C_CIN_COUT_CCU2C_CIN_COUT_CCU2C_CIN$CCU2_COMB1.FCO
Info:    routing  0.00  48.38 Net bridge.g_packet.asic.packet_core.state_valid_LUT4_A_Z_LUT4_A_Z_LUT4_A_Z_LUT4_C_Z_LUT4_C_Z_LUT4_C_Z_LUT4_Z_3_D_LUT4_Z_A_LUT4_Z_C_LUT4_C_1_Z_CCU2C_S0_CIN_CCU2C_COUT_S0_CCU2C_S1_CIN_CCU2C_COUT_CIN_CCU2C_COUT_CIN_CCU2C_COUT_CIN_CCU2C_COUT_CIN_CCU2C_COUT_S1_CCU2C_S0_CIN_CCU2C_COUT_A1_LUT4_C_Z_CCU2C_B1_COUT_CCU2C_CIN_COUT_CCU2C_CIN_COUT_CCU2C_CIN_COUT_CCU2C_CIN_COUT_CCU2C_CIN_COUT_CCU2C_CIN_COUT_CCU2C_CIN_COUT_CCU2C_CIN_COUT_CCU2C_CIN_COUT_CCU2C_CIN_COUT (90,69) -> (90,69)
Info:                          Sink bridge.g_packet.asic.packet_core.state_valid_LUT4_A_Z_LUT4_A_Z_LUT4_A_Z_LUT4_C_Z_LUT4_C_Z_LUT4_C_Z_LUT4_Z_3_D_LUT4_Z_A_LUT4_Z_C_LUT4_C_1_Z_CCU2C_S0_CIN_CCU2C_COUT_S0_CCU2C_S1_CIN_CCU2C_COUT_CIN_CCU2C_COUT_CIN_CCU2C_COUT_CIN_CCU2C_COUT_CIN_CCU2C_COUT_S1_CCU2C_S0_CIN_CCU2C_COUT_A1_LUT4_C_Z_CCU2C_B1_COUT_CCU2C_CIN_COUT_CCU2C_CIN_COUT_CCU2C_CIN_COUT_CCU2C_CIN_COUT_CCU2C_CIN_COUT_CCU2C_CIN_COUT_CCU2C_CIN_COUT_CCU2C_CIN_COUT_CCU2C_CIN_COUT_CCU2C_CIN_COUT_CCU2C_CIN$CCU2_COMB0.FCI
Info:                          Defined in:
Info:                               /usr/bin/../share/yosys/techmap.v:331.28-331.64
Info:                               /usr/bin/../share/yosys/techmap.v:368.4-373.3
Info:                               /usr/bin/../share/yosys/techmap.v:428.4-432.3
Info:                               uart_bridge.sv:172.31-176.14
Info:                               ../../asic_core/rtl/lsc1_packet_frontend.sv:272.31-307.6
Info:                               ../../asic_core/rtl/lsc1_response_payload_mux.sv:75.22-75.43
Info:                               ../../asic_core/rtl/lean_silicon_lsc1.sv:14.26-19.6
Info:                               ulx3s_packet_top.sv:14.60-17.6
Info:                               /usr/bin/../share/yosys/ecp5/arith_map.v:74.7-80.4
Info:                               /usr/bin/../share/yosys/ecp5/cells_sim.v:82.9-82.13
Info:      logic  0.07  48.45 Source bridge.g_packet.asic.packet_core.state_valid_LUT4_A_Z_LUT4_A_Z_LUT4_A_Z_LUT4_C_Z_LUT4_C_Z_LUT4_C_Z_LUT4_Z_3_D_LUT4_Z_A_LUT4_Z_C_LUT4_C_1_Z_CCU2C_S0_CIN_CCU2C_COUT_S0_CCU2C_S1_CIN_CCU2C_COUT_CIN_CCU2C_COUT_CIN_CCU2C_COUT_CIN_CCU2C_COUT_CIN_CCU2C_COUT_S1_CCU2C_S0_CIN_CCU2C_COUT_A1_LUT4_C_Z_CCU2C_B1_COUT_CCU2C_CIN_COUT_CCU2C_CIN_COUT_CCU2C_CIN_COUT_CCU2C_CIN_COUT_CCU2C_CIN_COUT_CCU2C_CIN_COUT_CCU2C_CIN_COUT_CCU2C_CIN_COUT_CCU2C_CIN_COUT_CCU2C_CIN_COUT_CCU2C_CIN$CCU2_COMB0.FCO
Info:    routing  0.00  48.45 Net bridge.g_packet.asic.packet_core.state_valid_LUT4_A_Z_LUT4_A_Z_LUT4_A_Z_LUT4_C_Z_LUT4_C_Z_LUT4_C_Z_LUT4_Z_3_D_LUT4_Z_A_LUT4_Z_C_LUT4_C_1_Z_CCU2C_S0_CIN_CCU2C_COUT_S0_CCU2C_S1_CIN_CCU2C_COUT_CIN_CCU2C_COUT_CIN_CCU2C_COUT_CIN_CCU2C_COUT_CIN_CCU2C_COUT_S1_CCU2C_S0_CIN_CCU2C_COUT_A1_LUT4_C_Z_CCU2C_B1_COUT_CCU2C_CIN_COUT_CCU2C_CIN_COUT_CCU2C_CIN_COUT_CCU2C_CIN_COUT_CCU2C_CIN_COUT_CCU2C_CIN_COUT_CCU2C_CIN_COUT_CCU2C_CIN_COUT_CCU2C_CIN_COUT_CCU2C_CIN_COUT_CCU2C_CIN$CCU2_FCI_INT (90,69) -> (90,69)
Info:                          Sink bridge.g_packet.asic.packet_core.state_valid_LUT4_A_Z_LUT4_A_Z_LUT4_A_Z_LUT4_C_Z_LUT4_C_Z_LUT4_C_Z_LUT4_Z_3_D_LUT4_Z_A_LUT4_Z_C_LUT4_C_1_Z_CCU2C_S0_CIN_CCU2C_COUT_S0_CCU2C_S1_CIN_CCU2C_COUT_CIN_CCU2C_COUT_CIN_CCU2C_COUT_CIN_CCU2C_COUT_CIN_CCU2C_COUT_S1_CCU2C_S0_CIN_CCU2C_COUT_A1_LUT4_C_Z_CCU2C_B1_COUT_CCU2C_CIN_COUT_CCU2C_CIN_COUT_CCU2C_CIN_COUT_CCU2C_CIN_COUT_CCU2C_CIN_COUT_CCU2C_CIN_COUT_CCU2C_CIN_COUT_CCU2C_CIN_COUT_CCU2C_CIN_COUT_CCU2C_CIN_COUT_CCU2C_CIN$CCU2_COMB1.FCI
Info:      logic  0.00  48.45 Source bridge.g_packet.asic.packet_core.state_valid_LUT4_A_Z_LUT4_A_Z_LUT4_A_Z_LUT4_C_Z_LUT4_C_Z_LUT4_C_Z_LUT4_Z_3_D_LUT4_Z_A_LUT4_Z_C_LUT4_C_1_Z_CCU2C_S0_CIN_CCU2C_COUT_S0_CCU2C_S1_CIN_CCU2C_COUT_CIN_CCU2C_COUT_CIN_CCU2C_COUT_CIN_CCU2C_COUT_CIN_CCU2C_COUT_S1_CCU2C_S0_CIN_CCU2C_COUT_A1_LUT4_C_Z_CCU2C_B1_COUT_CCU2C_CIN_COUT_CCU2C_CIN_COUT_CCU2C_CIN_COUT_CCU2C_CIN_COUT_CCU2C_CIN_COUT_CCU2C_CIN_COUT_CCU2C_CIN_COUT_CCU2C_CIN_COUT_CCU2C_CIN_COUT_CCU2C_CIN_COUT_CCU2C_CIN$CCU2_COMB1.FCO
Info:    routing  0.00  48.45 Net bridge.g_packet.asic.packet_core.state_valid_LUT4_A_Z_LUT4_A_Z_LUT4_A_Z_LUT4_C_Z_LUT4_C_Z_LUT4_C_Z_LUT4_Z_3_D_LUT4_Z_A_LUT4_Z_C_LUT4_C_1_Z_CCU2C_S0_CIN_CCU2C_COUT_S0_CCU2C_S1_CIN_CCU2C_COUT_CIN_CCU2C_COUT_CIN_CCU2C_COUT_CIN_CCU2C_COUT_CIN_CCU2C_COUT_S1_CCU2C_S0_CIN_CCU2C_COUT_A1_LUT4_C_Z_CCU2C_B1_COUT_CCU2C_CIN_COUT_CCU2C_CIN_COUT_CCU2C_CIN_COUT_CCU2C_CIN_COUT_CCU2C_CIN_COUT_CCU2C_CIN_COUT_CCU2C_CIN_COUT_CCU2C_CIN_COUT_CCU2C_CIN_COUT_CCU2C_CIN_COUT_CCU2C_CIN_COUT (90,69) -> (90,69)
Info:                          Sink bridge.g_packet.asic.packet_core.state_valid_LUT4_A_Z_LUT4_A_Z_LUT4_A_Z_LUT4_C_Z_LUT4_C_Z_LUT4_C_Z_LUT4_Z_3_D_LUT4_Z_A_LUT4_Z_C_LUT4_C_1_Z_CCU2C_S0_CIN_CCU2C_COUT_S0_CCU2C_S1_CIN_CCU2C_COUT_CIN_CCU2C_COUT_CIN_CCU2C_COUT_CIN_CCU2C_COUT_CIN_CCU2C_COUT_S1_CCU2C_S0_CIN_CCU2C_COUT_A1_LUT4_C_Z_CCU2C_B1_COUT_CCU2C_CIN_COUT_CCU2C_CIN_COUT_CCU2C_CIN_COUT_CCU2C_CIN_COUT_CCU2C_CIN_COUT_CCU2C_CIN_COUT_CCU2C_CIN_COUT_CCU2C_CIN_COUT_CCU2C_CIN_COUT_CCU2C_CIN_COUT_CCU2C_CIN_COUT_CCU2C_CIN$CCU2_COMB0.FCI
Info:                          Defined in:
Info:                               /usr/bin/../share/yosys/techmap.v:331.28-331.64
Info:                               /usr/bin/../share/yosys/techmap.v:368.4-373.3
Info:                               /usr/bin/../share/yosys/techmap.v:428.4-432.3
Info:                               uart_bridge.sv:172.31-176.14
Info:                               ../../asic_core/rtl/lsc1_packet_frontend.sv:272.31-307.6
Info:                               ../../asic_core/rtl/lsc1_response_payload_mux.sv:75.22-75.43
Info:                               ../../asic_core/rtl/lean_silicon_lsc1.sv:14.26-19.6
Info:                               ulx3s_packet_top.sv:14.60-17.6
Info:                               /usr/bin/../share/yosys/ecp5/arith_map.v:74.7-80.4
Info:                               /usr/bin/../share/yosys/ecp5/cells_sim.v:82.9-82.13
Info:      logic  0.07  48.52 Source bridge.g_packet.asic.packet_core.state_valid_LUT4_A_Z_LUT4_A_Z_LUT4_A_Z_LUT4_C_Z_LUT4_C_Z_LUT4_C_Z_LUT4_Z_3_D_LUT4_Z_A_LUT4_Z_C_LUT4_C_1_Z_CCU2C_S0_CIN_CCU2C_COUT_S0_CCU2C_S1_CIN_CCU2C_COUT_CIN_CCU2C_COUT_CIN_CCU2C_COUT_CIN_CCU2C_COUT_CIN_CCU2C_COUT_S1_CCU2C_S0_CIN_CCU2C_COUT_A1_LUT4_C_Z_CCU2C_B1_COUT_CCU2C_CIN_COUT_CCU2C_CIN_COUT_CCU2C_CIN_COUT_CCU2C_CIN_COUT_CCU2C_CIN_COUT_CCU2C_CIN_COUT_CCU2C_CIN_COUT_CCU2C_CIN_COUT_CCU2C_CIN_COUT_CCU2C_CIN_COUT_CCU2C_CIN_COUT_CCU2C_CIN$CCU2_COMB0.FCO
Info:    routing  0.00  48.52 Net bridge.g_packet.asic.packet_core.state_valid_LUT4_A_Z_LUT4_A_Z_LUT4_A_Z_LUT4_C_Z_LUT4_C_Z_LUT4_C_Z_LUT4_Z_3_D_LUT4_Z_A_LUT4_Z_C_LUT4_C_1_Z_CCU2C_S0_CIN_CCU2C_COUT_S0_CCU2C_S1_CIN_CCU2C_COUT_CIN_CCU2C_COUT_CIN_CCU2C_COUT_CIN_CCU2C_COUT_CIN_CCU2C_COUT_S1_CCU2C_S0_CIN_CCU2C_COUT_A1_LUT4_C_Z_CCU2C_B1_COUT_CCU2C_CIN_COUT_CCU2C_CIN_COUT_CCU2C_CIN_COUT_CCU2C_CIN_COUT_CCU2C_CIN_COUT_CCU2C_CIN_COUT_CCU2C_CIN_COUT_CCU2C_CIN_COUT_CCU2C_CIN_COUT_CCU2C_CIN_COUT_CCU2C_CIN_COUT_CCU2C_CIN$CCU2_FCI_INT (90,69) -> (90,69)
Info:                          Sink bridge.g_packet.asic.packet_core.state_valid_LUT4_A_Z_LUT4_A_Z_LUT4_A_Z_LUT4_C_Z_LUT4_C_Z_LUT4_C_Z_LUT4_Z_3_D_LUT4_Z_A_LUT4_Z_C_LUT4_C_1_Z_CCU2C_S0_CIN_CCU2C_COUT_S0_CCU2C_S1_CIN_CCU2C_COUT_CIN_CCU2C_COUT_CIN_CCU2C_COUT_CIN_CCU2C_COUT_CIN_CCU2C_COUT_S1_CCU2C_S0_CIN_CCU2C_COUT_A1_LUT4_C_Z_CCU2C_B1_COUT_CCU2C_CIN_COUT_CCU2C_CIN_COUT_CCU2C_CIN_COUT_CCU2C_CIN_COUT_CCU2C_CIN_COUT_CCU2C_CIN_COUT_CCU2C_CIN_COUT_CCU2C_CIN_COUT_CCU2C_CIN_COUT_CCU2C_CIN_COUT_CCU2C_CIN_COUT_CCU2C_CIN$CCU2_COMB1.FCI
Info:      logic  0.00  48.52 Source bridge.g_packet.asic.packet_core.state_valid_LUT4_A_Z_LUT4_A_Z_LUT4_A_Z_LUT4_C_Z_LUT4_C_Z_LUT4_C_Z_LUT4_Z_3_D_LUT4_Z_A_LUT4_Z_C_LUT4_C_1_Z_CCU2C_S0_CIN_CCU2C_COUT_S0_CCU2C_S1_CIN_CCU2C_COUT_CIN_CCU2C_COUT_CIN_CCU2C_COUT_CIN_CCU2C_COUT_CIN_CCU2C_COUT_S1_CCU2C_S0_CIN_CCU2C_COUT_A1_LUT4_C_Z_CCU2C_B1_COUT_CCU2C_CIN_COUT_CCU2C_CIN_COUT_CCU2C_CIN_COUT_CCU2C_CIN_COUT_CCU2C_CIN_COUT_CCU2C_CIN_COUT_CCU2C_CIN_COUT_CCU2C_CIN_COUT_CCU2C_CIN_COUT_CCU2C_CIN_COUT_CCU2C_CIN_COUT_CCU2C_CIN$CCU2_COMB1.FCO
Info:    routing  0.00  48.52 Net bridge.g_packet.asic.packet_core.state_valid_LUT4_A_Z_LUT4_A_Z_LUT4_A_Z_LUT4_C_Z_LUT4_C_Z_LUT4_C_Z_LUT4_Z_3_D_LUT4_Z_A_LUT4_Z_C_LUT4_C_1_Z_CCU2C_S0_CIN_CCU2C_COUT_S0_CCU2C_S1_CIN_CCU2C_COUT_CIN_CCU2C_COUT_CIN_CCU2C_COUT_CIN_CCU2C_COUT_CIN_CCU2C_COUT_S1_CCU2C_S0_CIN_CCU2C_COUT_A1_LUT4_C_Z_CCU2C_B1_COUT_CCU2C_CIN_COUT_CCU2C_CIN_COUT_CCU2C_CIN_COUT_CCU2C_CIN_COUT_CCU2C_CIN_COUT_CCU2C_CIN_COUT_CCU2C_CIN_COUT_CCU2C_CIN_COUT_CCU2C_CIN_COUT_CCU2C_CIN_COUT_CCU2C_CIN_COUT_CCU2C_CIN_COUT (90,69) -> (91,69)
Info:                          Sink bridge.g_packet.asic.packet_core.state_valid_LUT4_A_Z_LUT4_A_Z_LUT4_A_Z_LUT4_C_Z_LUT4_C_Z_LUT4_C_Z_LUT4_Z_3_D_LUT4_Z_A_LUT4_Z_C_LUT4_C_1_Z_CCU2C_S0_CIN_CCU2C_COUT_S0_CCU2C_S1_CIN_CCU2C_COUT_CIN_CCU2C_COUT_CIN_CCU2C_COUT_CIN_CCU2C_COUT_CIN_CCU2C_COUT_S1_CCU2C_S0_CIN_CCU2C_COUT_A1_LUT4_C_Z_CCU2C_B1_COUT_CCU2C_CIN_COUT_CCU2C_CIN_COUT_CCU2C_CIN_COUT_CCU2C_CIN_COUT_CCU2C_CIN_COUT_CCU2C_CIN_COUT_CCU2C_CIN_COUT_CCU2C_CIN_COUT_CCU2C_CIN_COUT_CCU2C_CIN_COUT_CCU2C_CIN_COUT_CCU2C_CIN_COUT_CCU2C_CIN$CCU2_COMB0.FCI
Info:                          Defined in:
Info:                               /usr/bin/../share/yosys/techmap.v:331.28-331.64
Info:                               /usr/bin/../share/yosys/techmap.v:368.4-373.3
Info:                               /usr/bin/../share/yosys/techmap.v:428.4-432.3
Info:                               uart_bridge.sv:172.31-176.14
Info:                               ../../asic_core/rtl/lsc1_packet_frontend.sv:272.31-307.6
Info:                               ../../asic_core/rtl/lsc1_response_payload_mux.sv:75.22-75.43
Info:                               ../../asic_core/rtl/lean_silicon_lsc1.sv:14.26-19.6
Info:                               ulx3s_packet_top.sv:14.60-17.6
Info:                               /usr/bin/../share/yosys/ecp5/arith_map.v:74.7-80.4
Info:                               /usr/bin/../share/yosys/ecp5/cells_sim.v:82.9-82.13
Info:      logic  0.07  48.59 Source bridge.g_packet.asic.packet_core.state_valid_LUT4_A_Z_LUT4_A_Z_LUT4_A_Z_LUT4_C_Z_LUT4_C_Z_LUT4_C_Z_LUT4_Z_3_D_LUT4_Z_A_LUT4_Z_C_LUT4_C_1_Z_CCU2C_S0_CIN_CCU2C_COUT_S0_CCU2C_S1_CIN_CCU2C_COUT_CIN_CCU2C_COUT_CIN_CCU2C_COUT_CIN_CCU2C_COUT_CIN_CCU2C_COUT_S1_CCU2C_S0_CIN_CCU2C_COUT_A1_LUT4_C_Z_CCU2C_B1_COUT_CCU2C_CIN_COUT_CCU2C_CIN_COUT_CCU2C_CIN_COUT_CCU2C_CIN_COUT_CCU2C_CIN_COUT_CCU2C_CIN_COUT_CCU2C_CIN_COUT_CCU2C_CIN_COUT_CCU2C_CIN_COUT_CCU2C_CIN_COUT_CCU2C_CIN_COUT_CCU2C_CIN_COUT_CCU2C_CIN$CCU2_COMB0.FCO
Info:    routing  0.00  48.59 Net bridge.g_packet.asic.packet_core.state_valid_LUT4_A_Z_LUT4_A_Z_LUT4_A_Z_LUT4_C_Z_LUT4_C_Z_LUT4_C_Z_LUT4_Z_3_D_LUT4_Z_A_LUT4_Z_C_LUT4_C_1_Z_CCU2C_S0_CIN_CCU2C_COUT_S0_CCU2C_S1_CIN_CCU2C_COUT_CIN_CCU2C_COUT_CIN_CCU2C_COUT_CIN_CCU2C_COUT_CIN_CCU2C_COUT_S1_CCU2C_S0_CIN_CCU2C_COUT_A1_LUT4_C_Z_CCU2C_B1_COUT_CCU2C_CIN_COUT_CCU2C_CIN_COUT_CCU2C_CIN_COUT_CCU2C_CIN_COUT_CCU2C_CIN_COUT_CCU2C_CIN_COUT_CCU2C_CIN_COUT_CCU2C_CIN_COUT_CCU2C_CIN_COUT_CCU2C_CIN_COUT_CCU2C_CIN_COUT_CCU2C_CIN_COUT_CCU2C_CIN$CCU2_FCI_INT (91,69) -> (91,69)
Info:                          Sink bridge.g_packet.asic.packet_core.state_valid_LUT4_A_Z_LUT4_A_Z_LUT4_A_Z_LUT4_C_Z_LUT4_C_Z_LUT4_C_Z_LUT4_Z_3_D_LUT4_Z_A_LUT4_Z_C_LUT4_C_1_Z_CCU2C_S0_CIN_CCU2C_COUT_S0_CCU2C_S1_CIN_CCU2C_COUT_CIN_CCU2C_COUT_CIN_CCU2C_COUT_CIN_CCU2C_COUT_CIN_CCU2C_COUT_S1_CCU2C_S0_CIN_CCU2C_COUT_A1_LUT4_C_Z_CCU2C_B1_COUT_CCU2C_CIN_COUT_CCU2C_CIN_COUT_CCU2C_CIN_COUT_CCU2C_CIN_COUT_CCU2C_CIN_COUT_CCU2C_CIN_COUT_CCU2C_CIN_COUT_CCU2C_CIN_COUT_CCU2C_CIN_COUT_CCU2C_CIN_COUT_CCU2C_CIN_COUT_CCU2C_CIN_COUT_CCU2C_CIN$CCU2_COMB1.FCI
Info:      logic  0.00  48.59 Source bridge.g_packet.asic.packet_core.state_valid_LUT4_A_Z_LUT4_A_Z_LUT4_A_Z_LUT4_C_Z_LUT4_C_Z_LUT4_C_Z_LUT4_Z_3_D_LUT4_Z_A_LUT4_Z_C_LUT4_C_1_Z_CCU2C_S0_CIN_CCU2C_COUT_S0_CCU2C_S1_CIN_CCU2C_COUT_CIN_CCU2C_COUT_CIN_CCU2C_COUT_CIN_CCU2C_COUT_CIN_CCU2C_COUT_S1_CCU2C_S0_CIN_CCU2C_COUT_A1_LUT4_C_Z_CCU2C_B1_COUT_CCU2C_CIN_COUT_CCU2C_CIN_COUT_CCU2C_CIN_COUT_CCU2C_CIN_COUT_CCU2C_CIN_COUT_CCU2C_CIN_COUT_CCU2C_CIN_COUT_CCU2C_CIN_COUT_CCU2C_CIN_COUT_CCU2C_CIN_COUT_CCU2C_CIN_COUT_CCU2C_CIN_COUT_CCU2C_CIN$CCU2_COMB1.FCO
Info:    routing  0.00  48.59 Net $nextpnr_CCU2C_145$CIN (91,69) -> (91,69)
Info:                          Sink $nextpnr_CCU2C_145$CCU2_COMB0.FCI
Info:      logic  0.44  49.04 Source $nextpnr_CCU2C_145$CCU2_COMB0.F
Info:    routing  1.11  50.15 Net bridge.g_packet.asic.packet_core.state_valid_LUT4_A_Z_LUT4_A_Z_LUT4_A_Z_LUT4_C_Z_LUT4_C_Z_LUT4_C_Z_LUT4_Z_3_D_LUT4_Z_A_LUT4_Z_C_LUT4_C_1_Z_CCU2C_S0_CIN_CCU2C_COUT_S0_CCU2C_S1_CIN_CCU2C_COUT_CIN_CCU2C_COUT_CIN_CCU2C_COUT_CIN_CCU2C_COUT_CIN_CCU2C_COUT_S1_CCU2C_S0_CIN_CCU2C_COUT_A1_LUT4_C_Z_CCU2C_B1_COUT_CCU2C_CIN_COUT_CCU2C_CIN_COUT_CCU2C_CIN_COUT_CCU2C_CIN_COUT_CCU2C_CIN_COUT_CCU2C_CIN_COUT_CCU2C_CIN_COUT_CCU2C_CIN_COUT_CCU2C_CIN_COUT_CCU2C_CIN_COUT_CCU2C_CIN_COUT_CCU2C_CIN_COUT_CCU2C_CIN_COUT[6] (91,69) -> (97,64)
Info:                          Sink bridge.g_packet.asic.packet_core.state_valid_LUT4_A_Z_LUT4_A_Z_LUT4_A_Z_LUT4_C_Z_LUT4_C_Z_LUT4_C_Z_LUT4_Z_3_D_LUT4_Z_A_LUT4_Z_C_LUT4_C_1_Z_CCU2C_S0_CIN_CCU2C_COUT_S0_CCU2C_S1_CIN_CCU2C_COUT_CIN_CCU2C_COUT_CIN_CCU2C_COUT_CIN_CCU2C_COUT_CIN_CCU2C_COUT_S1_CCU2C_S0_CIN_CCU2C_COUT_A1_LUT4_C_Z_CCU2C_B1_COUT_CCU2C_CIN_COUT_CCU2C_CIN_COUT_CCU2C_CIN_COUT_CCU2C_CIN_COUT_CCU2C_CIN_COUT_CCU2C_CIN_COUT_CCU2C_CIN_COUT_CCU2C_CIN_COUT_CCU2C_CIN_COUT_CCU2C_CIN_COUT_CCU2C_CIN_COUT_CCU2C_CIN_COUT_CCU2C_CIN_COUT_LUT4_C.D
Info:                          Defined in:
Info:                               /usr/bin/../share/yosys/ecp5/cells_map.v:108.23-108.24
Info:      logic  0.24  50.38 Source bridge.g_packet.asic.packet_core.state_valid_LUT4_A_Z_LUT4_A_Z_LUT4_A_Z_LUT4_C_Z_LUT4_C_Z_LUT4_C_Z_LUT4_Z_3_D_LUT4_Z_A_LUT4_Z_C_LUT4_C_1_Z_CCU2C_S0_CIN_CCU2C_COUT_S0_CCU2C_S1_CIN_CCU2C_COUT_CIN_CCU2C_COUT_CIN_CCU2C_COUT_CIN_CCU2C_COUT_CIN_CCU2C_COUT_S1_CCU2C_S0_CIN_CCU2C_COUT_A1_LUT4_C_Z_CCU2C_B1_COUT_CCU2C_CIN_COUT_CCU2C_CIN_COUT_CCU2C_CIN_COUT_CCU2C_CIN_COUT_CCU2C_CIN_COUT_CCU2C_CIN_COUT_CCU2C_CIN_COUT_CCU2C_CIN_COUT_CCU2C_CIN_COUT_CCU2C_CIN_COUT_CCU2C_CIN_COUT_CCU2C_CIN_COUT_CCU2C_CIN_COUT_LUT4_C.F
Info:    routing  2.47  52.85 Net bridge.g_packet.asic.packet_core.last_status_TRELLIS_FF_Q_7_DI_LUT4_Z_C_LUT4_Z_D_LUT4_Z_D_LUT4_D_Z_LUT4_Z_B_LUT4_C_Z_LUT4_Z_D_LUT4_C_Z_LUT4_D_Z_LUT4_Z_D_LUT4_D_Z_CCU2C_S0_S1_PFUMX_Z_BLUT_LUT4_Z_B_CCU2C_S1_COUT_CCU2C_CIN_COUT_CCU2C_CIN_COUT_CCU2C_CIN_COUT_CCU2C_CIN_S0_PFUMX_C0_Z[5] (97,64) -> (77,50)
Info:                          Sink bridge.g_packet.asic.packet_core.staged_write_count_LUT4_A_Z_LUT4_Z_2_B_LUT4_B_2_Z_L6MUX21_Z_SD_L6MUX21_Z_1_SD_LUT4_Z_C_L6MUX21_Z_D1_PFUMX_Z_ALUT_LUT4_Z.M
Info:                          Defined in:
Info:                               /usr/bin/../share/yosys/ecp5/cells_map.v:108.23-108.24
Info:      logic  0.26  53.11 Source bridge.g_packet.asic.packet_core.staged_write_count_LUT4_A_Z_LUT4_Z_2_B_LUT4_B_2_Z_L6MUX21_Z_SD_L6MUX21_Z_1_SD_LUT4_Z_C_L6MUX21_Z_D1_PFUMX_Z_ALUT_LUT4_Z.OFX
Info:    routing  1.11  54.21 Net bridge.g_packet.asic.packet_core.staged_write_count_LUT4_A_Z_LUT4_Z_2_B_LUT4_B_2_Z_L6MUX21_Z_SD_L6MUX21_Z_1_SD_LUT4_Z_C[1] (77,50) -> (77,53)
Info:                          Sink bridge.g_packet.asic.packet_core.staged_write_count_LUT4_A_Z_LUT4_Z_2_B_LUT4_B_2_Z_L6MUX21_Z_SD_L6MUX21_Z_1_SD_LUT4_Z.C
Info:                          Defined in:
Info:                               /usr/bin/../share/yosys/ecp5/cells_map.v:108.23-108.24
Info:      logic  0.24  54.45 Source bridge.g_packet.asic.packet_core.staged_write_count_LUT4_A_Z_LUT4_Z_2_B_LUT4_B_2_Z_L6MUX21_Z_SD_L6MUX21_Z_1_SD_LUT4_Z.F
Info:    routing  1.69  56.14 Net bridge.g_packet.asic.packet_core.staged_write_count_LUT4_A_Z_LUT4_Z_2_B_LUT4_B_2_Z_L6MUX21_Z_SD_L6MUX21_Z_1_SD[5] (77,53) -> (81,63)
Info:                          Sink bridge.g_packet.asic.packet_core.staged_write_count_LUT4_A_Z_LUT4_Z_2_B_LUT4_B_2_Z_L6MUX21_Z_SD_L6MUX21_Z_1_D1_PFUMX_Z_ALUT_LUT4_Z.M
Info:                          Defined in:
Info:                               /usr/bin/../share/yosys/ecp5/cells_map.v:108.23-108.24
Info:      logic  0.26  56.40 Source bridge.g_packet.asic.packet_core.staged_write_count_LUT4_A_Z_LUT4_Z_2_B_LUT4_B_2_Z_L6MUX21_Z_SD_L6MUX21_Z_1_D1_PFUMX_Z_ALUT_LUT4_Z.OFX
Info:    routing  0.65  57.05 Net bridge.g_packet.asic.packet_core.staged_write_count_LUT4_A_Z_LUT4_Z_2_B_LUT4_B_2_Z_L6MUX21_Z_SD[5] (81,63) -> (82,66)
Info:                          Sink bridge.g_packet.asic.packet_core.staged_write_count_LUT4_A_Z_LUT4_Z_2_B_LUT4_B_2_Z_L6MUX21_Z_D1_PFUMX_Z_ALUT_LUT4_Z.M
Info:                          Defined in:
Info:                               /usr/bin/../share/yosys/ecp5/cells_map.v:108.23-108.24
Info:      logic  0.26  57.31 Source bridge.g_packet.asic.packet_core.staged_write_count_LUT4_A_Z_LUT4_Z_2_B_LUT4_B_2_Z_L6MUX21_Z_D1_PFUMX_Z_ALUT_LUT4_Z.OFX
Info:    routing  1.67  58.98 Net bridge.g_packet.asic.packet_core.staged_write_count_LUT4_A_Z_LUT4_Z_2_B_LUT4_B_2_Z[6] (82,66) -> (72,75)
Info:                          Sink bridge.g_packet.asic.packet_core.state_valid_LUT4_A_Z_LUT4_A_Z_LUT4_A_Z_LUT4_C_Z_LUT4_C_Z_LUT4_C_Z_LUT4_Z_2_D_PFUMX_Z_BLUT_LUT4_Z_D_LUT4_Z_D_LUT4_D_2_Z_PFUMX_C0_Z_LUT4_D_Z_PFUMX_ALUT_Z_L6MUX21_Z_D1_L6MUX21_Z_D0_PFUMX_Z_ALUT_LUT4_Z.M
Info:                          Defined in:
Info:                               /usr/bin/../share/yosys/ecp5/cells_map.v:108.23-108.24
Info:      logic  0.26  59.24 Source bridge.g_packet.asic.packet_core.state_valid_LUT4_A_Z_LUT4_A_Z_LUT4_A_Z_LUT4_C_Z_LUT4_C_Z_LUT4_C_Z_LUT4_Z_2_D_PFUMX_Z_BLUT_LUT4_Z_D_LUT4_Z_D_LUT4_D_2_Z_PFUMX_C0_Z_LUT4_D_Z_PFUMX_ALUT_Z_L6MUX21_Z_D1_L6MUX21_Z_D0_PFUMX_Z_ALUT_LUT4_Z.OFX
Info:    routing  0.97  60.21 Net bridge.g_packet.asic.packet_core.state_valid_LUT4_A_Z_LUT4_A_Z_LUT4_A_Z_LUT4_C_Z_LUT4_C_Z_LUT4_C_Z_LUT4_Z_2_D_PFUMX_Z_BLUT_LUT4_Z_D_LUT4_Z_D_LUT4_D_2_Z_PFUMX_C0_Z_LUT4_D_Z_PFUMX_ALUT_Z[4] (72,75) -> (73,78)
Info:                          Sink bridge.g_packet.asic.packet_core.state_valid_LUT4_A_Z_LUT4_A_Z_LUT4_A_Z_LUT4_C_Z_LUT4_C_Z_LUT4_C_Z_LUT4_Z_2_D_PFUMX_Z_BLUT_LUT4_Z_D_LUT4_Z_D_LUT4_D_2_Z_PFUMX_C0_Z_LUT4_D_Z_PFUMX_ALUT_Z_LUT4_A.M
Info:                          Defined in:
Info:                               /usr/bin/../share/yosys/ecp5/cells_map.v:108.23-108.24
Info:      logic  0.26  60.47 Source bridge.g_packet.asic.packet_core.state_valid_LUT4_A_Z_LUT4_A_Z_LUT4_A_Z_LUT4_C_Z_LUT4_C_Z_LUT4_C_Z_LUT4_Z_2_D_PFUMX_Z_BLUT_LUT4_Z_D_LUT4_Z_D_LUT4_D_2_Z_PFUMX_C0_Z_LUT4_D_Z_PFUMX_ALUT_Z_LUT4_A.OFX
Info:    routing  0.97  61.44 Net bridge.tx_data_q_TRELLIS_FF_Q_2_DI_LUT4_Z_C[4] (73,78) -> (71,81)
Info:                          Sink bridge.tx_data_q_TRELLIS_FF_Q_DI_LUT4_Z_D_PFUMX_Z_BLUT_LUT4_Z.M
Info:                          Defined in:
Info:                               /usr/bin/../share/yosys/ecp5/cells_map.v:108.23-108.24
Info:      logic  0.26  61.69 Source bridge.tx_data_q_TRELLIS_FF_Q_DI_LUT4_Z_D_PFUMX_Z_BLUT_LUT4_Z.OFX
Info:    routing  1.23  62.93 Net bridge.tx_data_q_TRELLIS_FF_Q_DI_LUT4_Z_D[2] (71,81) -> (69,88)
Info:                          Sink bridge.tx_data_q_TRELLIS_FF_Q_DI_LUT4_Z_D_LUT4_C.C
Info:                          Defined in:
Info:                               /usr/bin/../share/yosys/ecp5/cells_map.v:108.23-108.24
Info:      logic  0.24  63.16 Source bridge.tx_data_q_TRELLIS_FF_Q_DI_LUT4_Z_D_LUT4_C.F
Info:    routing  0.94  64.11 Net bridge.tx_data_q_TRELLIS_FF_Q_DI_LUT4_Z_D_LUT4_C_Z[5] (69,88) -> (67,86)
Info:                          Sink bridge.g_packet.asic.packet_core.transmitter.payload_crc_TRELLIS_FF_Q_8_DI_PFUMX_Z_BLUT_LUT4_Z.M
Info:                          Defined in:
Info:                               /usr/bin/../share/yosys/ecp5/cells_map.v:108.23-108.24
Info:      logic  0.26  64.36 Source bridge.g_packet.asic.packet_core.transmitter.payload_crc_TRELLIS_FF_Q_8_DI_PFUMX_Z_BLUT_LUT4_Z.OFX
Info:    routing  0.92  65.28 Net bridge.g_packet.asic.packet_core.transmitter.payload_crc_TRELLIS_FF_Q_8_DI (67,86) -> (67,85)
Info:                          Sink bridge.g_packet.asic.packet_core.transmitter.payload_crc_TRELLIS_FF_Q_8.M
Info:      setup  0.00  65.28 Source bridge.g_packet.asic.packet_core.transmitter.payload_crc_TRELLIS_FF_Q_8.M
Info: 19.53 ns logic, 45.75 ns routing

Info: Critical path report for cross-domain path '<async>' -> 'posedge $glbnet$core_clk':
Info:       type curr  total name
Info:     source  0.00  0.00 Source uart_rx$tr_io.O
Info:    routing  2.30  2.30 Net uart_rx$TRELLIS_IO_IN (0,89) -> (33,89)
Info:                          Sink bridge.urx.rx_m_TRELLIS_FF_Q.M
Info:                          Defined in:
Info:                               ulx3s_packet_top.sv:6.17-6.24
Info:      setup  0.00  2.30 Source bridge.urx.rx_m_TRELLIS_FF_Q.M
Info: 0.00 ns logic, 2.30 ns routing

Info: Critical path report for cross-domain path 'posedge $glbnet$core_clk' -> '<async>':
Info:       type curr  total name
Info:   clk-to-q  0.52  0.52 Source bridge.utx.tx_serial_TRELLIS_FF_Q.Q
Info:    routing  5.74  6.27 Net uart_tx$TRELLIS_IO_OUT (65,87) -> (0,56)
Info:                          Sink uart_tx$tr_io.I
Info:                          Defined in:
Info:                               ulx3s_packet_top.sv:7.17-7.24
Info: 0.52 ns logic, 5.74 ns routing

Info: Max frequency for clock '$glbnet$core_clk': 15.32 MHz (PASS at 10.00 MHz)

Info: Max delay <async>                  -> posedge $glbnet$core_clk: 2.30 ns
Info: Max delay posedge $glbnet$core_clk -> <async>                 : 6.27 ns

Info: Slack histogram:
Info:  legend: * represents 44 endpoint(s)
Info:          + represents [1,44) endpoint(s)
Info: [ 34721,  37938) |**+
Info: [ 37938,  41155) |+
Info: [ 41155,  44372) | 
Info: [ 44372,  47589) | 
Info: [ 47589,  50806) | 
Info: [ 50806,  54023) | 
Info: [ 54023,  57240) | 
Info: [ 57240,  60457) | 
Info: [ 60457,  63674) |****+
Info: [ 63674,  66891) |*************+
Info: [ 66891,  70108) |******************+
Info: [ 70108,  73325) |*****************************+
Info: [ 73325,  76542) |******+
Info: [ 76542,  79759) |+
Info: [ 79759,  82976) |*************+
Info: [ 82976,  86193) |**********************************+
Info: [ 86193,  89410) |************************************************************ 
Info: [ 89410,  92627) |**********************************************+
Info: [ 92627,  95844) |********************************+
Info: [ 95844,  99061) |**+

Info: Program finished normally.
