
 /----------------------------------------------------------------------------\
 |                                                                            |
 |  yosys -- Yosys Open SYnthesis Suite                                       |
 |                                                                            |
 |  Copyright (C) 2012 - 2020  Claire Xenia Wolf <claire@yosyshq.com>         |
 |                                                                            |
 |  Permission to use, copy, modify, and/or distribute this software for any  |
 |  purpose with or without fee is hereby granted, provided that the above    |
 |  copyright notice and this permission notice appear in all copies.         |
 |                                                                            |
 |  THE SOFTWARE IS PROVIDED "AS IS" AND THE AUTHOR DISCLAIMS ALL WARRANTIES  |
 |  WITH REGARD TO THIS SOFTWARE INCLUDING ALL IMPLIED WARRANTIES OF          |
 |  MERCHANTABILITY AND FITNESS. IN NO EVENT SHALL THE AUTHOR BE LIABLE FOR   |
 |  ANY SPECIAL, DIRECT, INDIRECT, OR CONSEQUENTIAL DAMAGES OR ANY DAMAGES    |
 |  WHATSOEVER RESULTING FROM LOSS OF USE, DATA OR PROFITS, WHETHER IN AN     |
 |  ACTION OF CONTRACT, NEGLIGENCE OR OTHER TORTIOUS ACTION, ARISING OUT OF   |
 |  OR IN CONNECTION WITH THE USE OR PERFORMANCE OF THIS SOFTWARE.            |
 |                                                                            |
 \----------------------------------------------------------------------------/

 Yosys 0.33 (git sha1 2584903a060)


-- Running command `
read_verilog -sv ulx3s_top.sv uart_bridge.sv uart_rx.sv uart_tx.sv          ../../asic_core/rtl/lean_silicon_lsc1.sv          ../../asic_core/rtl/leanvm_b_stream_alu.sv          ../../asic_core/rtl/gf128_mul_bitstream.sv          ../../asic_core/rtl/gf2n_mul_bitstream.sv;
hierarchy -check -top ulx3s_top;
proc; check;
synth_ecp5 -top ulx3s_top;
write_json ulx3s_top.json
' --

1. Executing Verilog-2005 frontend: ulx3s_top.sv
Parsing SystemVerilog input from `ulx3s_top.sv' to AST representation.
Generating RTLIL representation for module `\ulx3s_top'.
Successfully finished Verilog frontend.

2. Executing Verilog-2005 frontend: uart_bridge.sv
Parsing SystemVerilog input from `uart_bridge.sv' to AST representation.
Generating RTLIL representation for module `\uart_bridge'.
Successfully finished Verilog frontend.

3. Executing Verilog-2005 frontend: uart_rx.sv
Parsing SystemVerilog input from `uart_rx.sv' to AST representation.
Generating RTLIL representation for module `\uart_rx'.
Successfully finished Verilog frontend.

4. Executing Verilog-2005 frontend: uart_tx.sv
Parsing SystemVerilog input from `uart_tx.sv' to AST representation.
Generating RTLIL representation for module `\uart_tx'.
Successfully finished Verilog frontend.

5. Executing Verilog-2005 frontend: ../../asic_core/rtl/lean_silicon_lsc1.sv
Parsing SystemVerilog input from `../../asic_core/rtl/lean_silicon_lsc1.sv' to AST representation.
Generating RTLIL representation for module `\lean_silicon_lsc1'.
Successfully finished Verilog frontend.

6. Executing Verilog-2005 frontend: ../../asic_core/rtl/leanvm_b_stream_alu.sv
Parsing SystemVerilog input from `../../asic_core/rtl/leanvm_b_stream_alu.sv' to AST representation.
Generating RTLIL representation for module `\leanvm_b_stream_alu'.
Successfully finished Verilog frontend.

7. Executing Verilog-2005 frontend: ../../asic_core/rtl/gf128_mul_bitstream.sv
Parsing SystemVerilog input from `../../asic_core/rtl/gf128_mul_bitstream.sv' to AST representation.
Generating RTLIL representation for module `\gf128_mul_bitstream'.
Successfully finished Verilog frontend.

8. Executing Verilog-2005 frontend: ../../asic_core/rtl/gf2n_mul_bitstream.sv
Parsing SystemVerilog input from `../../asic_core/rtl/gf2n_mul_bitstream.sv' to AST representation.
Generating RTLIL representation for module `\gf2n_mul_bitstream'.
Successfully finished Verilog frontend.

9. Executing HIERARCHY pass (managing design hierarchy).

9.1. Analyzing design hierarchy..
Top module:  \ulx3s_top
Used module:     \uart_bridge
Used module:         \lean_silicon_lsc1
Used module:             \leanvm_b_stream_alu
Used module:                 \gf128_mul_bitstream
Used module:                     \gf2n_mul_bitstream
Used module:         \uart_tx
Used module:         \uart_rx
Parameter \CLK_HZ = 25000000
Parameter \BAUD = 1000000

9.2. Executing AST frontend in derive mode using pre-parsed AST for module `\uart_tx'.
Parameter \CLK_HZ = 25000000
Parameter \BAUD = 1000000
Generating RTLIL representation for module `$paramod$6d15f8570506fca37972d8b0b02db1e36be90044\uart_tx'.
Parameter \CLK_HZ = 25000000
Parameter \BAUD = 1000000

9.3. Executing AST frontend in derive mode using pre-parsed AST for module `\uart_rx'.
Parameter \CLK_HZ = 25000000
Parameter \BAUD = 1000000
Generating RTLIL representation for module `$paramod$6d15f8570506fca37972d8b0b02db1e36be90044\uart_rx'.
Parameter \WIDTH = 128
Parameter \BYTE_BITS = 8
Parameter \MODULUS_LOW = 128'00000000000000000000000000000000000000000000000000000000000000000000000000000000000000000000000000000000000000000000000010000111

9.4. Executing AST frontend in derive mode using pre-parsed AST for module `\gf2n_mul_bitstream'.
Parameter \WIDTH = 128
Parameter \BYTE_BITS = 8
Parameter \MODULUS_LOW = 128'00000000000000000000000000000000000000000000000000000000000000000000000000000000000000000000000000000000000000000000000010000111
Generating RTLIL representation for module `$paramod$c8ea1368b9929af0c8d66661afb8ae1783e33452\gf2n_mul_bitstream'.

9.5. Analyzing design hierarchy..
Top module:  \ulx3s_top
Used module:     \uart_bridge
Used module:         \lean_silicon_lsc1
Used module:             \leanvm_b_stream_alu
Used module:                 \gf128_mul_bitstream
Used module:                     $paramod$c8ea1368b9929af0c8d66661afb8ae1783e33452\gf2n_mul_bitstream
Used module:         $paramod$6d15f8570506fca37972d8b0b02db1e36be90044\uart_tx
Used module:         $paramod$6d15f8570506fca37972d8b0b02db1e36be90044\uart_rx

9.6. Analyzing design hierarchy..
Top module:  \ulx3s_top
Used module:     \uart_bridge
Used module:         \lean_silicon_lsc1
Used module:             \leanvm_b_stream_alu
Used module:                 \gf128_mul_bitstream
Used module:                     $paramod$c8ea1368b9929af0c8d66661afb8ae1783e33452\gf2n_mul_bitstream
Used module:         $paramod$6d15f8570506fca37972d8b0b02db1e36be90044\uart_tx
Used module:         $paramod$6d15f8570506fca37972d8b0b02db1e36be90044\uart_rx
Removing unused module `\gf2n_mul_bitstream'.
Removing unused module `\uart_tx'.
Removing unused module `\uart_rx'.
Removed 3 unused modules.

10. Executing PROC pass (convert processes to netlists).

10.1. Executing PROC_CLEAN pass (remove empty switches from decision trees).
Cleaned up 0 empty switches.

10.2. Executing PROC_RMDEAD pass (remove dead branches from decision trees).
Marked 5 switch rules as full_case in process $proc$../../asic_core/rtl/gf2n_mul_bitstream.sv:72$261 in module $paramod$c8ea1368b9929af0c8d66661afb8ae1783e33452\gf2n_mul_bitstream.
Marked 12 switch rules as full_case in process $proc$../../asic_core/rtl/leanvm_b_stream_alu.sv:214$135 in module leanvm_b_stream_alu.
Marked 3 switch rules as full_case in process $proc$../../asic_core/rtl/leanvm_b_stream_alu.sv:118$96 in module leanvm_b_stream_alu.
Marked 7 switch rules as full_case in process $proc$uart_rx.sv:32$210 in module $paramod$6d15f8570506fca37972d8b0b02db1e36be90044\uart_rx.
Marked 4 switch rules as full_case in process $proc$uart_tx.sv:22$199 in module $paramod$6d15f8570506fca37972d8b0b02db1e36be90044\uart_tx.
Marked 3 switch rules as full_case in process $proc$uart_bridge.sv:139$25 in module uart_bridge.
Marked 1 switch rules as full_case in process $proc$uart_bridge.sv:121$17 in module uart_bridge.
Marked 3 switch rules as full_case in process $proc$uart_bridge.sv:103$15 in module uart_bridge.
Marked 1 switch rules as full_case in process $proc$uart_bridge.sv:86$9 in module uart_bridge.
Removed a total of 0 dead cases.

10.3. Executing PROC_PRUNE pass (remove redundant assignments in processes).
Removed 3 redundant assignments.
Promoted 26 assignments to connections.

10.4. Executing PROC_INIT pass (extract init attributes).
Found init rule in `\uart_bridge.$proc$uart_bridge.sv:23$28'.
  Set init value: \por_shift = 8'00000000

10.5. Executing PROC_ARST pass (detect async resets in processes).

10.6. Executing PROC_ROM pass (convert switches to ROMs).
Converted 0 switches.
<suppressed ~57 debug messages>

10.7. Executing PROC_MUX pass (convert decision trees to multiplexers).
Creating decoders for process `$paramod$c8ea1368b9929af0c8d66661afb8ae1783e33452\gf2n_mul_bitstream.$proc$../../asic_core/rtl/gf2n_mul_bitstream.sv:72$261'.
     1/30: $5\mul_by_x$func$../../asic_core/rtl/gf2n_mul_bitstream.sv:86$258.$result[127:0]$296
     2/30: $5\mul_by_x$func$../../asic_core/rtl/gf2n_mul_bitstream.sv:86$258.carry[0:0]$298
     3/30: $5\mul_by_x$func$../../asic_core/rtl/gf2n_mul_bitstream.sv:86$258.value[127:0]$297
     4/30: $4\mul_by_x$func$../../asic_core/rtl/gf2n_mul_bitstream.sv:86$258.carry[0:0]$294
     5/30: $4\mul_by_x$func$../../asic_core/rtl/gf2n_mul_bitstream.sv:86$258.value[127:0]$293
     6/30: $4\mul_by_x$func$../../asic_core/rtl/gf2n_mul_bitstream.sv:86$258.$result[127:0]$292
     7/30: $3\shift_in_byte$func$../../asic_core/rtl/gf2n_mul_bitstream.sv:80$257.next_value[127:0]$287 [127:120]
     8/30: $3\shift_in_byte$func$../../asic_core/rtl/gf2n_mul_bitstream.sv:80$257.next_value[127:0]$287 [119:0]
     9/30: $3\shift_in_byte$func$../../asic_core/rtl/gf2n_mul_bitstream.sv:80$257.$result[127:0]$284
    10/30: $3\shift_in_byte$func$../../asic_core/rtl/gf2n_mul_bitstream.sv:80$257.byte_value[7:0]$286
    11/30: $3\shift_in_byte$func$../../asic_core/rtl/gf2n_mul_bitstream.sv:80$257.value[127:0]$285
    12/30: $3\mul_by_x$func$../../asic_core/rtl/gf2n_mul_bitstream.sv:86$258.carry[0:0]$290
    13/30: $3\mul_by_x$func$../../asic_core/rtl/gf2n_mul_bitstream.sv:86$258.value[127:0]$289
    14/30: $3\mul_by_x$func$../../asic_core/rtl/gf2n_mul_bitstream.sv:86$258.$result[127:0]$288
    15/30: $2\mul_by_x$func$../../asic_core/rtl/gf2n_mul_bitstream.sv:86$258.carry[0:0]$283
    16/30: $2\mul_by_x$func$../../asic_core/rtl/gf2n_mul_bitstream.sv:86$258.value[127:0]$282
    17/30: $2\mul_by_x$func$../../asic_core/rtl/gf2n_mul_bitstream.sv:86$258.$result[127:0]$281
    18/30: $2\shift_in_byte$func$../../asic_core/rtl/gf2n_mul_bitstream.sv:80$257.next_value[127:0]$280
    19/30: $2\shift_in_byte$func$../../asic_core/rtl/gf2n_mul_bitstream.sv:80$257.byte_value[7:0]$279
    20/30: $2\shift_in_byte$func$../../asic_core/rtl/gf2n_mul_bitstream.sv:80$257.value[127:0]$278
    21/30: $2\shift_in_byte$func$../../asic_core/rtl/gf2n_mul_bitstream.sv:80$257.$result[127:0]$277
    22/30: $1\mul_by_x$func$../../asic_core/rtl/gf2n_mul_bitstream.sv:86$258.carry[0:0]$276
    23/30: $1\mul_by_x$func$../../asic_core/rtl/gf2n_mul_bitstream.sv:86$258.value[127:0]$275
    24/30: $1\mul_by_x$func$../../asic_core/rtl/gf2n_mul_bitstream.sv:86$258.$result[127:0]$274
    25/30: $1\shift_in_byte$func$../../asic_core/rtl/gf2n_mul_bitstream.sv:80$257.next_value[127:0]$273
    26/30: $1\shift_in_byte$func$../../asic_core/rtl/gf2n_mul_bitstream.sv:80$257.byte_value[7:0]$272
    27/30: $1\shift_in_byte$func$../../asic_core/rtl/gf2n_mul_bitstream.sv:80$257.value[127:0]$271
    28/30: $1\shift_in_byte$func$../../asic_core/rtl/gf2n_mul_bitstream.sv:80$257.$result[127:0]$270
    29/30: $0\accumulator[127:0]
    30/30: $0\a_shift[127:0]
Creating decoders for process `\leanvm_b_stream_alu.$proc$../../asic_core/rtl/leanvm_b_stream_alu.sv:214$135'.
     1/5: $0\scratch_byte[7:0] [7:1]
     2/5: $0\scratch_byte[7:0] [0]
     3/5: $0\byte_index[3:0]
     4/5: $0\state[3:0]
     5/5: $0\fault[0:0]
Creating decoders for process `\leanvm_b_stream_alu.$proc$../../asic_core/rtl/leanvm_b_stream_alu.sv:118$96'.
     1/13: $2\status_byte$func$../../asic_core/rtl/leanvm_b_stream_alu.sv:186$88.$result[7:0]$105
     2/13: $2\rx_ready[0:0]
     3/13: $2\tx_data[7:0]
     4/13: $2\tx_valid[0:0]
     5/13: $1\rx_ready[0:0]
     6/13: $1\status_byte$func$../../asic_core/rtl/leanvm_b_stream_alu.sv:186$88.index[3:0]$100
     7/13: $1\status_byte$func$../../asic_core/rtl/leanvm_b_stream_alu.sv:186$88.$result[7:0]$99
     8/13: $1\mul_result_shift[0:0]
     9/13: $1\mul_bit_value[0:0]
    10/13: $1\mul_bit_valid[0:0]
    11/13: $1\mul_a_valid[0:0]
    12/13: $1\tx_valid[0:0]
    13/13: $1\tx_data[7:0]
Creating decoders for process `$paramod$6d15f8570506fca37972d8b0b02db1e36be90044\uart_rx.$proc$uart_rx.sv:32$210'.
     1/26: $5$lookahead\shift$209[7:0]$242
     2/26: $5$bitselwrite$data$uart_rx.sv:64$206[7:0]$240
     3/26: $5$bitselwrite$mask$uart_rx.sv:64$205[7:0]$239
     4/26: $5$bitselwrite$sel$uart_rx.sv:64$207[31:0]$241
     5/26: $4$lookahead\shift$209[7:0]$235
     6/26: $4$bitselwrite$sel$uart_rx.sv:64$207[31:0]$234
     7/26: $4$bitselwrite$data$uart_rx.sv:64$206[7:0]$233
     8/26: $4$bitselwrite$mask$uart_rx.sv:64$205[7:0]$232
     9/26: $3$lookahead\shift$209[7:0]$230
    10/26: $3$bitselwrite$sel$uart_rx.sv:64$207[31:0]$229
    11/26: $3$bitselwrite$data$uart_rx.sv:64$206[7:0]$228
    12/26: $3$bitselwrite$mask$uart_rx.sv:64$205[7:0]$227
    13/26: $2$lookahead\shift$209[7:0]$224
    14/26: $2$bitselwrite$sel$uart_rx.sv:64$207[31:0]$223
    15/26: $2$bitselwrite$data$uart_rx.sv:64$206[7:0]$222
    16/26: $2$bitselwrite$mask$uart_rx.sv:64$205[7:0]$221
    17/26: $0\framing_err[0:0]
    18/26: $0\rx_valid[0:0]
    19/26: $1$lookahead\shift$209[7:0]$219
    20/26: $1$bitselwrite$sel$uart_rx.sv:64$207[31:0]$218
    21/26: $1$bitselwrite$data$uart_rx.sv:64$206[7:0]$217
    22/26: $1$bitselwrite$mask$uart_rx.sv:64$205[7:0]$216
    23/26: $0\receiving[0:0]
    24/26: $0\bit_cnt[3:0]
    25/26: $0\div_cnt[15:0]
    26/26: $0\rx_data[7:0]
Creating decoders for process `$paramod$6d15f8570506fca37972d8b0b02db1e36be90044\uart_rx.$proc$uart_rx.sv:22$208'.
Creating decoders for process `$paramod$6d15f8570506fca37972d8b0b02db1e36be90044\uart_tx.$proc$uart_tx.sv:22$199'.
     1/5: $0\shift[8:0]
     2/5: $0\bit_cnt[3:0]
     3/5: $0\div_cnt[15:0]
     4/5: $0\tx_serial[0:0]
     5/5: $0\tx_ready[0:0]
Creating decoders for process `\uart_bridge.$proc$uart_bridge.sv:23$28'.
Creating decoders for process `\uart_bridge.$proc$uart_bridge.sv:139$25'.
     1/2: $0\tx_data_q[7:0]
     2/2: $0\tx_full[0:0]
Creating decoders for process `\uart_bridge.$proc$uart_bridge.sv:121$17'.
     1/1: $0\rx_overrun[0:0]
Creating decoders for process `\uart_bridge.$proc$uart_bridge.sv:103$15'.
     1/2: $0\rx_data_q[7:0]
     2/2: $0\rx_full[0:0]
Creating decoders for process `\uart_bridge.$proc$uart_bridge.sv:86$9'.
     1/1: $0\abort_q[0:0]
Creating decoders for process `\uart_bridge.$proc$uart_bridge.sv:24$4'.
Creating decoders for process `\ulx3s_top.$proc$ulx3s_top.sv:33$1'.

10.8. Executing PROC_DLATCH pass (convert process syncs to latches).
No latch inferred for signal `\leanvm_b_stream_alu.\tx_data' from process `\leanvm_b_stream_alu.$proc$../../asic_core/rtl/leanvm_b_stream_alu.sv:118$96'.
No latch inferred for signal `\leanvm_b_stream_alu.\tx_valid' from process `\leanvm_b_stream_alu.$proc$../../asic_core/rtl/leanvm_b_stream_alu.sv:118$96'.
No latch inferred for signal `\leanvm_b_stream_alu.\rx_ready' from process `\leanvm_b_stream_alu.$proc$../../asic_core/rtl/leanvm_b_stream_alu.sv:118$96'.
No latch inferred for signal `\leanvm_b_stream_alu.\mul_a_valid' from process `\leanvm_b_stream_alu.$proc$../../asic_core/rtl/leanvm_b_stream_alu.sv:118$96'.
No latch inferred for signal `\leanvm_b_stream_alu.\mul_bit_valid' from process `\leanvm_b_stream_alu.$proc$../../asic_core/rtl/leanvm_b_stream_alu.sv:118$96'.
No latch inferred for signal `\leanvm_b_stream_alu.\mul_bit_value' from process `\leanvm_b_stream_alu.$proc$../../asic_core/rtl/leanvm_b_stream_alu.sv:118$96'.
No latch inferred for signal `\leanvm_b_stream_alu.\mul_result_shift' from process `\leanvm_b_stream_alu.$proc$../../asic_core/rtl/leanvm_b_stream_alu.sv:118$96'.
No latch inferred for signal `\leanvm_b_stream_alu.\status_byte$func$../../asic_core/rtl/leanvm_b_stream_alu.sv:186$88.$result' from process `\leanvm_b_stream_alu.$proc$../../asic_core/rtl/leanvm_b_stream_alu.sv:118$96'.
No latch inferred for signal `\leanvm_b_stream_alu.\status_byte$func$../../asic_core/rtl/leanvm_b_stream_alu.sv:186$88.index' from process `\leanvm_b_stream_alu.$proc$../../asic_core/rtl/leanvm_b_stream_alu.sv:118$96'.

10.9. Executing PROC_DFF pass (convert process syncs to FFs).
Creating register for signal `$paramod$c8ea1368b9929af0c8d66661afb8ae1783e33452\gf2n_mul_bitstream.\a_shift' using process `$paramod$c8ea1368b9929af0c8d66661afb8ae1783e33452\gf2n_mul_bitstream.$proc$../../asic_core/rtl/gf2n_mul_bitstream.sv:72$261'.
  created $dff cell `$procdff$1254' with positive edge clock.
Creating register for signal `$paramod$c8ea1368b9929af0c8d66661afb8ae1783e33452\gf2n_mul_bitstream.\accumulator' using process `$paramod$c8ea1368b9929af0c8d66661afb8ae1783e33452\gf2n_mul_bitstream.$proc$../../asic_core/rtl/gf2n_mul_bitstream.sv:72$261'.
  created $dff cell `$procdff$1255' with positive edge clock.
Creating register for signal `$paramod$c8ea1368b9929af0c8d66661afb8ae1783e33452\gf2n_mul_bitstream.\shift_in_byte$func$../../asic_core/rtl/gf2n_mul_bitstream.sv:80$257.$result' using process `$paramod$c8ea1368b9929af0c8d66661afb8ae1783e33452\gf2n_mul_bitstream.$proc$../../asic_core/rtl/gf2n_mul_bitstream.sv:72$261'.
  created $dff cell `$procdff$1256' with positive edge clock.
Creating register for signal `$paramod$c8ea1368b9929af0c8d66661afb8ae1783e33452\gf2n_mul_bitstream.\shift_in_byte$func$../../asic_core/rtl/gf2n_mul_bitstream.sv:80$257.value' using process `$paramod$c8ea1368b9929af0c8d66661afb8ae1783e33452\gf2n_mul_bitstream.$proc$../../asic_core/rtl/gf2n_mul_bitstream.sv:72$261'.
  created $dff cell `$procdff$1257' with positive edge clock.
Creating register for signal `$paramod$c8ea1368b9929af0c8d66661afb8ae1783e33452\gf2n_mul_bitstream.\shift_in_byte$func$../../asic_core/rtl/gf2n_mul_bitstream.sv:80$257.byte_value' using process `$paramod$c8ea1368b9929af0c8d66661afb8ae1783e33452\gf2n_mul_bitstream.$proc$../../asic_core/rtl/gf2n_mul_bitstream.sv:72$261'.
  created $dff cell `$procdff$1258' with positive edge clock.
Creating register for signal `$paramod$c8ea1368b9929af0c8d66661afb8ae1783e33452\gf2n_mul_bitstream.\shift_in_byte$func$../../asic_core/rtl/gf2n_mul_bitstream.sv:80$257.next_value' using process `$paramod$c8ea1368b9929af0c8d66661afb8ae1783e33452\gf2n_mul_bitstream.$proc$../../asic_core/rtl/gf2n_mul_bitstream.sv:72$261'.
  created $dff cell `$procdff$1259' with positive edge clock.
Creating register for signal `$paramod$c8ea1368b9929af0c8d66661afb8ae1783e33452\gf2n_mul_bitstream.\mul_by_x$func$../../asic_core/rtl/gf2n_mul_bitstream.sv:86$258.$result' using process `$paramod$c8ea1368b9929af0c8d66661afb8ae1783e33452\gf2n_mul_bitstream.$proc$../../asic_core/rtl/gf2n_mul_bitstream.sv:72$261'.
  created $dff cell `$procdff$1260' with positive edge clock.
Creating register for signal `$paramod$c8ea1368b9929af0c8d66661afb8ae1783e33452\gf2n_mul_bitstream.\mul_by_x$func$../../asic_core/rtl/gf2n_mul_bitstream.sv:86$258.value' using process `$paramod$c8ea1368b9929af0c8d66661afb8ae1783e33452\gf2n_mul_bitstream.$proc$../../asic_core/rtl/gf2n_mul_bitstream.sv:72$261'.
  created $dff cell `$procdff$1261' with positive edge clock.
Creating register for signal `$paramod$c8ea1368b9929af0c8d66661afb8ae1783e33452\gf2n_mul_bitstream.\mul_by_x$func$../../asic_core/rtl/gf2n_mul_bitstream.sv:86$258.carry' using process `$paramod$c8ea1368b9929af0c8d66661afb8ae1783e33452\gf2n_mul_bitstream.$proc$../../asic_core/rtl/gf2n_mul_bitstream.sv:72$261'.
  created $dff cell `$procdff$1262' with positive edge clock.
Creating register for signal `\leanvm_b_stream_alu.\fault' using process `\leanvm_b_stream_alu.$proc$../../asic_core/rtl/leanvm_b_stream_alu.sv:214$135'.
  created $dff cell `$procdff$1263' with positive edge clock.
Creating register for signal `\leanvm_b_stream_alu.\state' using process `\leanvm_b_stream_alu.$proc$../../asic_core/rtl/leanvm_b_stream_alu.sv:214$135'.
  created $dff cell `$procdff$1264' with positive edge clock.
Creating register for signal `\leanvm_b_stream_alu.\byte_index' using process `\leanvm_b_stream_alu.$proc$../../asic_core/rtl/leanvm_b_stream_alu.sv:214$135'.
  created $dff cell `$procdff$1265' with positive edge clock.
Creating register for signal `\leanvm_b_stream_alu.\scratch_byte' using process `\leanvm_b_stream_alu.$proc$../../asic_core/rtl/leanvm_b_stream_alu.sv:214$135'.
  created $dff cell `$procdff$1266' with positive edge clock.
Creating register for signal `$paramod$6d15f8570506fca37972d8b0b02db1e36be90044\uart_rx.\rx_data' using process `$paramod$6d15f8570506fca37972d8b0b02db1e36be90044\uart_rx.$proc$uart_rx.sv:32$210'.
  created $dff cell `$procdff$1267' with positive edge clock.
Creating register for signal `$paramod$6d15f8570506fca37972d8b0b02db1e36be90044\uart_rx.\rx_valid' using process `$paramod$6d15f8570506fca37972d8b0b02db1e36be90044\uart_rx.$proc$uart_rx.sv:32$210'.
  created $dff cell `$procdff$1268' with positive edge clock.
Creating register for signal `$paramod$6d15f8570506fca37972d8b0b02db1e36be90044\uart_rx.\framing_err' using process `$paramod$6d15f8570506fca37972d8b0b02db1e36be90044\uart_rx.$proc$uart_rx.sv:32$210'.
  created $dff cell `$procdff$1269' with positive edge clock.
Creating register for signal `$paramod$6d15f8570506fca37972d8b0b02db1e36be90044\uart_rx.\div_cnt' using process `$paramod$6d15f8570506fca37972d8b0b02db1e36be90044\uart_rx.$proc$uart_rx.sv:32$210'.
  created $dff cell `$procdff$1270' with positive edge clock.
Creating register for signal `$paramod$6d15f8570506fca37972d8b0b02db1e36be90044\uart_rx.\bit_cnt' using process `$paramod$6d15f8570506fca37972d8b0b02db1e36be90044\uart_rx.$proc$uart_rx.sv:32$210'.
  created $dff cell `$procdff$1271' with positive edge clock.
Creating register for signal `$paramod$6d15f8570506fca37972d8b0b02db1e36be90044\uart_rx.\shift' using process `$paramod$6d15f8570506fca37972d8b0b02db1e36be90044\uart_rx.$proc$uart_rx.sv:32$210'.
  created $dff cell `$procdff$1272' with positive edge clock.
Creating register for signal `$paramod$6d15f8570506fca37972d8b0b02db1e36be90044\uart_rx.\receiving' using process `$paramod$6d15f8570506fca37972d8b0b02db1e36be90044\uart_rx.$proc$uart_rx.sv:32$210'.
  created $dff cell `$procdff$1273' with positive edge clock.
Creating register for signal `$paramod$6d15f8570506fca37972d8b0b02db1e36be90044\uart_rx.$bitselwrite$mask$uart_rx.sv:64$205' using process `$paramod$6d15f8570506fca37972d8b0b02db1e36be90044\uart_rx.$proc$uart_rx.sv:32$210'.
  created $dff cell `$procdff$1274' with positive edge clock.
Creating register for signal `$paramod$6d15f8570506fca37972d8b0b02db1e36be90044\uart_rx.$bitselwrite$data$uart_rx.sv:64$206' using process `$paramod$6d15f8570506fca37972d8b0b02db1e36be90044\uart_rx.$proc$uart_rx.sv:32$210'.
  created $dff cell `$procdff$1275' with positive edge clock.
Creating register for signal `$paramod$6d15f8570506fca37972d8b0b02db1e36be90044\uart_rx.$bitselwrite$sel$uart_rx.sv:64$207' using process `$paramod$6d15f8570506fca37972d8b0b02db1e36be90044\uart_rx.$proc$uart_rx.sv:32$210'.
  created $dff cell `$procdff$1276' with positive edge clock.
Creating register for signal `$paramod$6d15f8570506fca37972d8b0b02db1e36be90044\uart_rx.$lookahead\shift$209' using process `$paramod$6d15f8570506fca37972d8b0b02db1e36be90044\uart_rx.$proc$uart_rx.sv:32$210'.
  created $dff cell `$procdff$1277' with positive edge clock.
Creating register for signal `$paramod$6d15f8570506fca37972d8b0b02db1e36be90044\uart_rx.\rx_m' using process `$paramod$6d15f8570506fca37972d8b0b02db1e36be90044\uart_rx.$proc$uart_rx.sv:22$208'.
  created $dff cell `$procdff$1278' with positive edge clock.
Creating register for signal `$paramod$6d15f8570506fca37972d8b0b02db1e36be90044\uart_rx.\rx_s' using process `$paramod$6d15f8570506fca37972d8b0b02db1e36be90044\uart_rx.$proc$uart_rx.sv:22$208'.
  created $dff cell `$procdff$1279' with positive edge clock.
Creating register for signal `$paramod$6d15f8570506fca37972d8b0b02db1e36be90044\uart_tx.\tx_ready' using process `$paramod$6d15f8570506fca37972d8b0b02db1e36be90044\uart_tx.$proc$uart_tx.sv:22$199'.
  created $dff cell `$procdff$1280' with positive edge clock.
Creating register for signal `$paramod$6d15f8570506fca37972d8b0b02db1e36be90044\uart_tx.\tx_serial' using process `$paramod$6d15f8570506fca37972d8b0b02db1e36be90044\uart_tx.$proc$uart_tx.sv:22$199'.
  created $dff cell `$procdff$1281' with positive edge clock.
Creating register for signal `$paramod$6d15f8570506fca37972d8b0b02db1e36be90044\uart_tx.\div_cnt' using process `$paramod$6d15f8570506fca37972d8b0b02db1e36be90044\uart_tx.$proc$uart_tx.sv:22$199'.
  created $dff cell `$procdff$1282' with positive edge clock.
Creating register for signal `$paramod$6d15f8570506fca37972d8b0b02db1e36be90044\uart_tx.\bit_cnt' using process `$paramod$6d15f8570506fca37972d8b0b02db1e36be90044\uart_tx.$proc$uart_tx.sv:22$199'.
  created $dff cell `$procdff$1283' with positive edge clock.
Creating register for signal `$paramod$6d15f8570506fca37972d8b0b02db1e36be90044\uart_tx.\shift' using process `$paramod$6d15f8570506fca37972d8b0b02db1e36be90044\uart_tx.$proc$uart_tx.sv:22$199'.
  created $dff cell `$procdff$1284' with positive edge clock.
Creating register for signal `\uart_bridge.\tx_full' using process `\uart_bridge.$proc$uart_bridge.sv:139$25'.
  created $dff cell `$procdff$1285' with positive edge clock.
Creating register for signal `\uart_bridge.\tx_data_q' using process `\uart_bridge.$proc$uart_bridge.sv:139$25'.
  created $dff cell `$procdff$1286' with positive edge clock.
Creating register for signal `\uart_bridge.\rx_overrun' using process `\uart_bridge.$proc$uart_bridge.sv:121$17'.
  created $dff cell `$procdff$1287' with positive edge clock.
Creating register for signal `\uart_bridge.\rx_full' using process `\uart_bridge.$proc$uart_bridge.sv:103$15'.
  created $dff cell `$procdff$1288' with positive edge clock.
Creating register for signal `\uart_bridge.\rx_data_q' using process `\uart_bridge.$proc$uart_bridge.sv:103$15'.
  created $dff cell `$procdff$1289' with positive edge clock.
Creating register for signal `\uart_bridge.\abort_q' using process `\uart_bridge.$proc$uart_bridge.sv:86$9'.
  created $dff cell `$procdff$1290' with positive edge clock.
Creating register for signal `\uart_bridge.\por_shift' using process `\uart_bridge.$proc$uart_bridge.sv:24$4'.
  created $dff cell `$procdff$1291' with positive edge clock.
Creating register for signal `\ulx3s_top.\g_uart.hb' using process `\ulx3s_top.$proc$ulx3s_top.sv:33$1'.
  created $dff cell `$procdff$1292' with positive edge clock.

10.10. Executing PROC_MEMWR pass (convert process memory writes to cells).

10.11. Executing PROC_CLEAN pass (remove empty switches from decision trees).
Found and cleaned up 7 empty switches in `$paramod$c8ea1368b9929af0c8d66661afb8ae1783e33452\gf2n_mul_bitstream.$proc$../../asic_core/rtl/gf2n_mul_bitstream.sv:72$261'.
Removing empty process `$paramod$c8ea1368b9929af0c8d66661afb8ae1783e33452\gf2n_mul_bitstream.$proc$../../asic_core/rtl/gf2n_mul_bitstream.sv:72$261'.
Found and cleaned up 23 empty switches in `\leanvm_b_stream_alu.$proc$../../asic_core/rtl/leanvm_b_stream_alu.sv:214$135'.
Removing empty process `leanvm_b_stream_alu.$proc$../../asic_core/rtl/leanvm_b_stream_alu.sv:214$135'.
Found and cleaned up 3 empty switches in `\leanvm_b_stream_alu.$proc$../../asic_core/rtl/leanvm_b_stream_alu.sv:118$96'.
Removing empty process `leanvm_b_stream_alu.$proc$../../asic_core/rtl/leanvm_b_stream_alu.sv:118$96'.
Found and cleaned up 8 empty switches in `$paramod$6d15f8570506fca37972d8b0b02db1e36be90044\uart_rx.$proc$uart_rx.sv:32$210'.
Removing empty process `$paramod$6d15f8570506fca37972d8b0b02db1e36be90044\uart_rx.$proc$uart_rx.sv:32$210'.
Removing empty process `$paramod$6d15f8570506fca37972d8b0b02db1e36be90044\uart_rx.$proc$uart_rx.sv:22$208'.
Found and cleaned up 5 empty switches in `$paramod$6d15f8570506fca37972d8b0b02db1e36be90044\uart_tx.$proc$uart_tx.sv:22$199'.
Removing empty process `$paramod$6d15f8570506fca37972d8b0b02db1e36be90044\uart_tx.$proc$uart_tx.sv:22$199'.
Removing empty process `uart_bridge.$proc$uart_bridge.sv:23$28'.
Found and cleaned up 4 empty switches in `\uart_bridge.$proc$uart_bridge.sv:139$25'.
Removing empty process `uart_bridge.$proc$uart_bridge.sv:139$25'.
Found and cleaned up 2 empty switches in `\uart_bridge.$proc$uart_bridge.sv:121$17'.
Removing empty process `uart_bridge.$proc$uart_bridge.sv:121$17'.
Found and cleaned up 4 empty switches in `\uart_bridge.$proc$uart_bridge.sv:103$15'.
Removing empty process `uart_bridge.$proc$uart_bridge.sv:103$15'.
Found and cleaned up 1 empty switch in `\uart_bridge.$proc$uart_bridge.sv:86$9'.
Removing empty process `uart_bridge.$proc$uart_bridge.sv:86$9'.
Removing empty process `uart_bridge.$proc$uart_bridge.sv:24$4'.
Removing empty process `ulx3s_top.$proc$ulx3s_top.sv:33$1'.
Cleaned up 57 empty switches.

10.12. Executing OPT_EXPR pass (perform const folding).
Optimizing module $paramod$c8ea1368b9929af0c8d66661afb8ae1783e33452\gf2n_mul_bitstream.
<suppressed ~36 debug messages>
Optimizing module gf128_mul_bitstream.
Optimizing module leanvm_b_stream_alu.
<suppressed ~17 debug messages>
Optimizing module lean_silicon_lsc1.
<suppressed ~1 debug messages>
Optimizing module $paramod$6d15f8570506fca37972d8b0b02db1e36be90044\uart_rx.
<suppressed ~59 debug messages>
Optimizing module $paramod$6d15f8570506fca37972d8b0b02db1e36be90044\uart_tx.
<suppressed ~5 debug messages>
Optimizing module uart_bridge.
<suppressed ~7 debug messages>
Optimizing module ulx3s_top.

11. Executing CHECK pass (checking for obvious problems).
Checking module $paramod$c8ea1368b9929af0c8d66661afb8ae1783e33452\gf2n_mul_bitstream...
Checking module gf128_mul_bitstream...
Checking module leanvm_b_stream_alu...
Checking module lean_silicon_lsc1...
Checking module $paramod$6d15f8570506fca37972d8b0b02db1e36be90044\uart_rx...
Checking module $paramod$6d15f8570506fca37972d8b0b02db1e36be90044\uart_tx...
Checking module uart_bridge...
Checking module ulx3s_top...
Found and reported 0 problems.

12. Executing SYNTH_ECP5 pass.

12.1. Executing Verilog-2005 frontend: /usr/bin/../share/yosys/ecp5/cells_sim.v
Parsing Verilog input from `/usr/bin/../share/yosys/ecp5/cells_sim.v' to AST representation.
Generating RTLIL representation for module `\LUT4'.
Generating RTLIL representation for module `\$__ABC9_LUT5'.
Generating RTLIL representation for module `\$__ABC9_LUT6'.
Generating RTLIL representation for module `\$__ABC9_LUT7'.
Generating RTLIL representation for module `\L6MUX21'.
Generating RTLIL representation for module `\CCU2C'.
Generating RTLIL representation for module `\TRELLIS_RAM16X2'.
Generating RTLIL representation for module `\PFUMX'.
Generating RTLIL representation for module `\TRELLIS_DPR16X4'.
Generating RTLIL representation for module `\DPR16X4C'.
Generating RTLIL representation for module `\LUT2'.
Generating RTLIL representation for module `\TRELLIS_FF'.
Generating RTLIL representation for module `\TRELLIS_IO'.
Generating RTLIL representation for module `\INV'.
Generating RTLIL representation for module `\TRELLIS_COMB'.
Generating RTLIL representation for module `\DP16KD'.
Generating RTLIL representation for module `\FD1P3AX'.
Generating RTLIL representation for module `\FD1P3AY'.
Generating RTLIL representation for module `\FD1P3BX'.
Generating RTLIL representation for module `\FD1P3DX'.
Generating RTLIL representation for module `\FD1P3IX'.
Generating RTLIL representation for module `\FD1P3JX'.
Generating RTLIL representation for module `\FD1S3AX'.
Generating RTLIL representation for module `\FD1S3AY'.
Generating RTLIL representation for module `\FD1S3BX'.
Generating RTLIL representation for module `\FD1S3DX'.
Generating RTLIL representation for module `\FD1S3IX'.
Generating RTLIL representation for module `\FD1S3JX'.
Generating RTLIL representation for module `\IFS1P3BX'.
Generating RTLIL representation for module `\IFS1P3DX'.
Generating RTLIL representation for module `\IFS1P3IX'.
Generating RTLIL representation for module `\IFS1P3JX'.
Generating RTLIL representation for module `\OFS1P3BX'.
Generating RTLIL representation for module `\OFS1P3DX'.
Generating RTLIL representation for module `\OFS1P3IX'.
Generating RTLIL representation for module `\OFS1P3JX'.
Generating RTLIL representation for module `\IB'.
Generating RTLIL representation for module `\IBPU'.
Generating RTLIL representation for module `\IBPD'.
Generating RTLIL representation for module `\OB'.
Generating RTLIL representation for module `\OBZ'.
Generating RTLIL representation for module `\OBZPU'.
Generating RTLIL representation for module `\OBZPD'.
Generating RTLIL representation for module `\OBCO'.
Generating RTLIL representation for module `\BB'.
Generating RTLIL representation for module `\BBPU'.
Generating RTLIL representation for module `\BBPD'.
Generating RTLIL representation for module `\ILVDS'.
Generating RTLIL representation for module `\OLVDS'.
Successfully finished Verilog frontend.

12.2. Executing Verilog-2005 frontend: /usr/bin/../share/yosys/ecp5/cells_bb.v
Parsing Verilog input from `/usr/bin/../share/yosys/ecp5/cells_bb.v' to AST representation.
Generating RTLIL representation for module `\MULT18X18D'.
Generating RTLIL representation for module `\ALU54B'.
Generating RTLIL representation for module `\EHXPLLL'.
Generating RTLIL representation for module `\DTR'.
Generating RTLIL representation for module `\OSCG'.
Generating RTLIL representation for module `\USRMCLK'.
Generating RTLIL representation for module `\JTAGG'.
Generating RTLIL representation for module `\DELAYF'.
Generating RTLIL representation for module `\DELAYG'.
Generating RTLIL representation for module `\IDDRX1F'.
Generating RTLIL representation for module `\IDDRX2F'.
Generating RTLIL representation for module `\IDDR71B'.
Generating RTLIL representation for module `\IDDRX2DQA'.
Generating RTLIL representation for module `\ODDRX1F'.
Generating RTLIL representation for module `\ODDRX2F'.
Generating RTLIL representation for module `\ODDR71B'.
Generating RTLIL representation for module `\OSHX2A'.
Generating RTLIL representation for module `\ODDRX2DQA'.
Generating RTLIL representation for module `\ODDRX2DQSB'.
Generating RTLIL representation for module `\TSHX2DQA'.
Generating RTLIL representation for module `\TSHX2DQSA'.
Generating RTLIL representation for module `\DQSBUFM'.
Generating RTLIL representation for module `\DDRDLLA'.
Generating RTLIL representation for module `\DLLDELD'.
Generating RTLIL representation for module `\CLKDIVF'.
Generating RTLIL representation for module `\ECLKSYNCB'.
Generating RTLIL representation for module `\ECLKBRIDGECS'.
Generating RTLIL representation for module `\DCCA'.
Generating RTLIL representation for module `\DCSC'.
Generating RTLIL representation for module `\DCUA'.
Generating RTLIL representation for module `\EXTREFB'.
Generating RTLIL representation for module `\PCSCLKDIV'.
Generating RTLIL representation for module `\PUR'.
Generating RTLIL representation for module `\GSR'.
Generating RTLIL representation for module `\SGSR'.
Generating RTLIL representation for module `\PDPW16KD'.
Successfully finished Verilog frontend.

12.3. Executing HIERARCHY pass (managing design hierarchy).

12.3.1. Analyzing design hierarchy..
Top module:  \ulx3s_top
Used module:     \uart_bridge
Used module:         \lean_silicon_lsc1
Used module:             \leanvm_b_stream_alu
Used module:                 \gf128_mul_bitstream
Used module:                     $paramod$c8ea1368b9929af0c8d66661afb8ae1783e33452\gf2n_mul_bitstream
Used module:         $paramod$6d15f8570506fca37972d8b0b02db1e36be90044\uart_tx
Used module:         $paramod$6d15f8570506fca37972d8b0b02db1e36be90044\uart_rx

12.3.2. Analyzing design hierarchy..
Top module:  \ulx3s_top
Used module:     \uart_bridge
Used module:         \lean_silicon_lsc1
Used module:             \leanvm_b_stream_alu
Used module:                 \gf128_mul_bitstream
Used module:                     $paramod$c8ea1368b9929af0c8d66661afb8ae1783e33452\gf2n_mul_bitstream
Used module:         $paramod$6d15f8570506fca37972d8b0b02db1e36be90044\uart_tx
Used module:         $paramod$6d15f8570506fca37972d8b0b02db1e36be90044\uart_rx
Removed 0 unused modules.

12.4. Executing PROC pass (convert processes to netlists).

12.4.1. Executing PROC_CLEAN pass (remove empty switches from decision trees).
Found and cleaned up 1 empty switch in `\TRELLIS_DPR16X4.$proc$/usr/bin/../share/yosys/ecp5/cells_sim.v:213$1409'.
Cleaned up 1 empty switch.

12.4.2. Executing PROC_RMDEAD pass (remove dead branches from decision trees).
Marked 1 switch rules as full_case in process $proc$/usr/bin/../share/yosys/ecp5/cells_sim.v:350$1516 in module TRELLIS_FF.
Marked 1 switch rules as full_case in process $proc$/usr/bin/../share/yosys/ecp5/cells_sim.v:285$1468 in module DPR16X4C.
Marked 1 switch rules as full_case in process $proc$/usr/bin/../share/yosys/ecp5/cells_sim.v:221$1410 in module TRELLIS_DPR16X4.
Removed a total of 0 dead cases.

12.4.3. Executing PROC_PRUNE pass (remove redundant assignments in processes).
Removed 0 redundant assignments.
Promoted 42 assignments to connections.

12.4.4. Executing PROC_INIT pass (extract init attributes).
Found init rule in `\TRELLIS_FF.$proc$/usr/bin/../share/yosys/ecp5/cells_sim.v:0$1517'.
  Set init value: \Q = 1'0

12.4.5. Executing PROC_ARST pass (detect async resets in processes).

12.4.6. Executing PROC_ROM pass (convert switches to ROMs).
Converted 0 switches.
<suppressed ~4 debug messages>

12.4.7. Executing PROC_MUX pass (convert decision trees to multiplexers).
Creating decoders for process `\TRELLIS_FF.$proc$/usr/bin/../share/yosys/ecp5/cells_sim.v:0$1517'.
Creating decoders for process `\TRELLIS_FF.$proc$/usr/bin/../share/yosys/ecp5/cells_sim.v:350$1516'.
     1/1: $0\Q[0:0]
Creating decoders for process `\DPR16X4C.$proc$/usr/bin/../share/yosys/ecp5/cells_sim.v:0$1491'.
Creating decoders for process `\DPR16X4C.$proc$/usr/bin/../share/yosys/ecp5/cells_sim.v:285$1468'.
     1/3: $1$memwr$\ram$/usr/bin/../share/yosys/ecp5/cells_sim.v:287$1467_EN[3:0]$1474
     2/3: $1$memwr$\ram$/usr/bin/../share/yosys/ecp5/cells_sim.v:287$1467_DATA[3:0]$1473
     3/3: $1$memwr$\ram$/usr/bin/../share/yosys/ecp5/cells_sim.v:287$1467_ADDR[3:0]$1472
Creating decoders for process `\TRELLIS_DPR16X4.$proc$/usr/bin/../share/yosys/ecp5/cells_sim.v:0$1434'.
Creating decoders for process `\TRELLIS_DPR16X4.$proc$/usr/bin/../share/yosys/ecp5/cells_sim.v:221$1410'.
     1/3: $1$memwr$\mem$/usr/bin/../share/yosys/ecp5/cells_sim.v:223$1408_EN[3:0]$1416
     2/3: $1$memwr$\mem$/usr/bin/../share/yosys/ecp5/cells_sim.v:223$1408_DATA[3:0]$1415
     3/3: $1$memwr$\mem$/usr/bin/../share/yosys/ecp5/cells_sim.v:223$1408_ADDR[3:0]$1414
Creating decoders for process `\TRELLIS_DPR16X4.$proc$/usr/bin/../share/yosys/ecp5/cells_sim.v:213$1409'.

12.4.8. Executing PROC_DLATCH pass (convert process syncs to latches).

12.4.9. Executing PROC_DFF pass (convert process syncs to FFs).
Creating register for signal `\TRELLIS_FF.\Q' using process `\TRELLIS_FF.$proc$/usr/bin/../share/yosys/ecp5/cells_sim.v:350$1516'.
  created $dff cell `$procdff$1541' with positive edge clock.
Creating register for signal `\DPR16X4C.\i' using process `\DPR16X4C.$proc$/usr/bin/../share/yosys/ecp5/cells_sim.v:0$1491'.
  created direct connection (no actual register cell created).
Creating register for signal `\DPR16X4C.$memwr$\ram$/usr/bin/../share/yosys/ecp5/cells_sim.v:281$1452_EN' using process `\DPR16X4C.$proc$/usr/bin/../share/yosys/ecp5/cells_sim.v:0$1491'.
  created direct connection (no actual register cell created).
Creating register for signal `\DPR16X4C.$memwr$\ram$/usr/bin/../share/yosys/ecp5/cells_sim.v:281$1453_EN' using process `\DPR16X4C.$proc$/usr/bin/../share/yosys/ecp5/cells_sim.v:0$1491'.
  created direct connection (no actual register cell created).
Creating register for signal `\DPR16X4C.$memwr$\ram$/usr/bin/../share/yosys/ecp5/cells_sim.v:281$1454_EN' using process `\DPR16X4C.$proc$/usr/bin/../share/yosys/ecp5/cells_sim.v:0$1491'.
  created direct connection (no actual register cell created).
Creating register for signal `\DPR16X4C.$memwr$\ram$/usr/bin/../share/yosys/ecp5/cells_sim.v:281$1455_EN' using process `\DPR16X4C.$proc$/usr/bin/../share/yosys/ecp5/cells_sim.v:0$1491'.
  created direct connection (no actual register cell created).
Creating register for signal `\DPR16X4C.$memwr$\ram$/usr/bin/../share/yosys/ecp5/cells_sim.v:281$1456_EN' using process `\DPR16X4C.$proc$/usr/bin/../share/yosys/ecp5/cells_sim.v:0$1491'.
  created direct connection (no actual register cell created).
Creating register for signal `\DPR16X4C.$memwr$\ram$/usr/bin/../share/yosys/ecp5/cells_sim.v:281$1457_EN' using process `\DPR16X4C.$proc$/usr/bin/../share/yosys/ecp5/cells_sim.v:0$1491'.
  created direct connection (no actual register cell created).
Creating register for signal `\DPR16X4C.$memwr$\ram$/usr/bin/../share/yosys/ecp5/cells_sim.v:281$1458_EN' using process `\DPR16X4C.$proc$/usr/bin/../share/yosys/ecp5/cells_sim.v:0$1491'.
  created direct connection (no actual register cell created).
Creating register for signal `\DPR16X4C.$memwr$\ram$/usr/bin/../share/yosys/ecp5/cells_sim.v:281$1459_EN' using process `\DPR16X4C.$proc$/usr/bin/../share/yosys/ecp5/cells_sim.v:0$1491'.
  created direct connection (no actual register cell created).
Creating register for signal `\DPR16X4C.$memwr$\ram$/usr/bin/../share/yosys/ecp5/cells_sim.v:281$1460_EN' using process `\DPR16X4C.$proc$/usr/bin/../share/yosys/ecp5/cells_sim.v:0$1491'.
  created direct connection (no actual register cell created).
Creating register for signal `\DPR16X4C.$memwr$\ram$/usr/bin/../share/yosys/ecp5/cells_sim.v:281$1461_EN' using process `\DPR16X4C.$proc$/usr/bin/../share/yosys/ecp5/cells_sim.v:0$1491'.
  created direct connection (no actual register cell created).
Creating register for signal `\DPR16X4C.$memwr$\ram$/usr/bin/../share/yosys/ecp5/cells_sim.v:281$1462_EN' using process `\DPR16X4C.$proc$/usr/bin/../share/yosys/ecp5/cells_sim.v:0$1491'.
  created direct connection (no actual register cell created).
Creating register for signal `\DPR16X4C.$memwr$\ram$/usr/bin/../share/yosys/ecp5/cells_sim.v:281$1463_EN' using process `\DPR16X4C.$proc$/usr/bin/../share/yosys/ecp5/cells_sim.v:0$1491'.
  created direct connection (no actual register cell created).
Creating register for signal `\DPR16X4C.$memwr$\ram$/usr/bin/../share/yosys/ecp5/cells_sim.v:281$1464_EN' using process `\DPR16X4C.$proc$/usr/bin/../share/yosys/ecp5/cells_sim.v:0$1491'.
  created direct connection (no actual register cell created).
Creating register for signal `\DPR16X4C.$memwr$\ram$/usr/bin/../share/yosys/ecp5/cells_sim.v:281$1465_EN' using process `\DPR16X4C.$proc$/usr/bin/../share/yosys/ecp5/cells_sim.v:0$1491'.
  created direct connection (no actual register cell created).
Creating register for signal `\DPR16X4C.$memwr$\ram$/usr/bin/../share/yosys/ecp5/cells_sim.v:281$1466_EN' using process `\DPR16X4C.$proc$/usr/bin/../share/yosys/ecp5/cells_sim.v:0$1491'.
  created direct connection (no actual register cell created).
Creating register for signal `\DPR16X4C.$memwr$\ram$/usr/bin/../share/yosys/ecp5/cells_sim.v:287$1467_ADDR' using process `\DPR16X4C.$proc$/usr/bin/../share/yosys/ecp5/cells_sim.v:285$1468'.
  created $dff cell `$procdff$1542' with positive edge clock.
Creating register for signal `\DPR16X4C.$memwr$\ram$/usr/bin/../share/yosys/ecp5/cells_sim.v:287$1467_DATA' using process `\DPR16X4C.$proc$/usr/bin/../share/yosys/ecp5/cells_sim.v:285$1468'.
  created $dff cell `$procdff$1543' with positive edge clock.
Creating register for signal `\DPR16X4C.$memwr$\ram$/usr/bin/../share/yosys/ecp5/cells_sim.v:287$1467_EN' using process `\DPR16X4C.$proc$/usr/bin/../share/yosys/ecp5/cells_sim.v:285$1468'.
  created $dff cell `$procdff$1544' with positive edge clock.
Creating register for signal `\TRELLIS_DPR16X4.\i' using process `\TRELLIS_DPR16X4.$proc$/usr/bin/../share/yosys/ecp5/cells_sim.v:0$1434'.
  created direct connection (no actual register cell created).
Creating register for signal `\TRELLIS_DPR16X4.$memwr$\mem$/usr/bin/../share/yosys/ecp5/cells_sim.v:207$1392_EN' using process `\TRELLIS_DPR16X4.$proc$/usr/bin/../share/yosys/ecp5/cells_sim.v:0$1434'.
  created direct connection (no actual register cell created).
Creating register for signal `\TRELLIS_DPR16X4.$memwr$\mem$/usr/bin/../share/yosys/ecp5/cells_sim.v:207$1393_EN' using process `\TRELLIS_DPR16X4.$proc$/usr/bin/../share/yosys/ecp5/cells_sim.v:0$1434'.
  created direct connection (no actual register cell created).
Creating register for signal `\TRELLIS_DPR16X4.$memwr$\mem$/usr/bin/../share/yosys/ecp5/cells_sim.v:207$1394_EN' using process `\TRELLIS_DPR16X4.$proc$/usr/bin/../share/yosys/ecp5/cells_sim.v:0$1434'.
  created direct connection (no actual register cell created).
Creating register for signal `\TRELLIS_DPR16X4.$memwr$\mem$/usr/bin/../share/yosys/ecp5/cells_sim.v:207$1395_EN' using process `\TRELLIS_DPR16X4.$proc$/usr/bin/../share/yosys/ecp5/cells_sim.v:0$1434'.
  created direct connection (no actual register cell created).
Creating register for signal `\TRELLIS_DPR16X4.$memwr$\mem$/usr/bin/../share/yosys/ecp5/cells_sim.v:207$1396_EN' using process `\TRELLIS_DPR16X4.$proc$/usr/bin/../share/yosys/ecp5/cells_sim.v:0$1434'.
  created direct connection (no actual register cell created).
Creating register for signal `\TRELLIS_DPR16X4.$memwr$\mem$/usr/bin/../share/yosys/ecp5/cells_sim.v:207$1397_EN' using process `\TRELLIS_DPR16X4.$proc$/usr/bin/../share/yosys/ecp5/cells_sim.v:0$1434'.
  created direct connection (no actual register cell created).
Creating register for signal `\TRELLIS_DPR16X4.$memwr$\mem$/usr/bin/../share/yosys/ecp5/cells_sim.v:207$1398_EN' using process `\TRELLIS_DPR16X4.$proc$/usr/bin/../share/yosys/ecp5/cells_sim.v:0$1434'.
  created direct connection (no actual register cell created).
Creating register for signal `\TRELLIS_DPR16X4.$memwr$\mem$/usr/bin/../share/yosys/ecp5/cells_sim.v:207$1399_EN' using process `\TRELLIS_DPR16X4.$proc$/usr/bin/../share/yosys/ecp5/cells_sim.v:0$1434'.
  created direct connection (no actual register cell created).
Creating register for signal `\TRELLIS_DPR16X4.$memwr$\mem$/usr/bin/../share/yosys/ecp5/cells_sim.v:207$1400_EN' using process `\TRELLIS_DPR16X4.$proc$/usr/bin/../share/yosys/ecp5/cells_sim.v:0$1434'.
  created direct connection (no actual register cell created).
Creating register for signal `\TRELLIS_DPR16X4.$memwr$\mem$/usr/bin/../share/yosys/ecp5/cells_sim.v:207$1401_EN' using process `\TRELLIS_DPR16X4.$proc$/usr/bin/../share/yosys/ecp5/cells_sim.v:0$1434'.
  created direct connection (no actual register cell created).
Creating register for signal `\TRELLIS_DPR16X4.$memwr$\mem$/usr/bin/../share/yosys/ecp5/cells_sim.v:207$1402_EN' using process `\TRELLIS_DPR16X4.$proc$/usr/bin/../share/yosys/ecp5/cells_sim.v:0$1434'.
  created direct connection (no actual register cell created).
Creating register for signal `\TRELLIS_DPR16X4.$memwr$\mem$/usr/bin/../share/yosys/ecp5/cells_sim.v:207$1403_EN' using process `\TRELLIS_DPR16X4.$proc$/usr/bin/../share/yosys/ecp5/cells_sim.v:0$1434'.
  created direct connection (no actual register cell created).
Creating register for signal `\TRELLIS_DPR16X4.$memwr$\mem$/usr/bin/../share/yosys/ecp5/cells_sim.v:207$1404_EN' using process `\TRELLIS_DPR16X4.$proc$/usr/bin/../share/yosys/ecp5/cells_sim.v:0$1434'.
  created direct connection (no actual register cell created).
Creating register for signal `\TRELLIS_DPR16X4.$memwr$\mem$/usr/bin/../share/yosys/ecp5/cells_sim.v:207$1405_EN' using process `\TRELLIS_DPR16X4.$proc$/usr/bin/../share/yosys/ecp5/cells_sim.v:0$1434'.
  created direct connection (no actual register cell created).
Creating register for signal `\TRELLIS_DPR16X4.$memwr$\mem$/usr/bin/../share/yosys/ecp5/cells_sim.v:207$1406_EN' using process `\TRELLIS_DPR16X4.$proc$/usr/bin/../share/yosys/ecp5/cells_sim.v:0$1434'.
  created direct connection (no actual register cell created).
Creating register for signal `\TRELLIS_DPR16X4.$memwr$\mem$/usr/bin/../share/yosys/ecp5/cells_sim.v:207$1407_EN' using process `\TRELLIS_DPR16X4.$proc$/usr/bin/../share/yosys/ecp5/cells_sim.v:0$1434'.
  created direct connection (no actual register cell created).
Creating register for signal `\TRELLIS_DPR16X4.$memwr$\mem$/usr/bin/../share/yosys/ecp5/cells_sim.v:223$1408_ADDR' using process `\TRELLIS_DPR16X4.$proc$/usr/bin/../share/yosys/ecp5/cells_sim.v:221$1410'.
  created $dff cell `$procdff$1545' with positive edge clock.
Creating register for signal `\TRELLIS_DPR16X4.$memwr$\mem$/usr/bin/../share/yosys/ecp5/cells_sim.v:223$1408_DATA' using process `\TRELLIS_DPR16X4.$proc$/usr/bin/../share/yosys/ecp5/cells_sim.v:221$1410'.
  created $dff cell `$procdff$1546' with positive edge clock.
Creating register for signal `\TRELLIS_DPR16X4.$memwr$\mem$/usr/bin/../share/yosys/ecp5/cells_sim.v:223$1408_EN' using process `\TRELLIS_DPR16X4.$proc$/usr/bin/../share/yosys/ecp5/cells_sim.v:221$1410'.
  created $dff cell `$procdff$1547' with positive edge clock.
Creating register for signal `\TRELLIS_DPR16X4.\muxwre' using process `\TRELLIS_DPR16X4.$proc$/usr/bin/../share/yosys/ecp5/cells_sim.v:213$1409'.
  created direct connection (no actual register cell created).

12.4.10. Executing PROC_MEMWR pass (convert process memory writes to cells).

12.4.11. Executing PROC_CLEAN pass (remove empty switches from decision trees).
Removing empty process `TRELLIS_FF.$proc$/usr/bin/../share/yosys/ecp5/cells_sim.v:0$1517'.
Found and cleaned up 2 empty switches in `\TRELLIS_FF.$proc$/usr/bin/../share/yosys/ecp5/cells_sim.v:350$1516'.
Removing empty process `TRELLIS_FF.$proc$/usr/bin/../share/yosys/ecp5/cells_sim.v:350$1516'.
Removing empty process `DPR16X4C.$proc$/usr/bin/../share/yosys/ecp5/cells_sim.v:0$1491'.
Found and cleaned up 1 empty switch in `\DPR16X4C.$proc$/usr/bin/../share/yosys/ecp5/cells_sim.v:285$1468'.
Removing empty process `TRELLIS_DPR16X4.$proc$/usr/bin/../share/yosys/ecp5/cells_sim.v:0$1434'.
Found and cleaned up 1 empty switch in `\TRELLIS_DPR16X4.$proc$/usr/bin/../share/yosys/ecp5/cells_sim.v:221$1410'.
Removing empty process `TRELLIS_DPR16X4.$proc$/usr/bin/../share/yosys/ecp5/cells_sim.v:213$1409'.
Cleaned up 4 empty switches.

12.4.12. Executing OPT_EXPR pass (perform const folding).
Optimizing module $paramod$c8ea1368b9929af0c8d66661afb8ae1783e33452\gf2n_mul_bitstream.
Optimizing module gf128_mul_bitstream.
Optimizing module leanvm_b_stream_alu.
Optimizing module lean_silicon_lsc1.
Optimizing module $paramod$6d15f8570506fca37972d8b0b02db1e36be90044\uart_rx.
Optimizing module $paramod$6d15f8570506fca37972d8b0b02db1e36be90044\uart_tx.
Optimizing module uart_bridge.
Optimizing module ulx3s_top.

12.5. Executing FLATTEN pass (flatten design).
Deleting now unused module $paramod$c8ea1368b9929af0c8d66661afb8ae1783e33452\gf2n_mul_bitstream.
Deleting now unused module gf128_mul_bitstream.
Deleting now unused module leanvm_b_stream_alu.
Deleting now unused module lean_silicon_lsc1.
Deleting now unused module $paramod$6d15f8570506fca37972d8b0b02db1e36be90044\uart_rx.
Deleting now unused module $paramod$6d15f8570506fca37972d8b0b02db1e36be90044\uart_tx.
Deleting now unused module uart_bridge.
<suppressed ~7 debug messages>

12.6. Executing TRIBUF pass.

12.7. Executing DEMINOUT pass (demote inout ports to input or output).

12.8. Executing OPT_EXPR pass (perform const folding).
Optimizing module ulx3s_top.
<suppressed ~2 debug messages>

12.9. Executing OPT_CLEAN pass (remove unused cells and wires).
Finding unused cells or wires in module \ulx3s_top..
Removed 201 unused cells and 617 unused wires.
<suppressed ~214 debug messages>

12.10. Executing CHECK pass (checking for obvious problems).
Checking module ulx3s_top...
Found and reported 0 problems.

12.11. Executing OPT pass (performing simple optimizations).

12.11.1. Executing OPT_EXPR pass (perform const folding).
Optimizing module ulx3s_top.

12.11.2. Executing OPT_MERGE pass (detect identical cells).
Finding identical cells in module `\ulx3s_top'.
<suppressed ~204 debug messages>
Removed a total of 68 cells.

12.11.3. Executing OPT_MUXTREE pass (detect dead branches in mux trees).
Running muxtree optimizer on module \ulx3s_top..
  Creating internal representation of mux trees.
  Evaluating internal representation of mux trees.
      Replacing known input bits on port A of cell $flatten\g_uart.u_bridge.\urx.$procmux$1088: \g_uart.u_bridge.urx.receiving -> 1'1
      Replacing known input bits on port A of cell $flatten\g_uart.u_bridge.\urx.$procmux$1084: \g_uart.u_bridge.urx.receiving -> 1'1
      Replacing known input bits on port B of cell $flatten\g_uart.u_bridge.\urx.$procmux$1080: \g_uart.u_bridge.urx.receiving -> 1'1
      Replacing known input bits on port B of cell $flatten\g_uart.u_bridge.\urx.$procmux$1091: \g_uart.u_bridge.urx.receiving -> 1'0
      Replacing known input bits on port A of cell $flatten\g_uart.u_bridge.\utx.$procmux$1199: \g_uart.u_bridge.utx.tx_ready -> 1'1
      Replacing known input bits on port A of cell $flatten\g_uart.u_bridge.\utx.$procmux$1196: \g_uart.u_bridge.utx.tx_ready -> 1'0
      Replacing known input bits on port A of cell $flatten\g_uart.u_bridge.\utx.$procmux$1194: \g_uart.u_bridge.utx.tx_ready -> 1'0
  Analyzing evaluation results.
    dead port 2/2 on $mux $flatten\g_uart.u_bridge.\asic.\datapath_seed.$procmux$760.
    dead port 2/2 on $mux $flatten\g_uart.u_bridge.\asic.\datapath_seed.$procmux$772.
    dead port 2/2 on $mux $flatten\g_uart.u_bridge.\asic.\datapath_seed.$procmux$784.
    dead port 2/2 on $mux $flatten\g_uart.u_bridge.\asic.\datapath_seed.$procmux$796.
    dead port 2/2 on $mux $flatten\g_uart.u_bridge.\urx.$procmux$1010.
    dead port 1/2 on $mux $flatten\g_uart.u_bridge.\urx.$procmux$867.
    dead port 2/2 on $mux $flatten\g_uart.u_bridge.\urx.$procmux$869.
    dead port 2/2 on $mux $flatten\g_uart.u_bridge.\urx.$procmux$872.
    dead port 2/2 on $mux $flatten\g_uart.u_bridge.\urx.$procmux$875.
    dead port 2/2 on $mux $flatten\g_uart.u_bridge.\urx.$procmux$926.
    dead port 2/2 on $mux $flatten\g_uart.u_bridge.\urx.$procmux$929.
    dead port 2/2 on $mux $flatten\g_uart.u_bridge.\urx.$procmux$932.
    dead port 2/2 on $mux $flatten\g_uart.u_bridge.\urx.$procmux$974.
    dead port 2/2 on $mux $flatten\g_uart.u_bridge.\urx.$procmux$977.
Removed 14 multiplexer ports.
<suppressed ~31 debug messages>

12.11.4. Executing OPT_REDUCE pass (consolidate $*mux and $reduce_* inputs).
  Optimizing cells in module \ulx3s_top.
    New ctrl vector for $pmux cell $flatten\g_uart.u_bridge.\asic.\datapath_seed.$procmux$755: { $auto$opt_reduce.cc:134:opt_pmux$1549 $flatten\g_uart.u_bridge.\asic.\datapath_seed.$procmux$757_CMP $flatten\g_uart.u_bridge.\asic.\datapath_seed.$eq$../../asic_core/rtl/leanvm_b_stream_alu.sv:333$152_Y }
    New ctrl vector for $pmux cell $flatten\g_uart.u_bridge.\asic.\datapath_seed.$procmux$803: { $auto$opt_reduce.cc:134:opt_pmux$1553 $flatten\g_uart.u_bridge.\asic.\datapath_seed.$procmux$588_CMP $auto$opt_reduce.cc:134:opt_pmux$1551 }
    New ctrl vector for $pmux cell $flatten\g_uart.u_bridge.\asic.\datapath_seed.$procmux$847: { $auto$opt_reduce.cc:134:opt_pmux$1557 $flatten\g_uart.u_bridge.\asic.\datapath_seed.$procmux$588_CMP $auto$opt_reduce.cc:134:opt_pmux$1555 }
  Optimizing cells in module \ulx3s_top.
Performed a total of 3 changes.

12.11.5. Executing OPT_MERGE pass (detect identical cells).
Finding identical cells in module `\ulx3s_top'.
<suppressed ~33 debug messages>
Removed a total of 11 cells.

12.11.6. Executing OPT_DFF pass (perform DFF optimizations).

12.11.7. Executing OPT_CLEAN pass (remove unused cells and wires).
Finding unused cells or wires in module \ulx3s_top..
Removed 0 unused cells and 93 unused wires.
<suppressed ~3 debug messages>

12.11.8. Executing OPT_EXPR pass (perform const folding).
Optimizing module ulx3s_top.

12.11.9. Rerunning OPT passes. (Maybe there is more to do..)

12.11.10. Executing OPT_MUXTREE pass (detect dead branches in mux trees).
Running muxtree optimizer on module \ulx3s_top..
  Creating internal representation of mux trees.
  Evaluating internal representation of mux trees.
  Analyzing evaluation results.
Removed 0 multiplexer ports.
<suppressed ~34 debug messages>

12.11.11. Executing OPT_REDUCE pass (consolidate $*mux and $reduce_* inputs).
  Optimizing cells in module \ulx3s_top.
    New ctrl vector for $pmux cell $flatten\g_uart.u_bridge.\asic.\datapath_seed.$procmux$606: { $flatten\g_uart.u_bridge.\asic.\datapath_seed.$procmux$564_CMP $flatten\g_uart.u_bridge.\asic.\datapath_seed.$procmux$588_CMP $flatten\g_uart.u_bridge.\asic.\datapath_seed.$procmux$626_CMP $flatten\g_uart.u_bridge.\asic.\datapath_seed.$eq$../../asic_core/rtl/leanvm_b_stream_alu.sv:85$90_Y $auto$opt_reduce.cc:134:opt_pmux$1559 $flatten\g_uart.u_bridge.\asic.\datapath_seed.$procmux$607_CMP }
    New ctrl vector for $pmux cell $flatten\g_uart.u_bridge.\asic.\datapath_seed.$procmux$655: { $flatten\g_uart.u_bridge.\asic.\datapath_seed.$procmux$564_CMP $flatten\g_uart.u_bridge.\asic.\datapath_seed.$procmux$563_CMP $flatten\g_uart.u_bridge.\asic.\datapath_seed.$procmux$644_CMP $flatten\g_uart.u_bridge.\asic.\datapath_seed.$procmux$588_CMP $flatten\g_uart.u_bridge.\asic.\datapath_seed.$procmux$626_CMP $flatten\g_uart.u_bridge.\asic.\datapath_seed.$procmux$560_CMP $flatten\g_uart.u_bridge.\asic.\datapath_seed.$eq$../../asic_core/rtl/leanvm_b_stream_alu.sv:85$90_Y $auto$opt_reduce.cc:134:opt_pmux$1561 $flatten\g_uart.u_bridge.\asic.\datapath_seed.$procmux$607_CMP $flatten\g_uart.u_bridge.\asic.\datapath_seed.$procmux$656_CMP }
  Optimizing cells in module \ulx3s_top.
Performed a total of 2 changes.

12.11.12. Executing OPT_MERGE pass (detect identical cells).
Finding identical cells in module `\ulx3s_top'.
Removed a total of 0 cells.

12.11.13. Executing OPT_DFF pass (perform DFF optimizations).

12.11.14. Executing OPT_CLEAN pass (remove unused cells and wires).
Finding unused cells or wires in module \ulx3s_top..

12.11.15. Executing OPT_EXPR pass (perform const folding).
Optimizing module ulx3s_top.

12.11.16. Rerunning OPT passes. (Maybe there is more to do..)

12.11.17. Executing OPT_MUXTREE pass (detect dead branches in mux trees).
Running muxtree optimizer on module \ulx3s_top..
  Creating internal representation of mux trees.
  Evaluating internal representation of mux trees.
  Analyzing evaluation results.
Removed 0 multiplexer ports.
<suppressed ~34 debug messages>

12.11.18. Executing OPT_REDUCE pass (consolidate $*mux and $reduce_* inputs).
  Optimizing cells in module \ulx3s_top.
Performed a total of 0 changes.

12.11.19. Executing OPT_MERGE pass (detect identical cells).
Finding identical cells in module `\ulx3s_top'.
Removed a total of 0 cells.

12.11.20. Executing OPT_DFF pass (perform DFF optimizations).

12.11.21. Executing OPT_CLEAN pass (remove unused cells and wires).
Finding unused cells or wires in module \ulx3s_top..

12.11.22. Executing OPT_EXPR pass (perform const folding).
Optimizing module ulx3s_top.

12.11.23. Finished OPT passes. (There is nothing left to do.)

12.12. Executing FSM pass (extract and optimize FSM).

12.12.1. Executing FSM_DETECT pass (finding FSMs in design).
Found FSM state register ulx3s_top.g_uart.u_bridge.asic.datapath_seed.state.

12.12.2. Executing FSM_EXTRACT pass (extracting FSM from design).
Extracting FSM `\g_uart.u_bridge.asic.datapath_seed.state' from module `\ulx3s_top'.
  found $dff cell for state register: $flatten\g_uart.u_bridge.\asic.\datapath_seed.$procdff$1264
  root of input selection tree: $flatten\g_uart.u_bridge.\asic.\datapath_seed.$0\state[3:0]
  found reset state: 4'0000 (guessed from mux tree)
  found ctrl input: \g_uart.u_bridge.por_shift [7]
  found state code: 4'0000
  found ctrl input: \g_uart.u_bridge.abort_q
  found ctrl input: $flatten\g_uart.u_bridge.\asic.\datapath_seed.$procmux$656_CMP
  found ctrl input: $flatten\g_uart.u_bridge.\asic.\datapath_seed.$procmux$607_CMP
  found ctrl input: $auto$opt_reduce.cc:134:opt_pmux$1561
  found ctrl input: $flatten\g_uart.u_bridge.\asic.\datapath_seed.$eq$../../asic_core/rtl/leanvm_b_stream_alu.sv:85$90_Y
  found ctrl input: $flatten\g_uart.u_bridge.\asic.\datapath_seed.$procmux$560_CMP
  found ctrl input: $flatten\g_uart.u_bridge.\asic.\datapath_seed.$procmux$626_CMP
  found ctrl input: $flatten\g_uart.u_bridge.\asic.\datapath_seed.$procmux$588_CMP
  found ctrl input: $flatten\g_uart.u_bridge.\asic.\datapath_seed.$procmux$644_CMP
  found ctrl input: $flatten\g_uart.u_bridge.\asic.\datapath_seed.$procmux$563_CMP
  found ctrl input: $flatten\g_uart.u_bridge.\asic.\datapath_seed.$procmux$564_CMP
  found state code: 4'1010
  found ctrl input: \g_uart.u_bridge.asic.datapath_seed.tx_fire
  found ctrl input: $flatten\g_uart.u_bridge.\asic.\datapath_seed.$eq$../../asic_core/rtl/leanvm_b_stream_alu.sv:333$152_Y
  found ctrl input: \g_uart.u_bridge.asic.datapath_seed.multiplier.a_last
  found ctrl input: \g_uart.u_bridge.asic.datapath_seed.mul_tail_last
  found state code: 4'0110
  found state code: 4'1000
  found ctrl input: \g_uart.u_bridge.asic.datapath_seed.rx_fire
  found state code: 4'0111
  found state code: 4'0001
  found state code: 4'0010
  found ctrl input: $flatten\g_uart.u_bridge.\asic.\datapath_seed.$procmux$708_CMP
  found ctrl input: $flatten\g_uart.u_bridge.\asic.\datapath_seed.$procmux$709_CMP
  found ctrl input: $flatten\g_uart.u_bridge.\asic.\datapath_seed.$procmux$710_CMP
  found ctrl input: $flatten\g_uart.u_bridge.\asic.\datapath_seed.$procmux$711_CMP
  found ctrl input: $flatten\g_uart.u_bridge.\asic.\datapath_seed.$procmux$712_CMP
  found ctrl input: $flatten\g_uart.u_bridge.\asic.\datapath_seed.$procmux$713_CMP
  found state code: 4'1001
  found state code: 4'0100
  found state code: 4'0011
  found state code: 4'0101
  found ctrl output: $flatten\g_uart.u_bridge.\asic.\datapath_seed.$procmux$656_CMP
  found ctrl output: $flatten\g_uart.u_bridge.\asic.\datapath_seed.$procmux$644_CMP
  found ctrl output: $flatten\g_uart.u_bridge.\asic.\datapath_seed.$procmux$638_CMP
  found ctrl output: $flatten\g_uart.u_bridge.\asic.\datapath_seed.$procmux$626_CMP
  found ctrl output: $flatten\g_uart.u_bridge.\asic.\datapath_seed.$procmux$613_CMP
  found ctrl output: $flatten\g_uart.u_bridge.\asic.\datapath_seed.$procmux$607_CMP
  found ctrl output: $flatten\g_uart.u_bridge.\asic.\datapath_seed.$procmux$588_CMP
  found ctrl output: $flatten\g_uart.u_bridge.\asic.\datapath_seed.$procmux$564_CMP
  found ctrl output: $flatten\g_uart.u_bridge.\asic.\datapath_seed.$procmux$563_CMP
  found ctrl output: $flatten\g_uart.u_bridge.\asic.\datapath_seed.$procmux$560_CMP
  found ctrl output: $flatten\g_uart.u_bridge.\asic.\datapath_seed.$eq$../../asic_core/rtl/leanvm_b_stream_alu.sv:85$90_Y
  ctrl inputs: { \g_uart.u_bridge.por_shift [7] \g_uart.u_bridge.abort_q \g_uart.u_bridge.asic.datapath_seed.mul_tail_last \g_uart.u_bridge.asic.datapath_seed.rx_fire \g_uart.u_bridge.asic.datapath_seed.tx_fire $auto$opt_reduce.cc:134:opt_pmux$1561 $flatten\g_uart.u_bridge.\asic.\datapath_seed.$eq$../../asic_core/rtl/leanvm_b_stream_alu.sv:333$152_Y $flatten\g_uart.u_bridge.\asic.\datapath_seed.$procmux$708_CMP $flatten\g_uart.u_bridge.\asic.\datapath_seed.$procmux$709_CMP $flatten\g_uart.u_bridge.\asic.\datapath_seed.$procmux$710_CMP $flatten\g_uart.u_bridge.\asic.\datapath_seed.$procmux$711_CMP $flatten\g_uart.u_bridge.\asic.\datapath_seed.$procmux$712_CMP $flatten\g_uart.u_bridge.\asic.\datapath_seed.$procmux$713_CMP \g_uart.u_bridge.asic.datapath_seed.multiplier.a_last }
  ctrl outputs: { $flatten\g_uart.u_bridge.\asic.\datapath_seed.$eq$../../asic_core/rtl/leanvm_b_stream_alu.sv:85$90_Y $flatten\g_uart.u_bridge.\asic.\datapath_seed.$0\state[3:0] $flatten\g_uart.u_bridge.\asic.\datapath_seed.$procmux$560_CMP $flatten\g_uart.u_bridge.\asic.\datapath_seed.$procmux$563_CMP $flatten\g_uart.u_bridge.\asic.\datapath_seed.$procmux$564_CMP $flatten\g_uart.u_bridge.\asic.\datapath_seed.$procmux$588_CMP $flatten\g_uart.u_bridge.\asic.\datapath_seed.$procmux$607_CMP $flatten\g_uart.u_bridge.\asic.\datapath_seed.$procmux$613_CMP $flatten\g_uart.u_bridge.\asic.\datapath_seed.$procmux$626_CMP $flatten\g_uart.u_bridge.\asic.\datapath_seed.$procmux$638_CMP $flatten\g_uart.u_bridge.\asic.\datapath_seed.$procmux$644_CMP $flatten\g_uart.u_bridge.\asic.\datapath_seed.$procmux$656_CMP }
  transition:     4'0000 14'0------------- ->     4'0000 15'000000010000000
  transition:     4'0000 14'10-0---------- ->     4'0000 15'000000010000000
  transition:     4'0000 14'10-1---000000- ->     4'1010 15'010100010000000
  transition:     4'0000 14'10-1--------1- ->     4'0001 15'000010010000000
  transition:     4'0000 14'10-1-------1-- ->     4'0101 15'001010010000000
  transition:     4'0000 14'10-1------1--- ->     4'0011 15'000110010000000
  transition:     4'0000 14'10-1-----1---- ->     4'0100 15'001000010000000
  transition:     4'0000 14'10-1----1----- ->     4'1001 15'010010010000000
  transition:     4'0000 14'10-1---1------ ->     4'0000 15'000000010000000
  transition:     4'0000 14'11------------ ->     4'0000 15'000000010000000
  transition:     4'1000 14'0------------- ->     4'0000 15'000000000010000
  transition:     4'1000 14'10--0--------- ->     4'1000 15'010000000010000
  transition:     4'1000 14'10--1--------0 ->     4'1000 15'010000000010000
  transition:     4'1000 14'10--1--------1 ->     4'0000 15'000000000010000
  transition:     4'1000 14'11------------ ->     4'0000 15'000000000010000
  transition:     4'0100 14'0------------- ->     4'0000 15'000000001000000
  transition:     4'0100 14'10-----------0 ->     4'0100 15'001000001000000
  transition:     4'0100 14'10--0--------1 ->     4'0100 15'001000001000000
  transition:     4'0100 14'10--1--------1 ->     4'0000 15'000000001000000
  transition:     4'0100 14'11------------ ->     4'0000 15'000000001000000
  transition:     4'0010 14'0------------- ->     4'0000 15'000000000000010
  transition:     4'0010 14'10--0--------- ->     4'0010 15'000100000000010
  transition:     4'0010 14'10--1--------0 ->     4'0001 15'000010000000010
  transition:     4'0010 14'10--1--------1 ->     4'0000 15'000000000000010
  transition:     4'0010 14'11------------ ->     4'0000 15'000000000000010
  transition:     4'1010 14'0------------- ->     4'0000 15'000000000000001
  transition:     4'1010 14'10--0--------- ->     4'1010 15'010100000000001
  transition:     4'1010 14'10--1--------- ->     4'0000 15'000000000000001
  transition:     4'1010 14'11------------ ->     4'0000 15'000000000000001
  transition:     4'0110 14'0------------- ->     4'0000 15'000001000000000
  transition:     4'0110 14'10-0---------- ->     4'0110 15'001101000000000
  transition:     4'0110 14'10-1---------- ->     4'0111 15'001111000000000
  transition:     4'0110 14'11------------ ->     4'0000 15'000001000000000
  transition:     4'0001 14'0------------- ->     4'0000 15'000000100000000
  transition:     4'0001 14'10-0---------- ->     4'0001 15'000010100000000
  transition:     4'0001 14'10-1---------- ->     4'0010 15'000100100000000
  transition:     4'0001 14'11------------ ->     4'0000 15'000000100000000
  transition:     4'1001 14'0------------- ->     4'0000 15'000000000100000
  transition:     4'1001 14'10--0--------- ->     4'1001 15'010010000100000
  transition:     4'1001 14'10--1-0------- ->     4'1001 15'010010000100000
  transition:     4'1001 14'10--1-1------- ->     4'0000 15'000000000100000
  transition:     4'1001 14'11------------ ->     4'0000 15'000000000100000
  transition:     4'0101 14'0------------- ->     4'0000 15'000000000001000
  transition:     4'0101 14'10-0---------- ->     4'0101 15'001010000001000
  transition:     4'0101 14'10-1---------0 ->     4'0101 15'001010000001000
  transition:     4'0101 14'10-1---------1 ->     4'0110 15'001100000001000
  transition:     4'0101 14'11------------ ->     4'0000 15'000000000001000
  transition:     4'0011 14'0------------- ->     4'0000 15'000000000000100
  transition:     4'0011 14'10--0--------- ->     4'0011 15'000110000000100
  transition:     4'0011 14'10--1--------0 ->     4'0011 15'000110000000100
  transition:     4'0011 14'10--1--------1 ->     4'0000 15'000000000000100
  transition:     4'0011 14'11------------ ->     4'0000 15'000000000000100
  transition:     4'0111 14'0------------- ->     4'0000 15'100000000000000
  transition:     4'0111 14'100----------- ->     4'0111 15'101110000000000
  transition:     4'0111 14'101----------0 ->     4'0110 15'101100000000000
  transition:     4'0111 14'101----------1 ->     4'1000 15'110000000000000
  transition:     4'0111 14'11------------ ->     4'0000 15'100000000000000

12.12.3. Executing FSM_OPT pass (simple optimizations of FSMs).
Optimizing FSM `$fsm$\g_uart.u_bridge.asic.datapath_seed.state$1562' from module `\ulx3s_top'.
  Removing unused input signal $auto$opt_reduce.cc:134:opt_pmux$1561.

12.12.4. Executing OPT_CLEAN pass (remove unused cells and wires).
Finding unused cells or wires in module \ulx3s_top..
Removed 32 unused cells and 32 unused wires.
<suppressed ~33 debug messages>

12.12.5. Executing FSM_OPT pass (simple optimizations of FSMs).
Optimizing FSM `$fsm$\g_uart.u_bridge.asic.datapath_seed.state$1562' from module `\ulx3s_top'.
  Removing unused output signal $flatten\g_uart.u_bridge.\asic.\datapath_seed.$0\state[3:0] [0].
  Removing unused output signal $flatten\g_uart.u_bridge.\asic.\datapath_seed.$0\state[3:0] [1].
  Removing unused output signal $flatten\g_uart.u_bridge.\asic.\datapath_seed.$0\state[3:0] [2].
  Removing unused output signal $flatten\g_uart.u_bridge.\asic.\datapath_seed.$0\state[3:0] [3].

12.12.6. Executing FSM_RECODE pass (re-assigning FSM state encoding).
Recoding FSM `$fsm$\g_uart.u_bridge.asic.datapath_seed.state$1562' from module `\ulx3s_top' using `auto' encoding:
  mapping auto encoding to `one-hot` for this FSM.
  0000 -> ----------1
  1000 -> ---------1-
  0100 -> --------1--
  0010 -> -------1---
  1010 -> ------1----
  0110 -> -----1-----
  0001 -> ----1------
  1001 -> ---1-------
  0101 -> --1--------
  0011 -> -1---------
  0111 -> 1----------

12.12.7. Executing FSM_INFO pass (dumping all available information on FSM cells).

FSM `$fsm$\g_uart.u_bridge.asic.datapath_seed.state$1562' from module `ulx3s_top':
-------------------------------------

  Information on FSM $fsm$\g_uart.u_bridge.asic.datapath_seed.state$1562 (\g_uart.u_bridge.asic.datapath_seed.state):

  Number of input signals:   13
  Number of output signals:  11
  Number of state bits:      11

  Input signals:
    0: \g_uart.u_bridge.asic.datapath_seed.multiplier.a_last
    1: $flatten\g_uart.u_bridge.\asic.\datapath_seed.$procmux$713_CMP
    2: $flatten\g_uart.u_bridge.\asic.\datapath_seed.$procmux$712_CMP
    3: $flatten\g_uart.u_bridge.\asic.\datapath_seed.$procmux$711_CMP
    4: $flatten\g_uart.u_bridge.\asic.\datapath_seed.$procmux$710_CMP
    5: $flatten\g_uart.u_bridge.\asic.\datapath_seed.$procmux$709_CMP
    6: $flatten\g_uart.u_bridge.\asic.\datapath_seed.$procmux$708_CMP
    7: $flatten\g_uart.u_bridge.\asic.\datapath_seed.$eq$../../asic_core/rtl/leanvm_b_stream_alu.sv:333$152_Y
    8: \g_uart.u_bridge.asic.datapath_seed.tx_fire
    9: \g_uart.u_bridge.asic.datapath_seed.rx_fire
   10: \g_uart.u_bridge.asic.datapath_seed.mul_tail_last
   11: \g_uart.u_bridge.abort_q
   12: \g_uart.u_bridge.por_shift [7]

  Output signals:
    0: $flatten\g_uart.u_bridge.\asic.\datapath_seed.$procmux$656_CMP
    1: $flatten\g_uart.u_bridge.\asic.\datapath_seed.$procmux$644_CMP
    2: $flatten\g_uart.u_bridge.\asic.\datapath_seed.$procmux$638_CMP
    3: $flatten\g_uart.u_bridge.\asic.\datapath_seed.$procmux$626_CMP
    4: $flatten\g_uart.u_bridge.\asic.\datapath_seed.$procmux$613_CMP
    5: $flatten\g_uart.u_bridge.\asic.\datapath_seed.$procmux$607_CMP
    6: $flatten\g_uart.u_bridge.\asic.\datapath_seed.$procmux$588_CMP
    7: $flatten\g_uart.u_bridge.\asic.\datapath_seed.$procmux$564_CMP
    8: $flatten\g_uart.u_bridge.\asic.\datapath_seed.$procmux$563_CMP
    9: $flatten\g_uart.u_bridge.\asic.\datapath_seed.$procmux$560_CMP
   10: $flatten\g_uart.u_bridge.\asic.\datapath_seed.$eq$../../asic_core/rtl/leanvm_b_stream_alu.sv:85$90_Y

  State encoding:
    0: 11'----------1  <RESET STATE>
    1: 11'---------1-
    2: 11'--------1--
    3: 11'-------1---
    4: 11'------1----
    5: 11'-----1-----
    6: 11'----1------
    7: 11'---1-------
    8: 11'--1--------
    9: 11'-1---------
   10: 11'1----------

  Transition Table (state_in, ctrl_in, state_out, ctrl_out):
      0:     0 13'10-1--1------   ->     0 11'00010000000
      1:     0 13'10-0---------   ->     0 11'00010000000
      2:     0 13'11-----------   ->     0 11'00010000000
      3:     0 13'0------------   ->     0 11'00010000000
      4:     0 13'10-1----1----   ->     2 11'00010000000
      5:     0 13'10-1--000000-   ->     4 11'00010000000
      6:     0 13'10-1-------1-   ->     6 11'00010000000
      7:     0 13'10-1---1-----   ->     7 11'00010000000
      8:     0 13'10-1------1--   ->     8 11'00010000000
      9:     0 13'10-1-----1---   ->     9 11'00010000000
     10:     1 13'10--1-------1   ->     0 11'00000010000
     11:     1 13'11-----------   ->     0 11'00000010000
     12:     1 13'0------------   ->     0 11'00000010000
     13:     1 13'10--1-------0   ->     1 11'00000010000
     14:     1 13'10--0--------   ->     1 11'00000010000
     15:     2 13'10--1-------1   ->     0 11'00001000000
     16:     2 13'11-----------   ->     0 11'00001000000
     17:     2 13'0------------   ->     0 11'00001000000
     18:     2 13'10----------0   ->     2 11'00001000000
     19:     2 13'10--0-------1   ->     2 11'00001000000
     20:     3 13'10--1-------1   ->     0 11'00000000010
     21:     3 13'11-----------   ->     0 11'00000000010
     22:     3 13'0------------   ->     0 11'00000000010
     23:     3 13'10--0--------   ->     3 11'00000000010
     24:     3 13'10--1-------0   ->     6 11'00000000010
     25:     4 13'10--1--------   ->     0 11'00000000001
     26:     4 13'11-----------   ->     0 11'00000000001
     27:     4 13'0------------   ->     0 11'00000000001
     28:     4 13'10--0--------   ->     4 11'00000000001
     29:     5 13'11-----------   ->     0 11'01000000000
     30:     5 13'0------------   ->     0 11'01000000000
     31:     5 13'10-0---------   ->     5 11'01000000000
     32:     5 13'10-1---------   ->    10 11'01000000000
     33:     6 13'11-----------   ->     0 11'00100000000
     34:     6 13'0------------   ->     0 11'00100000000
     35:     6 13'10-1---------   ->     3 11'00100000000
     36:     6 13'10-0---------   ->     6 11'00100000000
     37:     7 13'10--11-------   ->     0 11'00000100000
     38:     7 13'11-----------   ->     0 11'00000100000
     39:     7 13'0------------   ->     0 11'00000100000
     40:     7 13'10--10-------   ->     7 11'00000100000
     41:     7 13'10--0--------   ->     7 11'00000100000
     42:     8 13'11-----------   ->     0 11'00000001000
     43:     8 13'0------------   ->     0 11'00000001000
     44:     8 13'10-1--------1   ->     5 11'00000001000
     45:     8 13'10-1--------0   ->     8 11'00000001000
     46:     8 13'10-0---------   ->     8 11'00000001000
     47:     9 13'10--1-------1   ->     0 11'00000000100
     48:     9 13'11-----------   ->     0 11'00000000100
     49:     9 13'0------------   ->     0 11'00000000100
     50:     9 13'10--1-------0   ->     9 11'00000000100
     51:     9 13'10--0--------   ->     9 11'00000000100
     52:    10 13'11-----------   ->     0 11'10000000000
     53:    10 13'0------------   ->     0 11'10000000000
     54:    10 13'101---------1   ->     1 11'10000000000
     55:    10 13'101---------0   ->     5 11'10000000000
     56:    10 13'100----------   ->    10 11'10000000000

-------------------------------------

12.12.8. Executing FSM_MAP pass (mapping FSMs to basic logic).
Mapping FSM `$fsm$\g_uart.u_bridge.asic.datapath_seed.state$1562' from module `\ulx3s_top'.

12.13. Executing OPT pass (performing simple optimizations).

12.13.1. Executing OPT_EXPR pass (perform const folding).
Optimizing module ulx3s_top.
<suppressed ~1 debug messages>

12.13.2. Executing OPT_MERGE pass (detect identical cells).
Finding identical cells in module `\ulx3s_top'.
<suppressed ~30 debug messages>
Removed a total of 10 cells.

12.13.3. Executing OPT_MUXTREE pass (detect dead branches in mux trees).
Running muxtree optimizer on module \ulx3s_top..
  Creating internal representation of mux trees.
  Evaluating internal representation of mux trees.
  Analyzing evaluation results.
Removed 0 multiplexer ports.
<suppressed ~32 debug messages>

12.13.4. Executing OPT_REDUCE pass (consolidate $*mux and $reduce_* inputs).
  Optimizing cells in module \ulx3s_top.
Performed a total of 0 changes.

12.13.5. Executing OPT_MERGE pass (detect identical cells).
Finding identical cells in module `\ulx3s_top'.
Removed a total of 0 cells.

12.13.6. Executing OPT_DFF pass (perform DFF optimizations).
Adding SRST signal on $flatten\g_uart.u_bridge.\utx.$procdff$1284 ($dff) from module ulx3s_top (D = $flatten\g_uart.u_bridge.\utx.$procmux$1153_Y, Q = \g_uart.u_bridge.utx.shift, rval = 9'111111111).
Adding EN signal on $auto$ff.cc:266:slice$1724 ($sdff) from module ulx3s_top (D = $flatten\g_uart.u_bridge.\utx.$procmux$1153_Y, Q = \g_uart.u_bridge.utx.shift).
Adding SRST signal on $flatten\g_uart.u_bridge.\utx.$procdff$1283 ($dff) from module ulx3s_top (D = $flatten\g_uart.u_bridge.\utx.$procmux$1167_Y, Q = \g_uart.u_bridge.utx.bit_cnt, rval = 4'0000).
Adding EN signal on $auto$ff.cc:266:slice$1732 ($sdff) from module ulx3s_top (D = $flatten\g_uart.u_bridge.\utx.$procmux$1167_Y, Q = \g_uart.u_bridge.utx.bit_cnt).
Adding SRST signal on $flatten\g_uart.u_bridge.\utx.$procdff$1282 ($dff) from module ulx3s_top (D = $flatten\g_uart.u_bridge.\utx.$procmux$1178_Y, Q = \g_uart.u_bridge.utx.div_cnt, rval = 16'0000000000000000).
Adding EN signal on $auto$ff.cc:266:slice$1740 ($sdff) from module ulx3s_top (D = $flatten\g_uart.u_bridge.\utx.$procmux$1178_Y, Q = \g_uart.u_bridge.utx.div_cnt).
Adding SRST signal on $flatten\g_uart.u_bridge.\utx.$procdff$1281 ($dff) from module ulx3s_top (D = $flatten\g_uart.u_bridge.\utx.$procmux$1184_Y, Q = \g_uart.u_bridge.utx.tx_serial, rval = 1'1).
Adding EN signal on $auto$ff.cc:266:slice$1744 ($sdff) from module ulx3s_top (D = \g_uart.u_bridge.utx.shift [0], Q = \g_uart.u_bridge.utx.tx_serial).
Adding SRST signal on $flatten\g_uart.u_bridge.\utx.$procdff$1280 ($dff) from module ulx3s_top (D = $flatten\g_uart.u_bridge.\utx.$procmux$1201_Y, Q = \g_uart.u_bridge.utx.tx_ready, rval = 1'1).
Adding SRST signal on $flatten\g_uart.u_bridge.\urx.$procdff$1273 ($dff) from module ulx3s_top (D = $flatten\g_uart.u_bridge.\urx.$procmux$1093_Y, Q = \g_uart.u_bridge.urx.receiving, rval = 1'0).
Adding SRST signal on $flatten\g_uart.u_bridge.\urx.$procdff$1272 ($dff) from module ulx3s_top (D = $flatten\g_uart.u_bridge.\urx.$2$lookahead\shift$209[7:0]$224, Q = \g_uart.u_bridge.urx.shift, rval = 8'00000000).
Adding EN signal on $auto$ff.cc:266:slice$1752 ($sdff) from module ulx3s_top (D = $flatten\g_uart.u_bridge.\urx.$or$uart_rx.sv:0$253_Y, Q = \g_uart.u_bridge.urx.shift).
Adding SRST signal on $flatten\g_uart.u_bridge.\urx.$procdff$1271 ($dff) from module ulx3s_top (D = $flatten\g_uart.u_bridge.\urx.$procmux$1113_Y, Q = \g_uart.u_bridge.urx.bit_cnt, rval = 4'0000).
Adding EN signal on $auto$ff.cc:266:slice$1758 ($sdff) from module ulx3s_top (D = $flatten\g_uart.u_bridge.\urx.$procmux$1113_Y, Q = \g_uart.u_bridge.urx.bit_cnt).
Adding SRST signal on $flatten\g_uart.u_bridge.\urx.$procdff$1270 ($dff) from module ulx3s_top (D = $flatten\g_uart.u_bridge.\urx.$procmux$1124_Y, Q = \g_uart.u_bridge.urx.div_cnt, rval = 16'0000000000000000).
Adding EN signal on $auto$ff.cc:266:slice$1770 ($sdff) from module ulx3s_top (D = $flatten\g_uart.u_bridge.\urx.$procmux$1124_Y, Q = \g_uart.u_bridge.urx.div_cnt).
Adding SRST signal on $flatten\g_uart.u_bridge.\urx.$procdff$1269 ($dff) from module ulx3s_top (D = $flatten\g_uart.u_bridge.\urx.$procmux$1032_Y, Q = \g_uart.u_bridge.urx.framing_err, rval = 1'0).
Adding SRST signal on $flatten\g_uart.u_bridge.\urx.$procdff$1268 ($dff) from module ulx3s_top (D = $flatten\g_uart.u_bridge.\urx.$procmux$1050_Y, Q = \g_uart.u_bridge.urx.rx_valid, rval = 1'0).
Adding SRST signal on $flatten\g_uart.u_bridge.\urx.$procdff$1267 ($dff) from module ulx3s_top (D = $flatten\g_uart.u_bridge.\urx.$procmux$1142_Y, Q = \g_uart.u_bridge.urx.rx_data, rval = 8'00000000).
Adding EN signal on $auto$ff.cc:266:slice$1792 ($sdff) from module ulx3s_top (D = \g_uart.u_bridge.urx.shift, Q = \g_uart.u_bridge.urx.rx_data).
Adding SRST signal on $flatten\g_uart.u_bridge.\asic.\datapath_seed.\multiplier.\impl.$procdff$1255 ($dff) from module ulx3s_top (D = $flatten\g_uart.u_bridge.\asic.\datapath_seed.\multiplier.\impl.$procmux$526_Y, Q = \g_uart.u_bridge.asic.datapath_seed.multiplier.impl.accumulator, rval = 128'00000000000000000000000000000000000000000000000000000000000000000000000000000000000000000000000000000000000000000000000000000000).
Adding EN signal on $auto$ff.cc:266:slice$1800 ($sdff) from module ulx3s_top (D = $flatten\g_uart.u_bridge.\asic.\datapath_seed.\multiplier.\impl.$procmux$526_Y, Q = \g_uart.u_bridge.asic.datapath_seed.multiplier.impl.accumulator).
Adding SRST signal on $flatten\g_uart.u_bridge.\asic.\datapath_seed.\multiplier.\impl.$procdff$1254 ($dff) from module ulx3s_top (D = $flatten\g_uart.u_bridge.\asic.\datapath_seed.\multiplier.\impl.$procmux$541_Y, Q = \g_uart.u_bridge.asic.datapath_seed.multiplier.impl.a_shift, rval = 128'00000000000000000000000000000000000000000000000000000000000000000000000000000000000000000000000000000000000000000000000000000000).
Adding EN signal on $auto$ff.cc:266:slice$1812 ($sdff) from module ulx3s_top (D = $flatten\g_uart.u_bridge.\asic.\datapath_seed.\multiplier.\impl.$procmux$541_Y, Q = \g_uart.u_bridge.asic.datapath_seed.multiplier.impl.a_shift).
Adding SRST signal on $flatten\g_uart.u_bridge.\asic.\datapath_seed.$procdff$1266 ($dff) from module ulx3s_top (D = { $flatten\g_uart.u_bridge.\asic.\datapath_seed.$procmux$556_Y $flatten\g_uart.u_bridge.\asic.\datapath_seed.$procmux$578_Y }, Q = \g_uart.u_bridge.asic.datapath_seed.scratch_byte, rval = 8'00000000).
Adding EN signal on $auto$ff.cc:266:slice$1824 ($sdff) from module ulx3s_top (D = $flatten\g_uart.u_bridge.\asic.\datapath_seed.$procmux$578_Y, Q = \g_uart.u_bridge.asic.datapath_seed.scratch_byte [0]).
Adding EN signal on $auto$ff.cc:266:slice$1824 ($sdff) from module ulx3s_top (D = $flatten\g_uart.u_bridge.\asic.\datapath_seed.$procmux$556_Y, Q = \g_uart.u_bridge.asic.datapath_seed.scratch_byte [7:1]).
Adding SRST signal on $flatten\g_uart.u_bridge.\asic.\datapath_seed.$procdff$1265 ($dff) from module ulx3s_top (D = $flatten\g_uart.u_bridge.\asic.\datapath_seed.$procmux$606_Y, Q = \g_uart.u_bridge.asic.datapath_seed.byte_index, rval = 4'0000).
Adding EN signal on $auto$ff.cc:266:slice$1855 ($sdff) from module ulx3s_top (D = $flatten\g_uart.u_bridge.\asic.\datapath_seed.$procmux$606_Y, Q = \g_uart.u_bridge.asic.datapath_seed.byte_index).
Adding SRST signal on $flatten\g_uart.u_bridge.$procdff$1290 ($dff) from module ulx3s_top (D = $flatten\g_uart.u_bridge.$logic_or$uart_bridge.sv:88$11_Y, Q = \g_uart.u_bridge.abort_q, rval = 1'0).
Adding SRST signal on $flatten\g_uart.u_bridge.$procdff$1289 ($dff) from module ulx3s_top (D = $flatten\g_uart.u_bridge.$procmux$1235_Y, Q = \g_uart.u_bridge.rx_data_q, rval = 8'00000000).
Adding EN signal on $auto$ff.cc:266:slice$1882 ($sdff) from module ulx3s_top (D = \g_uart.u_bridge.urx.rx_data, Q = \g_uart.u_bridge.rx_data_q).
Adding SRST signal on $flatten\g_uart.u_bridge.$procdff$1288 ($dff) from module ulx3s_top (D = $flatten\g_uart.u_bridge.$procmux$1243_Y, Q = \g_uart.u_bridge.rx_full, rval = 1'0).
Adding EN signal on $auto$ff.cc:266:slice$1888 ($sdff) from module ulx3s_top (D = $flatten\g_uart.u_bridge.$procmux$1243_Y, Q = \g_uart.u_bridge.rx_full).
Adding SRST signal on $flatten\g_uart.u_bridge.$procdff$1286 ($dff) from module ulx3s_top (D = $flatten\g_uart.u_bridge.$procmux$1210_Y, Q = \g_uart.u_bridge.tx_data_q, rval = 8'00000000).
Adding EN signal on $auto$ff.cc:266:slice$1896 ($sdff) from module ulx3s_top (D = \g_uart.u_bridge.uo_out, Q = \g_uart.u_bridge.tx_data_q).
Adding SRST signal on $flatten\g_uart.u_bridge.$procdff$1285 ($dff) from module ulx3s_top (D = $flatten\g_uart.u_bridge.$procmux$1218_Y, Q = \g_uart.u_bridge.tx_full, rval = 1'0).
Adding EN signal on $auto$ff.cc:266:slice$1902 ($sdff) from module ulx3s_top (D = $flatten\g_uart.u_bridge.$procmux$1218_Y, Q = \g_uart.u_bridge.tx_full).

12.13.7. Executing OPT_CLEAN pass (remove unused cells and wires).
Finding unused cells or wires in module \ulx3s_top..
Removed 52 unused cells and 75 unused wires.
<suppressed ~53 debug messages>

12.13.8. Executing OPT_EXPR pass (perform const folding).
Optimizing module ulx3s_top.
<suppressed ~9 debug messages>

12.13.9. Rerunning OPT passes. (Maybe there is more to do..)

12.13.10. Executing OPT_MUXTREE pass (detect dead branches in mux trees).
Running muxtree optimizer on module \ulx3s_top..
  Creating internal representation of mux trees.
  Evaluating internal representation of mux trees.
  Analyzing evaluation results.
Removed 0 multiplexer ports.
<suppressed ~26 debug messages>

12.13.11. Executing OPT_REDUCE pass (consolidate $*mux and $reduce_* inputs).
  Optimizing cells in module \ulx3s_top.
Performed a total of 0 changes.

12.13.12. Executing OPT_MERGE pass (detect identical cells).
Finding identical cells in module `\ulx3s_top'.
<suppressed ~87 debug messages>
Removed a total of 29 cells.

12.13.13. Executing OPT_DFF pass (perform DFF optimizations).

12.13.14. Executing OPT_CLEAN pass (remove unused cells and wires).
Finding unused cells or wires in module \ulx3s_top..
Removed 0 unused cells and 29 unused wires.
<suppressed ~1 debug messages>

12.13.15. Executing OPT_EXPR pass (perform const folding).
Optimizing module ulx3s_top.

12.13.16. Rerunning OPT passes. (Maybe there is more to do..)

12.13.17. Executing OPT_MUXTREE pass (detect dead branches in mux trees).
Running muxtree optimizer on module \ulx3s_top..
  Creating internal representation of mux trees.
  Evaluating internal representation of mux trees.
  Analyzing evaluation results.
Removed 0 multiplexer ports.
<suppressed ~26 debug messages>

12.13.18. Executing OPT_REDUCE pass (consolidate $*mux and $reduce_* inputs).
  Optimizing cells in module \ulx3s_top.
Performed a total of 0 changes.

12.13.19. Executing OPT_MERGE pass (detect identical cells).
Finding identical cells in module `\ulx3s_top'.
Removed a total of 0 cells.

12.13.20. Executing OPT_DFF pass (perform DFF optimizations).

12.13.21. Executing OPT_CLEAN pass (remove unused cells and wires).
Finding unused cells or wires in module \ulx3s_top..

12.13.22. Executing OPT_EXPR pass (perform const folding).
Optimizing module ulx3s_top.

12.13.23. Finished OPT passes. (There is nothing left to do.)

12.14. Executing WREDUCE pass (reducing word size of cells).
Removed top 1 bits (of 2) from port B of cell ulx3s_top.$auto$opt_dff.cc:195:make_patterns_logic$1729 ($ne).
Removed top 1 bits (of 2) from port B of cell ulx3s_top.$auto$opt_dff.cc:195:make_patterns_logic$1876 ($ne).
Removed top 1 bits (of 2) from port B of cell ulx3s_top.$auto$opt_dff.cc:195:make_patterns_logic$1874 ($ne).
Removed top 1 bits (of 2) from port B of cell ulx3s_top.$auto$opt_dff.cc:195:make_patterns_logic$1872 ($ne).
Removed top 1 bits (of 2) from port B of cell ulx3s_top.$auto$opt_dff.cc:195:make_patterns_logic$1839 ($ne).
Removed top 1 bits (of 2) from port B of cell ulx3s_top.$auto$opt_dff.cc:195:make_patterns_logic$1837 ($ne).
Removed top 120 bits (of 128) from mux cell ulx3s_top.$flatten\g_uart.u_bridge.\asic.\datapath_seed.\multiplier.\impl.$ternary$../../asic_core/rtl/gf2n_mul_bitstream.sv:66$299 ($mux).
Removed top 1 bits (of 2) from port B of cell ulx3s_top.$auto$opt_dff.cc:195:make_patterns_logic$1761 ($ne).
Removed top 1 bits (of 2) from port B of cell ulx3s_top.$auto$opt_dff.cc:195:make_patterns_logic$1765 ($ne).
Removed top 2 bits (of 4) from port B of cell ulx3s_top.$auto$opt_dff.cc:195:make_patterns_logic$1767 ($ne).
Removed top 7 bits (of 8) from mux cell ulx3s_top.$flatten\g_uart.u_bridge.\asic.\datapath_seed.$procmux$782 ($mux).
Removed top 3 bits (of 4) from port B of cell ulx3s_top.$flatten\g_uart.u_bridge.\asic.\datapath_seed.$procmux$758_CMP0 ($eq).
Removed top 2 bits (of 4) from port B of cell ulx3s_top.$flatten\g_uart.u_bridge.\asic.\datapath_seed.$procmux$757_CMP0 ($eq).
Removed top 4 bits (of 8) from mux cell ulx3s_top.$flatten\g_uart.u_bridge.\asic.\datapath_seed.$procmux$755 ($pmux).
Removed top 7 bits (of 8) from port B of cell ulx3s_top.$flatten\g_uart.u_bridge.\asic.\datapath_seed.$procmux$713_CMP0 ($eq).
Removed top 6 bits (of 8) from port B of cell ulx3s_top.$flatten\g_uart.u_bridge.\asic.\datapath_seed.$procmux$712_CMP0 ($eq).
Removed top 6 bits (of 8) from port B of cell ulx3s_top.$flatten\g_uart.u_bridge.\asic.\datapath_seed.$procmux$711_CMP0 ($eq).
Removed top 5 bits (of 8) from port B of cell ulx3s_top.$flatten\g_uart.u_bridge.\asic.\datapath_seed.$procmux$710_CMP0 ($eq).
Removed top 1 bits (of 8) from port B of cell ulx3s_top.$flatten\g_uart.u_bridge.\asic.\datapath_seed.$procmux$709_CMP0 ($eq).
Removed top 1 bits (of 8) from port B of cell ulx3s_top.$flatten\g_uart.u_bridge.\asic.\datapath_seed.$procmux$708_CMP0 ($eq).
Removed top 2 bits (of 4) from port B of cell ulx3s_top.$flatten\g_uart.u_bridge.\asic.\datapath_seed.$eq$../../asic_core/rtl/leanvm_b_stream_alu.sv:333$152 ($eq).
Removed top 1 bits (of 3) from port B of cell ulx3s_top.$auto$opt_dff.cc:195:make_patterns_logic$1819 ($ne).
Removed top 1 bits (of 3) from port B of cell ulx3s_top.$auto$opt_dff.cc:195:make_patterns_logic$1831 ($ne).
Removed top 11 bits (of 16) from port B of cell ulx3s_top.$flatten\g_uart.u_bridge.\utx.$eq$uart_tx.sv:40$201 ($eq).
Removed top 11 bits (of 16) from port B of cell ulx3s_top.$flatten\g_uart.u_bridge.\urx.$eq$uart_rx.sv:54$226 ($eq).
Removed top 28 bits (of 32) from port B of cell ulx3s_top.$flatten\g_uart.u_bridge.\urx.$le$uart_rx.sv:63$238 ($le).
Removed top 31 bits (of 32) from port B of cell ulx3s_top.$flatten\g_uart.u_bridge.\urx.$sub$uart_rx.sv:64$243 ($sub).
Removed top 27 bits (of 32) from port Y of cell ulx3s_top.$flatten\g_uart.u_bridge.\urx.$sub$uart_rx.sv:64$243 ($sub).
Converting cell ulx3s_top.$flatten\g_uart.u_bridge.\urx.$neg$uart_rx.sv:0$245 ($neg) from signed to unsigned.
Removed top 1 bits (of 33) from port A of cell ulx3s_top.$flatten\g_uart.u_bridge.\urx.$neg$uart_rx.sv:0$245 ($neg).
Removed top 6 bits (of 7) from port B of cell ulx3s_top.$flatten\g_uart.u_bridge.\asic.\datapath_seed.$eq$../../asic_core/rtl/leanvm_b_stream_alu.sv:83$89 ($eq).
Removed top 1 bits (of 8) from port B of cell ulx3s_top.$flatten\g_uart.u_bridge.$eq$uart_bridge.sv:84$7 ($eq).
Removed top 4 bits (of 8) from wire ulx3s_top.$flatten\g_uart.u_bridge.\asic.\datapath_seed.$2\status_byte$func$../../asic_core/rtl/leanvm_b_stream_alu.sv:186$88.$result[7:0]$105.
Removed top 7 bits (of 8) from wire ulx3s_top.$flatten\g_uart.u_bridge.\asic.\datapath_seed.$2\tx_data[7:0].
Removed top 120 bits (of 128) from wire ulx3s_top.$flatten\g_uart.u_bridge.\asic.\datapath_seed.\multiplier.\impl.$ternary$../../asic_core/rtl/gf2n_mul_bitstream.sv:66$299_Y.
Removed top 1 bits (of 33) from wire ulx3s_top.$flatten\g_uart.u_bridge.\urx.$sub$uart_rx.sv:0$244_Y.

12.15. Executing PEEPOPT pass (run peephole optimizers).

12.16. Executing OPT_CLEAN pass (remove unused cells and wires).
Finding unused cells or wires in module \ulx3s_top..
Removed 0 unused cells and 4 unused wires.
<suppressed ~1 debug messages>

12.17. Executing SHARE pass (SAT-based resource sharing).

12.18. Executing TECHMAP pass (map to technology primitives).

12.18.1. Executing Verilog-2005 frontend: /usr/bin/../share/yosys/cmp2lut.v
Parsing Verilog input from `/usr/bin/../share/yosys/cmp2lut.v' to AST representation.
Generating RTLIL representation for module `\_90_lut_cmp_'.
Successfully finished Verilog frontend.

12.18.2. Continuing TECHMAP pass.
Using template $paramod$8de9ae31f210b773e84137e37ebdc8a9cec5484d\_90_lut_cmp_ for cells of type $le.
No more expansions possible.
<suppressed ~36 debug messages>

12.19. Executing OPT_EXPR pass (perform const folding).
Optimizing module ulx3s_top.

12.20. Executing OPT_CLEAN pass (remove unused cells and wires).
Finding unused cells or wires in module \ulx3s_top..
Removed 0 unused cells and 3 unused wires.
<suppressed ~1 debug messages>

12.21. Executing TECHMAP pass (map to technology primitives).

12.21.1. Executing Verilog-2005 frontend: /usr/bin/../share/yosys/mul2dsp.v
Parsing Verilog input from `/usr/bin/../share/yosys/mul2dsp.v' to AST representation.
Generating RTLIL representation for module `\_80_mul'.
Generating RTLIL representation for module `\_90_soft_mul'.
Successfully finished Verilog frontend.

12.21.2. Executing Verilog-2005 frontend: /usr/bin/../share/yosys/ecp5/dsp_map.v
Parsing Verilog input from `/usr/bin/../share/yosys/ecp5/dsp_map.v' to AST representation.
Generating RTLIL representation for module `\$__MUL18X18'.
Successfully finished Verilog frontend.

12.21.3. Continuing TECHMAP pass.
No more expansions possible.
<suppressed ~5 debug messages>

12.22. Executing ALUMACC pass (create $alu and $macc cells).
Extracting $alu and $macc cells in module ulx3s_top:
  creating $macc model for $add$ulx3s_top.sv:33$2 ($add).
  creating $macc model for $flatten\g_uart.u_bridge.\asic.\datapath_seed.$add$../../asic_core/rtl/leanvm_b_stream_alu.sv:262$138 ($add).
  creating $macc model for $flatten\g_uart.u_bridge.\urx.$add$uart_rx.sv:61$237 ($add).
  creating $macc model for $flatten\g_uart.u_bridge.\urx.$add$uart_rx.sv:77$256 ($add).
  creating $macc model for $flatten\g_uart.u_bridge.\urx.$neg$uart_rx.sv:0$245 ($neg).
  creating $macc model for $flatten\g_uart.u_bridge.\urx.$sub$uart_rx.sv:64$243 ($sub).
  creating $macc model for $flatten\g_uart.u_bridge.\utx.$add$uart_tx.sv:55$203 ($add).
  creating $macc model for $flatten\g_uart.u_bridge.\utx.$add$uart_tx.sv:58$204 ($add).
  creating $alu model for $macc $flatten\g_uart.u_bridge.\utx.$add$uart_tx.sv:58$204.
  creating $alu model for $macc $flatten\g_uart.u_bridge.\utx.$add$uart_tx.sv:55$203.
  creating $alu model for $macc $flatten\g_uart.u_bridge.\urx.$sub$uart_rx.sv:64$243.
  creating $alu model for $macc $flatten\g_uart.u_bridge.\urx.$neg$uart_rx.sv:0$245.
  creating $alu model for $macc $flatten\g_uart.u_bridge.\urx.$add$uart_rx.sv:77$256.
  creating $alu model for $macc $flatten\g_uart.u_bridge.\urx.$add$uart_rx.sv:61$237.
  creating $alu model for $macc $flatten\g_uart.u_bridge.\asic.\datapath_seed.$add$../../asic_core/rtl/leanvm_b_stream_alu.sv:262$138.
  creating $alu model for $macc $add$ulx3s_top.sv:33$2.
  creating $alu cell for $add$ulx3s_top.sv:33$2: $auto$alumacc.cc:485:replace_alu$1917
  creating $alu cell for $flatten\g_uart.u_bridge.\asic.\datapath_seed.$add$../../asic_core/rtl/leanvm_b_stream_alu.sv:262$138: $auto$alumacc.cc:485:replace_alu$1920
  creating $alu cell for $flatten\g_uart.u_bridge.\urx.$add$uart_rx.sv:61$237: $auto$alumacc.cc:485:replace_alu$1923
  creating $alu cell for $flatten\g_uart.u_bridge.\urx.$add$uart_rx.sv:77$256: $auto$alumacc.cc:485:replace_alu$1926
  creating $alu cell for $flatten\g_uart.u_bridge.\urx.$neg$uart_rx.sv:0$245: $auto$alumacc.cc:485:replace_alu$1929
  creating $alu cell for $flatten\g_uart.u_bridge.\urx.$sub$uart_rx.sv:64$243: $auto$alumacc.cc:485:replace_alu$1932
  creating $alu cell for $flatten\g_uart.u_bridge.\utx.$add$uart_tx.sv:55$203: $auto$alumacc.cc:485:replace_alu$1935
  creating $alu cell for $flatten\g_uart.u_bridge.\utx.$add$uart_tx.sv:58$204: $auto$alumacc.cc:485:replace_alu$1938
  created 8 $alu and 0 $macc cells.

12.23. Executing OPT pass (performing simple optimizations).

12.23.1. Executing OPT_EXPR pass (perform const folding).
Optimizing module ulx3s_top.

12.23.2. Executing OPT_MERGE pass (detect identical cells).
Finding identical cells in module `\ulx3s_top'.
Removed a total of 0 cells.

12.23.3. Executing OPT_MUXTREE pass (detect dead branches in mux trees).
Running muxtree optimizer on module \ulx3s_top..
  Creating internal representation of mux trees.
  Evaluating internal representation of mux trees.
  Analyzing evaluation results.
Removed 0 multiplexer ports.
<suppressed ~26 debug messages>

12.23.4. Executing OPT_REDUCE pass (consolidate $*mux and $reduce_* inputs).
  Optimizing cells in module \ulx3s_top.
Performed a total of 0 changes.

12.23.5. Executing OPT_MERGE pass (detect identical cells).
Finding identical cells in module `\ulx3s_top'.
Removed a total of 0 cells.

12.23.6. Executing OPT_DFF pass (perform DFF optimizations).

12.23.7. Executing OPT_CLEAN pass (remove unused cells and wires).
Finding unused cells or wires in module \ulx3s_top..

12.23.8. Executing OPT_EXPR pass (perform const folding).
Optimizing module ulx3s_top.

12.23.9. Finished OPT passes. (There is nothing left to do.)

12.24. Executing MEMORY pass.

12.24.1. Executing OPT_MEM pass (optimize memories).
Performed a total of 0 transformations.

12.24.2. Executing OPT_MEM_PRIORITY pass (removing unnecessary memory write priority relations).
Performed a total of 0 transformations.

12.24.3. Executing OPT_MEM_FEEDBACK pass (finding memory read-to-write feedback paths).

12.24.4. Executing MEMORY_BMUX2ROM pass (converting muxes to ROMs).

12.24.5. Executing MEMORY_DFF pass (merging $dff cells to $memrd).

12.24.6. Executing OPT_CLEAN pass (remove unused cells and wires).
Finding unused cells or wires in module \ulx3s_top..

12.24.7. Executing MEMORY_SHARE pass (consolidating $memrd/$memwr cells).

12.24.8. Executing OPT_MEM_WIDEN pass (optimize memories where all ports are wide).
Performed a total of 0 transformations.

12.24.9. Executing OPT_CLEAN pass (remove unused cells and wires).
Finding unused cells or wires in module \ulx3s_top..

12.24.10. Executing MEMORY_COLLECT pass (generating $mem cells).

12.25. Executing OPT_CLEAN pass (remove unused cells and wires).
Finding unused cells or wires in module \ulx3s_top..

12.26. Executing MEMORY_LIBMAP pass (mapping memories to cells).

12.27. Executing TECHMAP pass (map to technology primitives).

12.27.1. Executing Verilog-2005 frontend: /usr/bin/../share/yosys/ecp5/lutrams_map.v
Parsing Verilog input from `/usr/bin/../share/yosys/ecp5/lutrams_map.v' to AST representation.
Generating RTLIL representation for module `\$__TRELLIS_DPR16X4_'.
Successfully finished Verilog frontend.

12.27.2. Executing Verilog-2005 frontend: /usr/bin/../share/yosys/ecp5/brams_map.v
Parsing Verilog input from `/usr/bin/../share/yosys/ecp5/brams_map.v' to AST representation.
Generating RTLIL representation for module `\$__ECP5_DP16KD_'.
Generating RTLIL representation for module `\$__ECP5_PDPW16KD_'.
Successfully finished Verilog frontend.

12.27.3. Continuing TECHMAP pass.
No more expansions possible.
<suppressed ~5 debug messages>

12.28. Executing OPT pass (performing simple optimizations).

12.28.1. Executing OPT_EXPR pass (perform const folding).
Optimizing module ulx3s_top.
<suppressed ~50 debug messages>

12.28.2. Executing OPT_MERGE pass (detect identical cells).
Finding identical cells in module `\ulx3s_top'.
Removed a total of 0 cells.

12.28.3. Executing OPT_DFF pass (perform DFF optimizations).

12.28.4. Executing OPT_CLEAN pass (remove unused cells and wires).
Finding unused cells or wires in module \ulx3s_top..
Removed 0 unused cells and 37 unused wires.
<suppressed ~1 debug messages>

12.28.5. Finished fast OPT passes.

12.29. Executing MEMORY_MAP pass (converting memories to logic and flip-flops).

12.30. Executing OPT pass (performing simple optimizations).

12.30.1. Executing OPT_EXPR pass (perform const folding).
Optimizing module ulx3s_top.

12.30.2. Executing OPT_MERGE pass (detect identical cells).
Finding identical cells in module `\ulx3s_top'.
Removed a total of 0 cells.

12.30.3. Executing OPT_MUXTREE pass (detect dead branches in mux trees).
Running muxtree optimizer on module \ulx3s_top..
  Creating internal representation of mux trees.
  Evaluating internal representation of mux trees.
  Analyzing evaluation results.
Removed 0 multiplexer ports.
<suppressed ~24 debug messages>

12.30.4. Executing OPT_REDUCE pass (consolidate $*mux and $reduce_* inputs).
  Optimizing cells in module \ulx3s_top.
    New ctrl vector for $pmux cell $flatten\g_uart.u_bridge.\asic.\datapath_seed.$procmux$606: { $auto$opt_reduce.cc:134:opt_pmux$2077 $auto$opt_reduce.cc:134:opt_pmux$2075 }
    Consolidated identical input bits for $pmux cell $flatten\g_uart.u_bridge.\asic.\datapath_seed.$procmux$755:
      Old ports: A=4'0000, B=12'000111111000, Y=$auto$wreduce.cc:461:run$1910 [3:0]
      New ports: A=3'000, B=9'001111100, Y={ $auto$wreduce.cc:461:run$1910 [3] $auto$wreduce.cc:461:run$1910 [1:0] }
      New connections: $auto$wreduce.cc:461:run$1910 [2] = $auto$wreduce.cc:461:run$1910 [1]
    Consolidated identical input bits for $mux cell $flatten\g_uart.u_bridge.\asic.\datapath_seed.\multiplier.\impl.$ternary$../../asic_core/rtl/gf2n_mul_bitstream.sv:66$299:
      Old ports: A=8'00000000, B=8'10000111, Y={ $auto$wreduce.cc:461:run$1912 [7:1] $auto$opt_expr.cc:205:group_cell_inputs$2073 [120] }
      New ports: A=1'0, B=1'1, Y=$auto$opt_expr.cc:205:group_cell_inputs$2073 [120]
      New connections: $auto$wreduce.cc:461:run$1912 [7:1] = { $auto$opt_expr.cc:205:group_cell_inputs$2073 [120] 4'0000 $auto$opt_expr.cc:205:group_cell_inputs$2073 [120] $auto$opt_expr.cc:205:group_cell_inputs$2073 [120] }
    New input vector for $reduce_or cell $auto$opt_reduce.cc:128:opt_pmux$2074: { \g_uart.u_bridge.asic.datapath_seed.state [9] \g_uart.u_bridge.asic.datapath_seed.state [7] \g_uart.u_bridge.asic.datapath_seed.state [3:1] }
  Optimizing cells in module \ulx3s_top.
Performed a total of 4 changes.

12.30.5. Executing OPT_MERGE pass (detect identical cells).
Finding identical cells in module `\ulx3s_top'.
Removed a total of 0 cells.

12.30.6. Executing OPT_DFF pass (perform DFF optimizations).

12.30.7. Executing OPT_CLEAN pass (remove unused cells and wires).
Finding unused cells or wires in module \ulx3s_top..
Removed 0 unused cells and 1 unused wires.
<suppressed ~1 debug messages>

12.30.8. Executing OPT_EXPR pass (perform const folding).
Optimizing module ulx3s_top.
<suppressed ~5 debug messages>

12.30.9. Rerunning OPT passes. (Maybe there is more to do..)

12.30.10. Executing OPT_MUXTREE pass (detect dead branches in mux trees).
Running muxtree optimizer on module \ulx3s_top..
  Creating internal representation of mux trees.
  Evaluating internal representation of mux trees.
  Analyzing evaluation results.
Removed 0 multiplexer ports.
<suppressed ~24 debug messages>

12.30.11. Executing OPT_REDUCE pass (consolidate $*mux and $reduce_* inputs).
  Optimizing cells in module \ulx3s_top.
Performed a total of 0 changes.

12.30.12. Executing OPT_MERGE pass (detect identical cells).
Finding identical cells in module `\ulx3s_top'.
Removed a total of 0 cells.

12.30.13. Executing OPT_DFF pass (perform DFF optimizations).

12.30.14. Executing OPT_CLEAN pass (remove unused cells and wires).
Finding unused cells or wires in module \ulx3s_top..
Removed 0 unused cells and 2 unused wires.
<suppressed ~1 debug messages>

12.30.15. Executing OPT_EXPR pass (perform const folding).
Optimizing module ulx3s_top.

12.30.16. Rerunning OPT passes. (Maybe there is more to do..)

12.30.17. Executing OPT_MUXTREE pass (detect dead branches in mux trees).
Running muxtree optimizer on module \ulx3s_top..
  Creating internal representation of mux trees.
  Evaluating internal representation of mux trees.
  Analyzing evaluation results.
Removed 0 multiplexer ports.
<suppressed ~24 debug messages>

12.30.18. Executing OPT_REDUCE pass (consolidate $*mux and $reduce_* inputs).
  Optimizing cells in module \ulx3s_top.
Performed a total of 0 changes.

12.30.19. Executing OPT_MERGE pass (detect identical cells).
Finding identical cells in module `\ulx3s_top'.
Removed a total of 0 cells.

12.30.20. Executing OPT_DFF pass (perform DFF optimizations).

12.30.21. Executing OPT_CLEAN pass (remove unused cells and wires).
Finding unused cells or wires in module \ulx3s_top..

12.30.22. Executing OPT_EXPR pass (perform const folding).
Optimizing module ulx3s_top.

12.30.23. Finished OPT passes. (There is nothing left to do.)

12.31. Executing TECHMAP pass (map to technology primitives).

12.31.1. Executing Verilog-2005 frontend: /usr/bin/../share/yosys/techmap.v
Parsing Verilog input from `/usr/bin/../share/yosys/techmap.v' to AST representation.
Generating RTLIL representation for module `\_90_simplemap_bool_ops'.
Generating RTLIL representation for module `\_90_simplemap_reduce_ops'.
Generating RTLIL representation for module `\_90_simplemap_logic_ops'.
Generating RTLIL representation for module `\_90_simplemap_compare_ops'.
Generating RTLIL representation for module `\_90_simplemap_various'.
Generating RTLIL representation for module `\_90_simplemap_registers'.
Generating RTLIL representation for module `\_90_shift_ops_shr_shl_sshl_sshr'.
Generating RTLIL representation for module `\_90_shift_shiftx'.
Generating RTLIL representation for module `\_90_fa'.
Generating RTLIL representation for module `\_90_lcu'.
Generating RTLIL representation for module `\_90_alu'.
Generating RTLIL representation for module `\_90_macc'.
Generating RTLIL representation for module `\_90_alumacc'.
Generating RTLIL representation for module `\$__div_mod_u'.
Generating RTLIL representation for module `\$__div_mod_trunc'.
Generating RTLIL representation for module `\_90_div'.
Generating RTLIL representation for module `\_90_mod'.
Generating RTLIL representation for module `\$__div_mod_floor'.
Generating RTLIL representation for module `\_90_divfloor'.
Generating RTLIL representation for module `\_90_modfloor'.
Generating RTLIL representation for module `\_90_pow'.
Generating RTLIL representation for module `\_90_pmux'.
Generating RTLIL representation for module `\_90_demux'.
Generating RTLIL representation for module `\_90_lut'.
Successfully finished Verilog frontend.

12.31.2. Executing Verilog-2005 frontend: /usr/bin/../share/yosys/ecp5/arith_map.v
Parsing Verilog input from `/usr/bin/../share/yosys/ecp5/arith_map.v' to AST representation.
Generating RTLIL representation for module `\_80_ecp5_alu'.
Successfully finished Verilog frontend.

12.31.3. Continuing TECHMAP pass.
Using template $paramod$32a7b7b86c07519b7537abc18e96f0331f97914d\_90_alu for cells of type $alu.
Using extmapper simplemap for cells of type $not.
Using extmapper simplemap for cells of type $dff.
Using extmapper simplemap for cells of type $and.
Using extmapper simplemap for cells of type $ne.
Using extmapper simplemap for cells of type $eq.
Using extmapper simplemap for cells of type $reduce_or.
Using extmapper simplemap for cells of type $reduce_and.
Using extmapper simplemap for cells of type $sdff.
Using extmapper simplemap for cells of type $xor.
Using extmapper simplemap for cells of type $reduce_bool.
Using extmapper simplemap for cells of type $lut.
Using template $paramod$79aa992f2eb7f354d4aaf651790713cf239111fa\_80_ecp5_alu for cells of type $alu.
Using extmapper simplemap for cells of type $sdffe.
Using extmapper simplemap for cells of type $mux.
Using template $paramod$85df5dc01c7df96a7d8e5f1fdf76ce9ac452af63\_90_pmux for cells of type $pmux.
Using template $paramod$e830d104b5de63a966ae948f6aff012e63986700\_90_pmux for cells of type $pmux.
Using template $paramod$d629d85c8826a74239b9178d1930215a43b0ceb0\_90_pmux for cells of type $pmux.
Using template $paramod$c5c783b17ab1d780abfad8cfe6563a0a7b47a3b0\_90_pmux for cells of type $pmux.
Using extmapper simplemap for cells of type $logic_not.
Using template $paramod$bf2533632d512eac76dd186c0da49367e29b8e98\_90_pmux for cells of type $pmux.
Using template $paramod$b3b6ac92d800c6f07aa48f510f923d86a674e5a7\_90_pmux for cells of type $pmux.
Using template $paramod$231afaec00e6fad0c71d9f677e0405124d548ad2\_90_pmux for cells of type $pmux.
Using extmapper simplemap for cells of type $logic_or.
Using extmapper simplemap for cells of type $logic_and.
Using template $paramod$2af30114e9bd4ccb04dad757b3f0a8f6bf0615b0\_80_ecp5_alu for cells of type $alu.
Using template $paramod$dde52db7035cb02b3cc5e73865788532339e3bcb\_80_ecp5_alu for cells of type $alu.
Using template $paramod$99501223b6f7e5af250351eeb57edb5403a5ad0b\_80_ecp5_alu for cells of type $alu.
Using template $paramod$constmap:51fb3526f3621c6ba109a6fa670766d42e57f474$paramod$3a55d5cb0043d442f8310a0b82c3ba1d6d3f1032\_90_shift_shiftx for cells of type $shift.
Analyzing pattern of constant bits for this cell:
Creating constmapped module `$paramod$constmap:92b06b5a8b86d5cecb92c0600747e371f589a4a3$paramod$3a55d5cb0043d442f8310a0b82c3ba1d6d3f1032\_90_shift_shiftx'.

12.31.34. Executing OPT_MUXTREE pass (detect dead branches in mux trees).
Running muxtree optimizer on module $paramod$constmap:92b06b5a8b86d5cecb92c0600747e371f589a4a3$paramod$3a55d5cb0043d442f8310a0b82c3ba1d6d3f1032\_90_shift_shiftx..
  Creating internal representation of mux trees.
  Evaluating internal representation of mux trees.
  Analyzing evaluation results.
    dead port 2/2 on $mux $procmux$4547.
    dead port 2/2 on $mux $procmux$4541.
    dead port 2/2 on $mux $procmux$4535.
    dead port 2/2 on $mux $procmux$4529.
Removed 4 multiplexer ports.
<suppressed ~698 debug messages>

12.31.35. Executing OPT_EXPR pass (perform const folding).
Optimizing module $paramod$constmap:92b06b5a8b86d5cecb92c0600747e371f589a4a3$paramod$3a55d5cb0043d442f8310a0b82c3ba1d6d3f1032\_90_shift_shiftx.
<suppressed ~30 debug messages>
Removed 0 unused cells and 9 unused wires.
Using template $paramod$constmap:92b06b5a8b86d5cecb92c0600747e371f589a4a3$paramod$3a55d5cb0043d442f8310a0b82c3ba1d6d3f1032\_90_shift_shiftx for cells of type $shift.
Using extmapper simplemap for cells of type $or.
Using extmapper simplemap for cells of type $pos.
Using template $paramod\_90_lcu\WIDTH=32'00000000000000000000000000000100 for cells of type $lcu.
No more expansions possible.
<suppressed ~625 debug messages>

12.32. Executing OPT pass (performing simple optimizations).

12.32.1. Executing OPT_EXPR pass (perform const folding).
Optimizing module ulx3s_top.
<suppressed ~1013 debug messages>

12.32.2. Executing OPT_MERGE pass (detect identical cells).
Finding identical cells in module `\ulx3s_top'.
<suppressed ~666 debug messages>
Removed a total of 222 cells.

12.32.3. Executing OPT_DFF pass (perform DFF optimizations).

12.32.4. Executing OPT_CLEAN pass (remove unused cells and wires).
Finding unused cells or wires in module \ulx3s_top..
Removed 128 unused cells and 950 unused wires.
<suppressed ~129 debug messages>

12.32.5. Finished fast OPT passes.

12.33. Executing OPT_CLEAN pass (remove unused cells and wires).
Finding unused cells or wires in module \ulx3s_top..

12.34. Executing DFFLEGALIZE pass (convert FFs to types supported by the target).

12.35. Executing TECHMAP pass (map to technology primitives).

12.35.1. Executing Verilog-2005 frontend: /usr/bin/../share/yosys/ecp5/cells_map.v
Parsing Verilog input from `/usr/bin/../share/yosys/ecp5/cells_map.v' to AST representation.
Generating RTLIL representation for module `\$_DFF_N_'.
Generating RTLIL representation for module `\$_DFF_P_'.
Generating RTLIL representation for module `\$_DFFE_NN_'.
Generating RTLIL representation for module `\$_DFFE_PN_'.
Generating RTLIL representation for module `\$_DFFE_NP_'.
Generating RTLIL representation for module `\$_DFFE_PP_'.
Generating RTLIL representation for module `\$_DFF_NP0_'.
Generating RTLIL representation for module `\$_DFF_NP1_'.
Generating RTLIL representation for module `\$_DFF_PP0_'.
Generating RTLIL representation for module `\$_DFF_PP1_'.
Generating RTLIL representation for module `\$_SDFF_NP0_'.
Generating RTLIL representation for module `\$_SDFF_NP1_'.
Generating RTLIL representation for module `\$_SDFF_PP0_'.
Generating RTLIL representation for module `\$_SDFF_PP1_'.
Generating RTLIL representation for module `\$_DFFE_NP0P_'.
Generating RTLIL representation for module `\$_DFFE_NP1P_'.
Generating RTLIL representation for module `\$_DFFE_PP0P_'.
Generating RTLIL representation for module `\$_DFFE_PP1P_'.
Generating RTLIL representation for module `\$_DFFE_NP0N_'.
Generating RTLIL representation for module `\$_DFFE_NP1N_'.
Generating RTLIL representation for module `\$_DFFE_PP0N_'.
Generating RTLIL representation for module `\$_DFFE_PP1N_'.
Generating RTLIL representation for module `\$_SDFFE_NP0P_'.
Generating RTLIL representation for module `\$_SDFFE_NP1P_'.
Generating RTLIL representation for module `\$_SDFFE_PP0P_'.
Generating RTLIL representation for module `\$_SDFFE_PP1P_'.
Generating RTLIL representation for module `\$_SDFFE_NP0N_'.
Generating RTLIL representation for module `\$_SDFFE_NP1N_'.
Generating RTLIL representation for module `\$_SDFFE_PP0N_'.
Generating RTLIL representation for module `\$_SDFFE_PP1N_'.
Generating RTLIL representation for module `\$_ALDFF_NP_'.
Generating RTLIL representation for module `\$_ALDFF_PP_'.
Generating RTLIL representation for module `\$_ALDFFE_NPN_'.
Generating RTLIL representation for module `\$_ALDFFE_NPP_'.
Generating RTLIL representation for module `\$_ALDFFE_PPN_'.
Generating RTLIL representation for module `\$_ALDFFE_PPP_'.
Generating RTLIL representation for module `\FD1P3AX'.
Generating RTLIL representation for module `\FD1P3AY'.
Generating RTLIL representation for module `\FD1P3BX'.
Generating RTLIL representation for module `\FD1P3DX'.
Generating RTLIL representation for module `\FD1P3IX'.
Generating RTLIL representation for module `\FD1P3JX'.
Generating RTLIL representation for module `\FD1S3AX'.
Generating RTLIL representation for module `\FD1S3AY'.
Generating RTLIL representation for module `\FD1S3BX'.
Generating RTLIL representation for module `\FD1S3DX'.
Generating RTLIL representation for module `\FD1S3IX'.
Generating RTLIL representation for module `\FD1S3JX'.
Generating RTLIL representation for module `\IFS1P3BX'.
Generating RTLIL representation for module `\IFS1P3DX'.
Generating RTLIL representation for module `\IFS1P3IX'.
Generating RTLIL representation for module `\IFS1P3JX'.
Generating RTLIL representation for module `\OFS1P3BX'.
Generating RTLIL representation for module `\OFS1P3DX'.
Generating RTLIL representation for module `\OFS1P3IX'.
Generating RTLIL representation for module `\OFS1P3JX'.
Generating RTLIL representation for module `\IB'.
Generating RTLIL representation for module `\IBPU'.
Generating RTLIL representation for module `\IBPD'.
Generating RTLIL representation for module `\OB'.
Generating RTLIL representation for module `\OBZ'.
Generating RTLIL representation for module `\OBZPU'.
Generating RTLIL representation for module `\OBZPD'.
Generating RTLIL representation for module `\OBCO'.
Generating RTLIL representation for module `\BB'.
Generating RTLIL representation for module `\BBPU'.
Generating RTLIL representation for module `\BBPD'.
Generating RTLIL representation for module `\ILVDS'.
Generating RTLIL representation for module `\OLVDS'.
Successfully finished Verilog frontend.

12.35.2. Continuing TECHMAP pass.
Using template $paramod\$_DFF_P_\_TECHMAP_WIREINIT_Q_=1'x for cells of type $_DFF_P_.
Using template \$_SDFFE_PP1P_ for cells of type $_SDFFE_PP1P_.
Using template \$_SDFFE_PP0P_ for cells of type $_SDFFE_PP0P_.
Using template $paramod\$_DFF_P_\_TECHMAP_WIREINIT_Q_=1'0 for cells of type $_DFF_P_.
Using template \$_SDFF_PP1_ for cells of type $_SDFF_PP1_.
Using template \$_SDFF_PP0_ for cells of type $_SDFF_PP0_.
Using template \$_SDFFE_PP1N_ for cells of type $_SDFFE_PP1N_.
No more expansions possible.
<suppressed ~495 debug messages>

12.36. Executing OPT_EXPR pass (perform const folding).
Optimizing module ulx3s_top.

12.37. Executing SIMPLEMAP pass (map simple cells to gate primitives).

12.38. Executing LATTICE_GSR pass (implement FF init values).
Handling GSR in ulx3s_top.

12.39. Executing ATTRMVCP pass (move or copy attributes).

12.40. Executing OPT_CLEAN pass (remove unused cells and wires).
Finding unused cells or wires in module \ulx3s_top..
Removed 0 unused cells and 2317 unused wires.
<suppressed ~1 debug messages>

12.41. Executing TECHMAP pass (map to technology primitives).

12.41.1. Executing Verilog-2005 frontend: /usr/bin/../share/yosys/ecp5/latches_map.v
Parsing Verilog input from `/usr/bin/../share/yosys/ecp5/latches_map.v' to AST representation.
Generating RTLIL representation for module `\$_DLATCH_N_'.
Generating RTLIL representation for module `\$_DLATCH_P_'.
Successfully finished Verilog frontend.

12.41.2. Continuing TECHMAP pass.
No more expansions possible.
<suppressed ~4 debug messages>

12.42. Executing ABC pass (technology mapping using ABC).

12.42.1. Extracting gate netlist of module `\ulx3s_top' to `<abc-temp-dir>/input.blif'..
Extracted 1524 gates and 1960 wires to a netlist network with 434 inputs and 454 outputs.

12.42.1.1. Executing ABC.
Running ABC command: "<yosys-exe-dir>/yosys-abc" -s -f <abc-temp-dir>/abc.script 2>&1
ABC: ABC command line: "source <abc-temp-dir>/abc.script".
ABC: 
ABC: + read_blif <abc-temp-dir>/input.blif 
ABC: + read_lut <abc-temp-dir>/lutdefs.txt 
ABC: + strash 
ABC: + &get -n 
ABC: + &fraig -x 
ABC: + &put 
ABC: + scorr 
ABC: Warning: The network is combinational (run "fraig" or "fraig_sweep").
ABC: + dc2 
ABC: + dretime 
ABC: + strash 
ABC: + dch -f 
ABC: + if 
ABC: + mfs2 
ABC: + dress <abc-temp-dir>/input.blif 
ABC: Total number of equiv classes                =     413.
ABC: Participating nodes from both networks       =    1032.
ABC: Participating nodes from the first network   =     495. (  71.95 % of nodes)
ABC: Participating nodes from the second network  =     537. (  78.05 % of nodes)
ABC: Node pairs (any polarity)                    =     495. (  71.95 % of names can be moved)
ABC: Node pairs (same polarity)                   =     474. (  68.90 % of names can be moved)
ABC: Total runtime =     0.05 sec
ABC: + write_blif <abc-temp-dir>/output.blif 

12.42.1.2. Re-integrating ABC results.
ABC RESULTS:              $lut cells:      687
ABC RESULTS:        internal signals:     1072
ABC RESULTS:           input signals:      434
ABC RESULTS:          output signals:      454
Removing temp directory.
Removed 0 unused cells and 1020 unused wires.

12.43. Executing TECHMAP pass (map to technology primitives).

12.43.1. Executing Verilog-2005 frontend: /usr/bin/../share/yosys/ecp5/cells_map.v
Parsing Verilog input from `/usr/bin/../share/yosys/ecp5/cells_map.v' to AST representation.
Generating RTLIL representation for module `\$_DFF_N_'.
Generating RTLIL representation for module `\$_DFF_P_'.
Generating RTLIL representation for module `\$_DFFE_NN_'.
Generating RTLIL representation for module `\$_DFFE_PN_'.
Generating RTLIL representation for module `\$_DFFE_NP_'.
Generating RTLIL representation for module `\$_DFFE_PP_'.
Generating RTLIL representation for module `\$_DFF_NP0_'.
Generating RTLIL representation for module `\$_DFF_NP1_'.
Generating RTLIL representation for module `\$_DFF_PP0_'.
Generating RTLIL representation for module `\$_DFF_PP1_'.
Generating RTLIL representation for module `\$_SDFF_NP0_'.
Generating RTLIL representation for module `\$_SDFF_NP1_'.
Generating RTLIL representation for module `\$_SDFF_PP0_'.
Generating RTLIL representation for module `\$_SDFF_PP1_'.
Generating RTLIL representation for module `\$_DFFE_NP0P_'.
Generating RTLIL representation for module `\$_DFFE_NP1P_'.
Generating RTLIL representation for module `\$_DFFE_PP0P_'.
Generating RTLIL representation for module `\$_DFFE_PP1P_'.
Generating RTLIL representation for module `\$_DFFE_NP0N_'.
Generating RTLIL representation for module `\$_DFFE_NP1N_'.
Generating RTLIL representation for module `\$_DFFE_PP0N_'.
Generating RTLIL representation for module `\$_DFFE_PP1N_'.
Generating RTLIL representation for module `\$_SDFFE_NP0P_'.
Generating RTLIL representation for module `\$_SDFFE_NP1P_'.
Generating RTLIL representation for module `\$_SDFFE_PP0P_'.
Generating RTLIL representation for module `\$_SDFFE_PP1P_'.
Generating RTLIL representation for module `\$_SDFFE_NP0N_'.
Generating RTLIL representation for module `\$_SDFFE_NP1N_'.
Generating RTLIL representation for module `\$_SDFFE_PP0N_'.
Generating RTLIL representation for module `\$_SDFFE_PP1N_'.
Generating RTLIL representation for module `\$_ALDFF_NP_'.
Generating RTLIL representation for module `\$_ALDFF_PP_'.
Generating RTLIL representation for module `\$_ALDFFE_NPN_'.
Generating RTLIL representation for module `\$_ALDFFE_NPP_'.
Generating RTLIL representation for module `\$_ALDFFE_PPN_'.
Generating RTLIL representation for module `\$_ALDFFE_PPP_'.
Generating RTLIL representation for module `\FD1P3AX'.
Generating RTLIL representation for module `\FD1P3AY'.
Generating RTLIL representation for module `\FD1P3BX'.
Generating RTLIL representation for module `\FD1P3DX'.
Generating RTLIL representation for module `\FD1P3IX'.
Generating RTLIL representation for module `\FD1P3JX'.
Generating RTLIL representation for module `\FD1S3AX'.
Generating RTLIL representation for module `\FD1S3AY'.
Generating RTLIL representation for module `\FD1S3BX'.
Generating RTLIL representation for module `\FD1S3DX'.
Generating RTLIL representation for module `\FD1S3IX'.
Generating RTLIL representation for module `\FD1S3JX'.
Generating RTLIL representation for module `\IFS1P3BX'.
Generating RTLIL representation for module `\IFS1P3DX'.
Generating RTLIL representation for module `\IFS1P3IX'.
Generating RTLIL representation for module `\IFS1P3JX'.
Generating RTLIL representation for module `\OFS1P3BX'.
Generating RTLIL representation for module `\OFS1P3DX'.
Generating RTLIL representation for module `\OFS1P3IX'.
Generating RTLIL representation for module `\OFS1P3JX'.
Generating RTLIL representation for module `\IB'.
Generating RTLIL representation for module `\IBPU'.
Generating RTLIL representation for module `\IBPD'.
Generating RTLIL representation for module `\OB'.
Generating RTLIL representation for module `\OBZ'.
Generating RTLIL representation for module `\OBZPU'.
Generating RTLIL representation for module `\OBZPD'.
Generating RTLIL representation for module `\OBCO'.
Generating RTLIL representation for module `\BB'.
Generating RTLIL representation for module `\BBPU'.
Generating RTLIL representation for module `\BBPD'.
Generating RTLIL representation for module `\ILVDS'.
Generating RTLIL representation for module `\OLVDS'.
Generating RTLIL representation for module `\$lut'.
Successfully finished Verilog frontend.

12.43.2. Continuing TECHMAP pass.
Using template $paramod$658b9ed803f0d3d335616d3858b53e0a2522f1e8\$lut for cells of type $lut.
Using template $paramod$272652f6c6fbe9a75eff76e45cc7e2788835518b\$lut for cells of type $lut.
Using template $paramod$a15fd389a2f54cb7b94707b25934d226e68d9e2e\$lut for cells of type $lut.
Using template $paramod\$lut\WIDTH=32'00000000000000000000000000000011\LUT=8'01000000 for cells of type $lut.
Using template $paramod$12879138d1e376f344e47ea40be66b776233be75\$lut for cells of type $lut.
Using template $paramod$987ba47d9f22b1c8fde8a2d7a2abff4be5df6ab8\$lut for cells of type $lut.
Using template $paramod$608f40069c27841a5b3bdf03643a34bdc8974072\$lut for cells of type $lut.
Using template $paramod$c2c7fe860c90cfc70af61d39029863cfb8b6f377\$lut for cells of type $lut.
Using template $paramod\$lut\WIDTH=32'00000000000000000000000000000011\LUT=8'11111000 for cells of type $lut.
Using template $paramod$6d6beead1425af15cf78b27fd9b11b41b5d4bce8\$lut for cells of type $lut.
Using template $paramod$571404c0889eaf57f492cb5e37f8acb5df5852f9\$lut for cells of type $lut.
Using template $paramod\$lut\WIDTH=32'00000000000000000000000000000011\LUT=8'10000000 for cells of type $lut.
Using template $paramod\$lut\WIDTH=32'00000000000000000000000000000011\LUT=8'00010000 for cells of type $lut.
Using template $paramod\$lut\WIDTH=32'00000000000000000000000000000010\LUT=4'0001 for cells of type $lut.
Using template $paramod$52cd8df19c5f49306007047e0f5abd5eb4100a91\$lut for cells of type $lut.
Using template $paramod\$lut\WIDTH=32'00000000000000000000000000000010\LUT=4'1011 for cells of type $lut.
Using template $paramod\$lut\WIDTH=32'00000000000000000000000000000010\LUT=4'0100 for cells of type $lut.
Using template $paramod\$lut\WIDTH=32'00000000000000000000000000000011\LUT=8'00000001 for cells of type $lut.
Using template $paramod$b297295e19b03521716155b85537bbe86d6a9ae6\$lut for cells of type $lut.
Using template $paramod$b4f15f202f50520dbc381cd0880ac94f830f05a8\$lut for cells of type $lut.
Using template $paramod$94ac66a11090dca84889e55fcf03297912a5b7ec\$lut for cells of type $lut.
Using template $paramod$41326ad8644342a66dfb051d050f2b6fbf15015b\$lut for cells of type $lut.
Using template $paramod$6e238df02989b317f10820a22773676e71120644\$lut for cells of type $lut.
Using template $paramod$11ec7271d8e6e5aeaace08c13e4c601f10e31038\$lut for cells of type $lut.
Using template $paramod$5a621b016c894274d07edef48c49b401a15fd796\$lut for cells of type $lut.
Using template $paramod$522f5119df1aa6bd000ed70359644f05f49e05fc\$lut for cells of type $lut.
Using template $paramod\$lut\WIDTH=32'00000000000000000000000000000010\LUT=4'1000 for cells of type $lut.
Using template $paramod$a7bd353d45ccaa6325665766574a21b07181ca6a\$lut for cells of type $lut.
Using template $paramod$5c32c59025c0b98f20e63f249d83e7ebb4b085e3\$lut for cells of type $lut.
Using template $paramod$3e895991b845b8c620b8c9e0068c52e372d1fbc1\$lut for cells of type $lut.
Using template $paramod$200337237619ba4c0bed9a492562f1d1b57fb569\$lut for cells of type $lut.
Using template $paramod\$lut\WIDTH=32'00000000000000000000000000000011\LUT=8'01010011 for cells of type $lut.
Using template $paramod$d53578aacfd93124244778d88be0e90eb09c1b1b\$lut for cells of type $lut.
Using template $paramod$d2845ee2da121e591069744d16cf238f53bde61d\$lut for cells of type $lut.
Using template $paramod\$lut\WIDTH=32'00000000000000000000000000000001\LUT=2'01 for cells of type $lut.
Using template $paramod$df196ed0a1da5c4a58c5e08a1dac304fd3fccaab\$lut for cells of type $lut.
Using template $paramod$fce0a6e6799d8aac1c4723053e0a68719201d1b6\$lut for cells of type $lut.
Using template $paramod$f3e1547c4b47e64c590e75cf09078b2507c8cc75\$lut for cells of type $lut.
Using template $paramod$d0d95dc0b4dc8850d8d0443f2ae3f17c80d542b4\$lut for cells of type $lut.
Using template $paramod$e94afd183fcbde4c849d3e6c314d64883b2488d5\$lut for cells of type $lut.
Using template $paramod$4e5e23136131135366f9dbe47f1d34c6e2e83166\$lut for cells of type $lut.
Using template $paramod$2f1f206e63267115fcaedc93034f025334319032\$lut for cells of type $lut.
Using template $paramod$b84a4deb0174f5fec594a73d4bc11e19671f47b9\$lut for cells of type $lut.
Using template $paramod\$lut\WIDTH=32'00000000000000000000000000000011\LUT=8'10101100 for cells of type $lut.
Using template $paramod\$lut\WIDTH=32'00000000000000000000000000000010\LUT=4'1110 for cells of type $lut.
Using template $paramod$57cf7fbf84518d9e7604ec42b59ba9511e1f3caf\$lut for cells of type $lut.
Using template $paramod$ac0bc5d4f1e6dcfd192559e5535468fd2bd6a006\$lut for cells of type $lut.
Using template $paramod$332a399730bfc61adea04021a76b1c4e4030f37d\$lut for cells of type $lut.
Using template $paramod$e0243994676ec0d5f6e5b91011536634d0c7c641\$lut for cells of type $lut.
Using template $paramod\$lut\WIDTH=32'00000000000000000000000000000011\LUT=8'11000101 for cells of type $lut.
Using template $paramod$b25d0c5265e08014b089841492255effb5cdb8ab\$lut for cells of type $lut.
Using template $paramod$c6386220a7a54c5098c7b9e80f8ba5bc42999efa\$lut for cells of type $lut.
Using template $paramod$6b0849254d6c87461fb93e37cc18f089f61eb912\$lut for cells of type $lut.
Using template $paramod$70584433677bebb1f97d6827c9ba85513c8c682b\$lut for cells of type $lut.
Using template $paramod$82b4a585d1edcb5c6e755dc9bd3392228a1c1304\$lut for cells of type $lut.
Using template $paramod$eba7de026ff587370e320127e266317dae097a89\$lut for cells of type $lut.
Using template $paramod$ed806735d2197b40122c7ff0eca4aefeb6334c63\$lut for cells of type $lut.
Using template $paramod$1e85638df3738ceee271197a7526b228b39e55cd\$lut for cells of type $lut.
Using template $paramod$7bb6a37e65823eeb4b38c370fec30ab082759a14\$lut for cells of type $lut.
Using template $paramod$aff3a645bb9f572421a4f0f49cf8987ceb4bcdc5\$lut for cells of type $lut.
Using template $paramod$798c407062c363131877015db48aaebac206e220\$lut for cells of type $lut.
Using template $paramod$53ce561f80f32d4298a3beadc88b6c5c78293221\$lut for cells of type $lut.
Using template $paramod\$lut\WIDTH=32'00000000000000000000000000000011\LUT=8'10001111 for cells of type $lut.
Using template $paramod\$lut\WIDTH=32'00000000000000000000000000000011\LUT=8'00010100 for cells of type $lut.
Using template $paramod$47e218289bad460f7cb07f0b7bc436800f16e49c\$lut for cells of type $lut.
Using template $paramod$ecf9cac817e9cbb222dc9e58a122faf05f34c860\$lut for cells of type $lut.
Using template $paramod$774861bf9b1885d60265e6ddea1c95a32f095489\$lut for cells of type $lut.
Using template $paramod$30e1ac1183d91190b531bad571bf822d64fb1abf\$lut for cells of type $lut.
Using template $paramod$d1ad07a4a7e5b1f5bffec30717e93ce9af39d517\$lut for cells of type $lut.
Using template $paramod$7db80a93c7c798c00e91ddd3fe6394daec80a6c1\$lut for cells of type $lut.
Using template $paramod\$lut\WIDTH=32'00000000000000000000000000000011\LUT=8'00000111 for cells of type $lut.
Using template $paramod$32a3d70b163a2fa94378820a8693c5dceaab6e5e\$lut for cells of type $lut.
Using template $paramod$88d62cf3f14e49fc5a963ae5f62b54c9ee5dfb69\$lut for cells of type $lut.
Using template $paramod$94d86303a5ab6c2be14b18d403d3db684b8d85d1\$lut for cells of type $lut.
Using template $paramod$51307cdec77060d17363ea3d60427c9afef1ddc2\$lut for cells of type $lut.
Using template $paramod\$lut\WIDTH=32'00000000000000000000000000000011\LUT=8'01001111 for cells of type $lut.
Using template $paramod$7d3cbfc289ec00e0691f33de08826f2254fca668\$lut for cells of type $lut.
Using template $paramod$97e449d15b607612c49291044eca4e2c8b59088e\$lut for cells of type $lut.
Using template $paramod\$lut\WIDTH=32'00000000000000000000000000000011\LUT=8'01100000 for cells of type $lut.
Using template $paramod$cd05f04889088c47a0a5abae8c2d644fd314805e\$lut for cells of type $lut.
Using template $paramod$989ad3ab3c78e954cd686b99cd7e96afbca8cafd\$lut for cells of type $lut.
Using template $paramod$7f88ae8b0ca78f7b736f446522956805c49fb79f\$lut for cells of type $lut.
Using template $paramod\$lut\WIDTH=32'00000000000000000000000000000011\LUT=8'10111111 for cells of type $lut.
No more expansions possible.
<suppressed ~1838 debug messages>

12.44. Executing OPT_LUT_INS pass (discard unused LUT inputs).
Optimizing LUTs in ulx3s_top.
  Optimizing lut $abc$7132$auto$blifparse.cc:525:parse_blif$7723.genblk1.genblk1.genblk1.genblk1.genblk1.genblk1.lut2 (4 -> 0)
  Optimizing lut $abc$7132$auto$blifparse.cc:525:parse_blif$7730.genblk1.genblk1.genblk1.genblk1.genblk1.genblk1.lut2 (4 -> 0)
  Optimizing lut $abc$7132$auto$blifparse.cc:525:parse_blif$7726.genblk1.genblk1.genblk1.genblk1.genblk1.genblk1.lut2 (4 -> 0)
  Optimizing lut $abc$7132$auto$blifparse.cc:525:parse_blif$7727.genblk1.genblk1.genblk1.genblk1.genblk1.genblk1.lut2 (4 -> 0)
  Optimizing lut $abc$7132$auto$blifparse.cc:525:parse_blif$7732.genblk1.genblk1.genblk1.genblk1.genblk1.genblk1.lut2 (4 -> 0)
  Optimizing lut $abc$7132$auto$blifparse.cc:525:parse_blif$7733.genblk1.genblk1.genblk1.genblk1.genblk1.genblk1.lut2 (4 -> 0)
  Optimizing lut $abc$7132$auto$blifparse.cc:525:parse_blif$7712.genblk1.genblk1.genblk1.genblk1.genblk1.genblk1.lut2 (4 -> 3)
  Optimizing lut $abc$7132$auto$blifparse.cc:525:parse_blif$7138.genblk1.genblk1.genblk1.genblk1.genblk1.genblk1.lut2 (4 -> 3)
  Optimizing lut $abc$7132$auto$blifparse.cc:525:parse_blif$7156.genblk1.genblk1.genblk1.genblk1.genblk1.genblk1.lut2 (4 -> 0)
  Optimizing lut $abc$7132$auto$blifparse.cc:525:parse_blif$7156.genblk1.genblk1.genblk1.genblk1.genblk1.genblk1.lut3 (4 -> 0)
  Optimizing lut $abc$7132$auto$blifparse.cc:525:parse_blif$7227.genblk1.genblk1.genblk1.genblk1.genblk1.genblk1.lut3 (4 -> 2)
  Optimizing lut $abc$7132$auto$blifparse.cc:525:parse_blif$7190.genblk1.genblk1.genblk1.genblk1.genblk1.genblk1.lut3 (4 -> 0)
  Optimizing lut $abc$7132$auto$blifparse.cc:525:parse_blif$7175.genblk1.genblk1.genblk1.genblk1.genblk1.genblk1.lut3 (4 -> 0)
  Optimizing lut $abc$7132$auto$blifparse.cc:525:parse_blif$7175.genblk1.genblk1.genblk1.genblk1.genblk1.genblk1.lut1 (4 -> 0)
  Optimizing lut $abc$7132$auto$blifparse.cc:525:parse_blif$7138.genblk1.genblk1.genblk1.genblk1.genblk1.genblk1.lut0 (4 -> 0)
  Optimizing lut $abc$7132$auto$blifparse.cc:525:parse_blif$7156.genblk1.genblk1.genblk1.genblk1.genblk1.genblk1.lut1 (4 -> 0)
  Optimizing lut $abc$7132$auto$blifparse.cc:525:parse_blif$7150.genblk1.genblk1.genblk1.genblk1.genblk1.lut0 (4 -> 0)
  Optimizing lut $abc$7132$auto$blifparse.cc:525:parse_blif$7159.genblk1.genblk1.genblk1.genblk1.genblk1.lut0 (4 -> 0)
  Optimizing lut $abc$7132$auto$blifparse.cc:525:parse_blif$7192.genblk1.genblk1.genblk1.genblk1.genblk1.lut1 (4 -> 0)
  Optimizing lut $abc$7132$auto$blifparse.cc:525:parse_blif$7149.genblk1.genblk1.genblk1.genblk1.genblk1.lut1 (4 -> 0)
  Optimizing lut $abc$7132$auto$blifparse.cc:525:parse_blif$7162.genblk1.genblk1.genblk1.genblk1.genblk1.lut1 (4 -> 0)
  Optimizing lut $abc$7132$auto$blifparse.cc:525:parse_blif$7175.genblk1.genblk1.genblk1.genblk1.genblk1.genblk1.lut0 (4 -> 0)
  Optimizing lut $abc$7132$auto$blifparse.cc:525:parse_blif$7190.genblk1.genblk1.genblk1.genblk1.genblk1.genblk1.lut0 (4 -> 0)
  Optimizing lut $abc$7132$auto$blifparse.cc:525:parse_blif$7179.genblk1.genblk1.genblk1.genblk1.genblk1.lut1 (4 -> 0)
  Optimizing lut $abc$7132$auto$blifparse.cc:525:parse_blif$7202.genblk1.genblk1.genblk1.genblk1.genblk1.lut0 (4 -> 0)
  Optimizing lut $abc$7132$auto$blifparse.cc:525:parse_blif$7190.genblk1.genblk1.genblk1.genblk1.genblk1.genblk1.lut1 (4 -> 0)
  Optimizing lut $abc$7132$auto$blifparse.cc:525:parse_blif$7212.genblk1.genblk1.genblk1.genblk1.genblk1.lut0 (4 -> 2)
  Optimizing lut $abc$7132$auto$blifparse.cc:525:parse_blif$7215.genblk1.genblk1.genblk1.genblk1.genblk1.lut0 (4 -> 2)
  Optimizing lut $abc$7132$auto$blifparse.cc:525:parse_blif$7221.genblk1.genblk1.genblk1.genblk1.genblk1.lut0 (4 -> 3)
  Optimizing lut $abc$7132$auto$blifparse.cc:525:parse_blif$7222.genblk1.genblk1.genblk1.genblk1.genblk1.lut0 (4 -> 2)
  Optimizing lut $abc$7132$auto$blifparse.cc:525:parse_blif$7227.genblk1.genblk1.genblk1.genblk1.genblk1.genblk1.lut0 (4 -> 2)
  Optimizing lut $abc$7132$auto$blifparse.cc:525:parse_blif$7227.genblk1.genblk1.genblk1.genblk1.genblk1.genblk1.lut1 (4 -> 2)
  Optimizing lut $abc$7132$auto$blifparse.cc:525:parse_blif$7644.genblk1.genblk1.genblk1.genblk1.genblk1.lut0 (4 -> 0)
  Optimizing lut $abc$7132$auto$blifparse.cc:525:parse_blif$7662.genblk1.genblk1.genblk1.genblk1.genblk1.lut0 (4 -> 0)
  Optimizing lut $abc$7132$auto$blifparse.cc:525:parse_blif$7670.genblk1.genblk1.genblk1.genblk1.genblk1.lut1 (4 -> 0)
  Optimizing lut $abc$7132$auto$blifparse.cc:525:parse_blif$7676.genblk1.genblk1.genblk1.genblk1.genblk1.lut0 (4 -> 3)
  Optimizing lut $abc$7132$auto$blifparse.cc:525:parse_blif$7678.genblk1.genblk1.genblk1.genblk1.genblk1.lut0 (4 -> 3)
  Optimizing lut $abc$7132$auto$blifparse.cc:525:parse_blif$7680.genblk1.genblk1.genblk1.genblk1.genblk1.lut0 (4 -> 3)
  Optimizing lut $abc$7132$auto$blifparse.cc:525:parse_blif$7722.genblk1.genblk1.genblk1.genblk1.genblk1.lut1 (4 -> 0)
  Optimizing lut $abc$7132$auto$blifparse.cc:525:parse_blif$7712.genblk1.genblk1.genblk1.genblk1.genblk1.genblk1.lut1 (4 -> 3)
  Optimizing lut $abc$7132$auto$blifparse.cc:525:parse_blif$7719.genblk1.genblk1.genblk1.genblk1.genblk1.lut1 (4 -> 3)
  Optimizing lut $abc$7132$auto$blifparse.cc:525:parse_blif$7712.genblk1.genblk1.genblk1.genblk1.genblk1.genblk1.lut0 (4 -> 3)
  Optimizing lut $abc$7132$auto$blifparse.cc:525:parse_blif$7719.genblk1.genblk1.genblk1.genblk1.genblk1.lut0 (4 -> 3)
  Optimizing lut $abc$7132$auto$blifparse.cc:525:parse_blif$7723.genblk1.genblk1.genblk1.genblk1.genblk1.genblk1.lut0 (4 -> 0)
  Optimizing lut $abc$7132$auto$blifparse.cc:525:parse_blif$7724.genblk1.genblk1.genblk1.genblk1.genblk1.lut0 (4 -> 0)
  Optimizing lut $abc$7132$auto$blifparse.cc:525:parse_blif$7726.genblk1.genblk1.genblk1.genblk1.genblk1.genblk1.lut0 (4 -> 0)
  Optimizing lut $abc$7132$auto$blifparse.cc:525:parse_blif$7727.genblk1.genblk1.genblk1.genblk1.genblk1.genblk1.lut0 (4 -> 0)
  Optimizing lut $abc$7132$auto$blifparse.cc:525:parse_blif$7730.genblk1.genblk1.genblk1.genblk1.genblk1.genblk1.lut0 (4 -> 0)
  Optimizing lut $abc$7132$auto$blifparse.cc:525:parse_blif$7732.genblk1.genblk1.genblk1.genblk1.genblk1.genblk1.lut0 (4 -> 0)
  Optimizing lut $abc$7132$auto$blifparse.cc:525:parse_blif$7733.genblk1.genblk1.genblk1.genblk1.genblk1.genblk1.lut0 (4 -> 0)
  Optimizing lut $abc$7132$auto$blifparse.cc:525:parse_blif$7138.genblk1.genblk1.genblk1.genblk1.genblk1.genblk1.lut1 (4 -> 1)
  Optimizing lut $abc$7132$auto$blifparse.cc:525:parse_blif$7219.genblk1.genblk1.genblk1.genblk1.genblk1.lut1 (4 -> 0)
  Optimizing lut $abc$7132$auto$blifparse.cc:525:parse_blif$7667.genblk1.genblk1.genblk1.genblk1.genblk1.lut1 (4 -> 0)
Removed 0 unused cells and 1423 unused wires.

12.45. Executing AUTONAME pass.
Renamed 10375 objects in module ulx3s_top (51 iterations).
<suppressed ~2016 debug messages>

12.46. Executing HIERARCHY pass (managing design hierarchy).

12.46.1. Analyzing design hierarchy..
Top module:  \ulx3s_top

12.46.2. Analyzing design hierarchy..
Top module:  \ulx3s_top
Removed 0 unused modules.

12.47. Printing statistics.

=== ulx3s_top ===

   Number of wires:                841
   Number of wire bits:           2169
   Number of public wires:         841
   Number of public wire bits:    2169
   Number of memories:               0
   Number of memory bits:            0
   Number of processes:              0
   Number of cells:               1259
     CCU2C                          48
     L6MUX21                        12
     LUT4                          748
     PFUMX                          49
     TRELLIS_FF                    402

12.48. Executing CHECK pass (checking for obvious problems).
Checking module ulx3s_top...
Found and reported 0 problems.

13. Executing JSON backend.

End of script. Logfile hash: e3c9f68a9f, CPU: user 2.05s system 0.03s, MEM: 52.77 MB peak
Yosys 0.33 (git sha1 2584903a060)
Time spent: 15% 1x abc (0 sec), 14% 26x opt_expr (0 sec), ...
